cliente_id,churn_real,churn_prob,segmento_enc,meses_cliente,qtd_produtos,retorno_12m_pct,freq_contato_mes,saldo_bi,engajamento_score,retorno_relativo,flag_risco,intensidade_rel,dias_desde_ultimo_contato,variacao_freq_contato_3m,tempo_resposta_medio_horas,sem_historico_12m,cliente_novo_sem_contato_hist
CLI00000,1,0.7909,0.4396012662483879,-0.05643355323833043,-0.09952719968375544,-0.022337251260293876,0.02459703116085872,0.15086541778091406,-0.019722221927102348,-0.03967078544548048,-2.5176245964135975e-05,0.01980252104884645,1.436311490770186,1.524561045201033,-0.04308236104484407,-0.003428441669405678,0.0
CLI00001,0,0.0278,-0.7768706138760062,0.29389277087788207,-0.02763002329149195,0.07493134934048222,0.06801856003936746,-0.1621921785743446,-0.577687298584206,0.08341253357188512,-5.666925426289552e-05,0.07862498613062009,-0.18536755972771823,-0.32121840431949555,-0.11669943572444243,-0.00574804462822889,0.0
CLI00002,0,0.0229,-0.6137751247603556,-0.1566785889228034,-0.02658734417838568,0.03388942468398855,0.06262664252940593,0.27486410937599054,0.22884119860110802,0.015696223553451967,-5.666925426289552e-05,0.23120934434979043,-1.5616602336265375,-0.3194411693427187,0.07021330994296497,-0.011857288809295206,0.0
CLI00003,0,0.0194,0.1925017651293372,-0.003516584458993316,0.053463373455337304,-0.02827089766469272,0.01979205416669983,-0.2627552562556744,0.05346981597132507,-0.0261957717409685,-5.666925426289552e-05,0.04014174369677367,-1.8826174906758941,-0.2829184691555007,0.18747363744336626,-0.0025967649807261324,0.0
CLI00004,0,0.0456,0.3191371670247726,-0.034618163305558045,0.024380498479606574,0.07217594965363285,-0.0013291013345371025,0.03153478496132112,-0.05682853330497227,0.06075972160032836,-2.5911968853409744e-05,-0.0918747332630375,-0.6623299281034412,0.3578345928690005,-1.0755971967308582,-0.002221790506616109,0.0
CLI00005,1,0.8962,0.36794463509410474,-0.04456420164070397,0.4331275053482881,0.011754760740197963,0.024174843083000143,0.2805566000856856,0.15748763105027816,0.07896321777276609,-5.666925426289552e-05,0.16161711009258256,1.2796027957751988,0.44649177896220116,0.9422002006111454,-0.002586286891723176,0.0
CLI00006,1,0.4423,0.36546231126784295,-0.15125186170905805,0.00537100834023884,-0.008140472244815232,-0.030374160358296053,0.4185602752664769,-0.07651016012951968,-0.041349433671036176,-5.666925426289552e-05,0.21456080301481578,-0.2930168577429479,-0.03329448983464533,1.3819010643032115,-0.002607105749947643,0.0
CLI00007,0,0.1701,-0.7161943951932743,0.03239412181857442,-0.026734025604670458,-0.00949932334890112,0.09124985507703867,-0.16868980984228443,0.2968619820923843,-0.010308035039474294,-5.666925426289552e-05,-0.003775686479080027,0.5295923713243061,0.17262109259082026,0.21932861787293959,-0.010693246730596339,0.0
CLI00008,0,0.2044,0.14223473390670133,0.05492996502670485,-0.04373473921044253,0.11080135934035874,-0.005511810769899967,0.3780071744291553,-0.06370092471746781,0.15834941515458015,-5.666925426289552e-05,-0.2283978906328325,0.23638106303050166,-0.3204135883422673,0.20994503428287928,-0.006347886405280612,0.0
CLI00009,0,0.0962,-0.6520290718965972,-0.10915850473387795,0.02442113088945991,-0.0743472914632574,-0.08239565253024102,0.28523489338716596,-0.03146365609347771,-0.06066561074909242,-5.666925426289552e-05,0.03825589559381912,-0.08882417974505938,-0.27829749417558725,0.7730615541648604,-0.0029237688640935695,0.0
CLI00010,0,0.0994,0.33452586602766027,0.05387385703085119,0.01177004547297617,-0.06187787447994595,0.02319779023202216,0.3610078331506785,-0.07897065955397259,-0.004628809733123166,-5.666925426289552e-05,-0.07103809682351721,-0.8512853525885172,-0.146662359985363,0.20982058856504868,-0.0028667530602909845,0.0
CLI00011,0,0.0848,-0.7479335505571517,0.18387224018836124,-0.017912561554527605,-0.036343057275227894,-0.03503824156794316,-0.31271423257691133,0.20850085370721533,-0.025712656365306702,-5.666925426289552e-05,-0.03481144867836475,-0.11164654194784059,-0.12990189389063778,0.5302684749088709,0.13214616201088902,0.0
CLI00012,0,0.17,-0.4082449970424705,-0.0008828257867137361,0.013207453182570014,-0.044491447327090185,-0.07155046653699396,0.2739773394881274,-0.06841068032509119,-0.002892318103796591,-5.666925426289552e-05,0.23449333350496462,0.07499354540233125,-0.1316268879323426,0.5296015111045982,-0.0025366368862762014,0.0
CLI00013,0,0.0502,0.33810355976574813,0.1531137393659131,0.03531505733895033,-0.0004894069458325709,-0.03509031062302636,0.30443150388629403,0.11943483769889363,-0.025000278855832066,-5.666925426289552e-05,-0.30254572819894915,-1.9712819884007047,-0.031185821397125914,0.45975603115857544,-0.0031452367916350826,0.0
CLI00014,1,0.8283,0.5144471120234606,-0.1982969642424074,0.06459790458480545,0.12042454972389846,-0.04513997073879571,0.3816694393188748,0.018606476930361344,0.16477531784963764,-2.5176245964135975e-05,0.010211614753037817,0.7940446370346673,1.8081357476400706,-0.07643201514576423,-0.0024233609227761912,0.0
CLI00015,0,0.2096,0.33736709233759155,0.018358391876743856,0.13694740889346896,-0.014385255744874622,0.03026437011134402,-0.3454821565874911,0.020049703146127452,0.042175143777073446,-5.666925426289552e-05,-0.060653975062270396,0.08947343655188576,-0.24855268057934418,0.6510747336076107,-0.0027450212000429118,0.0
CLI00016,0,0.1079,0.3166408837154853,-0.08329393212673084,0.16066179012976411,-0.03718371995727143,-0.02751933873276017,-0.17928563810322357,0.01505544397897616,-0.040637106488056164,-5.666925426289552e-05,0.06259360983008137,0.09482975287969082,-0.2403162542501464,-0.17020809254762242,-0.001943931994398035,0.0
CLI00017,1,0.53,0.5354944833345053,0.09914839245500084,-0.04298926265151328,-0.07388398513987274,-0.0489022131430829,0.3412658466406969,-0.07818789962930453,-0.06764899677658798,-5.666925426289552e-05,0.0559529191161258,0.9225036659446533,-0.23020123280546934,0.6915465545491701,-0.0026467562006377682,0.0
CLI00018,0,0.3227,0.4164400061012076,-0.06898217794322654,-0.06435847044803576,0.06016909494968585,-0.02601399192956943,-0.05881303624471296,-0.04904874246362261,0.07231579504202441,-2.5176245964135975e-05,0.08344953173290195,0.9837334421438637,-0.35575828219895334,0.2494704170508315,-0.0027356061991952825,0.0
CLI00019,1,0.7292,0.4022206548018473,-0.033205890350951894,0.14625433457595224,0.802728584778551,-0.024056075541609642,-0.09598805267645708,0.04530059031224732,0.5553421398015329,-5.666925426289552e-05,0.21306288109650445,0.2700860004683171,-0.18457900407407324,0.8768428166180273,-0.002130870959637873,0.0
CLI00020,0,0.4842,0.5058663086706467,0.06582273721648828,-0.00435759144048218,0.013149092596430453,-0.013164173645531884,0.3719703276009086,-0.05961866747620921,-0.030178663666053745,-5.666925426289552e-05,0.03733404702003416,0.8777570454241871,-0.13560472902568246,0.2915292344426026,-0.0023057632628645268,0.0
CLI00021,0,0.0518,0.2206696396344618,-0.14252522305313442,-0.004658897345599143,-0.09750869534168394,0.016851909958436915,0.1175731044537093,-0.012040136544426995,-0.06250408442076921,-5.666925426289552e-05,0.03333810874088138,-0.49390510737545434,-0.2962509664365097,-0.20120259904017282,-0.003991952603845858,0.0
CLI00022,1,0.828,0.5010695948603257,-0.13689155690708768,-0.09494386529120116,0.10750143837889377,-0.02321021780007039,-0.15640091157711777,0.08262607144709619,0.1153954991755379,-2.5176245964135975e-05,-0.1320681734666226,1.4353519804431203,1.5946792235678793,0.2615530681051792,-0.0018528688595216463,0.0
CLI00023,1,0.7566,0.42784174495628313,0.12629124379846984,0.03730467687730723,0.038659968609730845,0.030867157890773107,0.40095853376277096,0.07317823531180083,0.002988332699230594,-5.666925426289552e-05,0.020015571655049726,0.8318293267301352,-0.1635432424578232,1.291884610245976,-0.0028135223161482453,0.0
CLI00024,0,0.0431,0.3098645472615639,0.03965881841168317,-0.030229756540609543,-0.007331379319324128,0.0042042064742536505,-0.16108832562650105,-0.07445246584799876,-0.011031886830298649,-5.666925426289552e-05,-0.23537329882079724,-0.6355065785188896,-0.3431380650234881,0.030623557657306292,-0.006039564134848082,0.0
CLI00025,0,0.0316,-0.44801707336107466,-0.010806517037019233,-0.030526896561563942,-0.03880525513709465,-0.14668746632680818,-0.1300264406165592,-0.030619109447396865,-0.049404501376222064,-5.666925426289552e-05,-0.008522563410399045,-0.09006336886845126,-0.2852765383409837,-0.16906029809608847,-0.0033778973970221764,0.0
CLI00026,0,0.0166,0.26743291655348145,-0.2070044338092582,0.018963832098209576,-0.030331007782225167,-0.03758490391504968,-0.09079390963819176,-0.02917746766636736,-0.031858739901609895,-5.666925426289552e-05,0.01958261154557528,-1.559264000200495,-0.25874743601499944,-0.1600119829828722,-0.0019214524307191855,0.0
CLI00027,0,0.0833,0.2337957360149154,-0.11300038321506883,-0.03807260100601114,-0.06373947342053461,0.06921336976116473,0.22148653574685062,-0.04654609657536256,-0.04969526413485653,-5.666925426289552e-05,-0.0012449635078699832,-0.06955577143294213,-0.3423432902063751,-0.21376240591963566,-0.003726757498739527,0.0
CLI00028,1,0.647,0.42888883560937874,0.13511747758762677,0.14678683343051252,0.035319478202361164,0.028172199430406816,0.43005702616996005,0.11797612265548114,-0.0021946123351982753,-5.666925426289552e-05,0.5447243097717185,0.07772013638977673,-0.25259762166056987,0.8999918176822004,-0.0027147869206445795,0.0
CLI00029,1,0.5605,0.4453249600093405,-0.16762128408244398,-0.05638766486845079,0.15286453475816483,0.011959264458867629,0.4382812925574205,-0.056185696707496575,0.2965973999185174,-5.666925426289552e-05,0.0444430422137011,1.0354509729265078,-0.18694144316412015,0.27033161779026765,-0.003783907678940732,0.0
CLI00030,1,0.7845,0.5392092762886032,-0.05372630137081709,-0.06181802644418712,0.04504941850497896,-0.02276836263139196,0.2242985276735014,-0.14780140739748684,0.05132977885334127,-5.666925426289552e-05,0.01245367182859845,0.8150932178564465,1.7304903583659121,0.14436224003870768,-0.0027972459823626143,0.0
CLI00031,0,0.0333,0.19202358457826008,-0.09636307872344717,-0.029674805344227954,-0.04988248641932178,-0.002204317461389869,-0.17790679020472686,-0.005504558143230765,-0.02162854683574835,-5.666925426289552e-05,-0.261095411539481,-0.6779559356636532,-0.436951649018227,0.18745575527790323,-0.006101107177748804,0.0
CLI00032,0,0.0778,0.25042999525395276,0.2679177054914341,0.06562167936598604,-0.05848496508774938,0.024134838394214063,-0.3105141680592364,0.08838502567913939,0.017746932103015527,-5.666925426289552e-05,-0.2154650860900041,-0.34032535546859605,-0.46647842548007823,0.18972336942494575,-0.004576383193274794,0.0
CLI00033,0,0.0342,-0.5252133059801243,-0.12556203120884052,-0.032703617233539074,-0.011860118219800141,0.11089838627753841,-0.2009664173262487,0.10775295309154115,-0.010666214337423728,-5.666925426289552e-05,0.09220241406827343,-0.0877049861153481,-0.36226698260804185,-0.274267990985448,-0.03879287334469339,0.0
CLI00034,0,0.049,-0.8256803967477263,0.27542108863869696,-0.12243747095276641,-0.016027344729950932,0.12861818135291372,-0.12812043041105786,0.14356676075847893,-0.006697704271087503,-5.666925426289552e-05,0.09436543220191522,-0.11178125034385741,-0.4627872736612181,-0.06745925946826117,0.11411477029455178,0.0
CLI00035,1,0.4703,-0.2015276767592541,0.48472835445548595,-0.06372503080178508,-0.028576502302078012,0.08587426195660253,-0.09002147054814973,-0.07151124023401823,-0.014410787500692848,-5.666925426289552e-05,0.10395014760078207,0.34819681175051204,0.6336135484296388,0.6821803529843347,-0.006584559199345982,0.0
CLI00036,0,0.0325,0.2659839505764311,-0.12733124868431256,-0.03545284966059361,0.013344660278270342,-0.008600481106616452,0.2300215746613512,-0.058589565106633705,0.0037513934234159984,-5.666925426289552e-05,-0.23995972411548722,-0.16615342072340916,-0.174065186134859,-1.1081004267489036,-0.005936896957842273,0.0
CLI00037,0,0.0473,0.33540250983090075,0.04638684701892854,-0.01016194488053363,-0.11303056565998955,0.01662290997116565,0.3956322776377743,0.06363880191091359,-0.1411331383649242,-2.5911968853409744e-05,-0.06544418740954576,-0.24933213971070814,-0.15565129075052678,-1.1410256171957018,-0.0026663423012609723,0.0
CLI00038,0,0.0875,-0.2576922538974577,-0.014265765861654248,0.0017834292228307233,-0.03303251753755199,0.09270827699157289,0.15863451108109536,0.0035018526774794226,-0.025374776290429002,-5.666925426289552e-05,0.10759660302059712,-0.547329094662002,0.2382210368603221,-0.0824340274707637,-0.005122902680889382,0.0
CLI00039,0,0.0191,0.2769080994244342,0.03304910757606674,0.021104605116010457,0.01369457298829405,-0.019937362515075448,-0.1982811498416161,0.010154297446689912,-0.003520268477074034,-2.5911968853409744e-05,-0.24170102596873214,-0.41132109444725956,-0.3972555204462534,-1.0330748993729106,-0.0047390978648708774,0.0
CLI00040,1,0.7497,0.4485202226732261,0.05805210012754179,0.3843026034345513,0.10529807294686122,-0.016501557358546765,0.24150821805691491,0.042031221392109575,0.0721797737698659,-5.666925426289552e-05,0.0018853074700102064,-0.17948899772634283,1.9981267708709405,-0.07580734366742202,-0.0018860491245803039,0.0
CLI00041,0,0.0589,0.28583546327767284,0.10747754393012897,0.029355930968561823,-0.004889935699510819,0.055111263558106964,-0.29710315804169074,0.10948989072056026,-0.008690219851175084,-5.666925426289552e-05,-0.1787442430991974,-0.23777140407436323,-0.50908370202887,-0.136282077486584,-0.004696427331193634,0.0
CLI00042,0,0.4186,0.4422859359381603,0.10248118202599063,-0.04215010080391337,-0.0519177822226894,-0.09124824722451716,0.34060419666915664,0.26491674852482255,-0.03776741004530685,-5.666925426289552e-05,-0.004350801654070072,0.2630786892413686,-0.25875893200562283,0.7282263292711247,-0.0026716389287342298,0.0
CLI00043,0,0.0736,-1.0117566410751022,-0.1808227697299482,-0.058136635017643,-0.09843709872216855,0.09466345122669505,0.16445325467856017,0.24551781429233593,-0.08704837413706253,-2.5176245964135975e-05,0.026467769090254827,0.71223372212592,-0.15300337080986767,-0.1629788199008102,-0.042470912396146594,0.0
CLI00044,0,0.0521,0.3931548156026373,-0.018584747140727054,-0.11166453742451525,-0.017750912020595904,-0.05113607108410169,-0.33195714133163673,-0.19119611963081912,-0.036575385655764445,-2.5911968853409744e-05,0.03222955090201008,0.5064994056701225,0.3867526663764221,-1.4780451479856327,-0.0021883375778365406,0.0
CLI00045,0,0.0528,-0.41171436438091086,0.009393805134091326,0.11133766822016264,0.03473672187938512,0.01591516319057664,-0.20336086463269923,0.0699883736751988,0.04582770707163747,-5.666925426289552e-05,0.027437299123365875,-0.18924858714359696,-0.2781206679533821,-0.13347481035562087,-0.0051718863503453,0.0
CLI00046,0,0.0307,0.23100034921691026,-0.11094915449610723,-0.04163768228038782,-0.0694745273546898,-0.03503468981836903,0.1921711051416986,-0.7546441664568968,-0.014990477493009292,-5.666925426289552e-05,-0.18987720155804033,-0.7002382294053497,-0.5275921033336926,0.5535783151494522,-0.0034518371092001174,0.0
CLI00047,0,0.2681,0.3514496201284608,-0.03528688740194321,-0.11287142800375871,-0.040964090214944196,0.024586524687742483,-0.18586942998656852,-0.08708213234190487,-0.03673480855326371,-5.666925426289552e-05,0.036156368350008926,0.7850491858126654,0.38768890087434443,-0.1053174250570258,-0.0036864383916109223,0.0
CLI00048,0,0.0951,0.07782176824641666,0.02761082363267648,0.017775843423679064,-0.09767075801797113,0.019833490210899002,-0.40239079482688195,0.043799596035205,0.047202597501735916,-5.666925426289552e-05,0.04448709113397927,0.18612204947808617,-0.3850555167947572,0.1515795927432012,-0.0024948245981171466,0.0
CLI00049,1,0.5857,0.4166752462904399,0.41711769101489005,-0.004002799207246177,-0.05635141714592805,0.03616568901213333,0.37977324182167177,-0.07308854606553075,-0.028300776874320078,-2.5176245964135975e-05,-0.10779767687718854,0.956805090013009,-0.2737493212437686,0.6126074823512584,0.051513375132629796,0.0
CLI00050,0,0.0671,-0.6256751227017714,-0.00790316181428816,-0.025944713695180678,-0.05499307399688033,0.07850078100117672,0.2040308610610544,0.04029118375167946,-0.05289559404711085,-5.666925426289552e-05,-0.19998412302986757,0.15448506426039707,-0.38368659305756336,0.2578659164949576,-0.035454493271959896,0.0
CLI00051,0,0.0462,-0.8160164371874432,-0.19525071631924076,-0.07563251093301401,-0.01899995559181617,0.09034715680839062,-0.18323459844084816,-0.0483711629286739,0.08406419921943784,-2.5176245964135975e-05,-0.02763329629971039,0.2412395221408562,-0.2784739108091873,0.1872060293304948,-0.006410949569990287,0.0
CLI00052,0,0.0653,-0.7891780089482427,-0.2842464942058633,0.0824253944949028,-0.04910285592045897,0.07975640574696087,0.1849758027014532,0.17225221214309627,-0.05548616934456338,-5.666925426289552e-05,-0.16290408258153466,-0.07105282447933345,-0.2693209703408073,0.5017730291870968,-0.01945913324389289,0.0
CLI00053,0,0.043,-0.8031086638964049,-0.06276181195610564,0.1451032751958579,-0.043410522727417904,-0.11595880191153086,-0.18501931814161213,-0.014935770091852955,-0.03904482617309988,-5.666925426289552e-05,0.31598215530753787,-0.998857341326031,0.2167745897536403,0.46963011765674245,-0.004582520260393164,0.0
CLI00054,0,0.0601,0.20745300251405294,-0.06983640290274026,-0.039262238027994514,0.079305818193173,-0.02580261866434813,-0.24666632324428422,-0.12698261290138763,0.1762007649307649,-5.666925426289552e-05,-0.008752366929034652,-0.17861423301620752,-0.34026821349658937,-0.1914930992897519,-0.0030988229978953755,0.0
CLI00055,0,0.034,-0.8712224072962557,-0.15743769033205687,-0.05766090382641198,-0.017309443979959933,0.08043766181294745,-0.14575182061703815,-0.016070813041112977,-0.047569047808839506,-5.666925426289552e-05,-0.2575774072998034,0.05293592939933399,-0.009946542425771804,0.11382374500555226,-0.031732578413143184,0.0
CLI00056,1,0.9214,0.3783054969678531,-0.03273903486805932,0.25766496054870097,0.02370093085110983,0.009571112458113245,0.050922082618861976,0.19941404784115366,0.03407316900989021,-5.666925426289552e-05,0.5645807802730842,0.005848604931093941,3.1310995599796496,-0.16889146591275303,-0.010349537976331563,0.0
CLI00057,0,0.198,0.3952752526950067,-0.08545523267001713,0.16512655000849716,-0.06243491245504445,-0.024988667334557707,-0.059772967868994685,-0.024540952707182113,-0.05379058394578776,-2.5176245964135975e-05,0.06965447441314544,0.5391638756718748,-0.4280170265267789,0.15381283204833268,-0.001909988063103512,0.0
CLI00058,1,0.8759,0.26399318951337064,-0.05529887799802096,0.40232384713939917,0.01837812015556551,0.025919593660338486,1.85275039584811,0.12151389594048845,0.03096591448617113,-2.5911968853409744e-05,0.18031609546551408,0.47511082736183285,0.748757744635204,-0.12696428408254293,-0.002424488539620127,0.0
CLI00059,0,0.0527,0.26926864705042525,-0.20621753722945807,-0.04558438463371432,-0.058513524278621984,0.01375107451852166,0.21777907345196337,-0.1211849589242689,-0.04282057016137382,-5.666925426289552e-05,0.011680902790765337,-0.19161008724415335,-0.5292422257160797,-0.22082389558653892,-0.003617263520098768,0.0
CLI00060,0,0.099,0.3095736188957211,0.006545518631884425,-0.03384079810829505,-0.007482678169812566,0.009451309575502073,-0.2755910047558439,0.05834155495528633,-0.020274408997237304,-5.666925426289552e-05,-0.19386967215068393,0.08318974439093267,-0.5042054723161249,0.34700084128028064,-0.005929674961824665,0.0
CLI00061,0,0.1316,0.27322551589542043,-0.0035717757334678556,0.011448936879220427,-0.02686070602760274,0.023432405480737432,-0.2397392748915841,0.017632394163225647,-0.013996478756136656,-5.666925426289552e-05,-0.06911852380840582,-0.323845595791119,-0.30825362055947997,0.756743407083205,-0.0024903738901607734,0.0
CLI00062,0,0.0218,-0.36547031964500676,-0.05430306923412899,0.014292775028444754,0.0017285025577023928,0.0925744463597757,0.2239950573171157,0.022588268279704067,-0.023496741534156027,-5.666925426289552e-05,0.014416371413043493,-1.5398621591574926,-0.16162642050146744,-0.040574609171973385,-0.0054202227891913925,0.0
CLI00063,1,0.5818,0.43912554127994186,-0.1492359913289988,-0.06701878078254263,0.0032117478674917187,-0.03533652422014518,-0.057250650378077673,0.27440706891857813,-0.013128812715339286,-5.666925426289552e-05,0.1889437086226749,-0.15944244323028914,1.960554054024743,-0.07149019275121345,-0.001986838222426594,0.0
CLI00064,1,0.9093,0.4472756436640666,0.18944012462460338,-0.08549646846881626,-0.027505019051953936,-0.0575716980944342,-0.35389356456086973,-0.21014983027679243,-0.029080843505730616,-2.5176245964135975e-05,0.11690570731107507,0.4427947219342262,3.463785162282981,0.3587660916572885,0.030744991246352386,0.0
CLI00065,0,0.1197,0.31181673260295467,-0.08177883874356472,0.0650980603045934,0.024685556968821496,-0.06180108527080017,-0.8491115085979506,0.0009549113000252373,0.05967494627276848,-5.666925426289552e-05,0.000467915858846315,-0.09081664487600746,-0.25827510333528825,0.8673349923763416,-0.0023955521890790567,0.0
CLI00066,0,0.1038,0.3250883700195292,-0.17495271679758861,-0.09190016321228515,-0.003804637962396512,0.02658642504219332,-0.2889947629480737,0.2709438792689283,-0.01660675743991502,-5.666925426289552e-05,-0.0069254483293705125,0.6552603859651392,-0.4850998156546574,-0.3702949884909743,-0.013726651111060714,0.0
CLI00067,1,0.7054,-0.5067721545409336,-0.014610651124027063,-0.08873488237170186,0.01727951567929629,0.09485879434042624,0.4733434018281886,0.022409929947617056,0.0015457318826872565,-2.5176245964135975e-05,0.0675689236620174,1.3651031565216787,-0.06901272380448374,1.497894782360106,-0.006600289894397669,0.0
CLI00068,0,0.0513,0.22046798664028439,-0.12012787916148658,-0.04306034946853477,0.06469801257776812,-0.006625391269023085,-0.1479112665075079,-0.041540296113266054,0.180821869491959,-5.666925426289552e-05,-0.22735979346281418,-0.2093966102558975,-0.37073197110991124,-0.22908383358111425,-0.005983269037688089,0.0
CLI00069,0,0.0136,-0.5179662991915693,-0.002445042890736198,0.0004669521088550249,-0.012501371251991671,0.06445908779408506,-0.19294267339564636,0.0037773290396945474,-0.04742649714938321,-2.5911968853409744e-05,-0.1781015903964058,0.1363137286521593,-0.2724946338074505,-1.2756903092107041,-0.008386987303029144,0.0
CLI00070,0,0.0376,-0.5161217825153495,0.13632276440291152,-0.0556939915080615,-0.07574717086470396,-0.07662128636533695,-0.598056573524633,-0.06225163212969449,-0.04413036224267771,-5.666925426289552e-05,0.2328357783463125,-2.0677504136583655,1.8487330699047482,0.02432062796931039,-0.006343804332806261,0.0
CLI00071,0,0.1751,0.38687355590022743,-0.05537236276495171,0.008655950011582151,-0.043573750763854634,-0.03511700153604885,-0.3297572199330514,-0.06185066644501079,-0.04497105749709832,-2.5176245964135975e-05,0.07526014842213098,0.9206041462929035,-0.36062136607974393,-0.0271278377173207,-0.0018826928748296235,0.0
CLI00072,0,0.0725,0.2939238856061675,-0.12300918991434051,-0.0025843171118417165,-0.0489806640201041,-0.047357318526102254,0.17929403609234854,-0.04580413760048571,-0.04523251884892886,-1.6163270081987056e-05,0.23615051234500464,0.6603250878698667,-0.27438497531020206,-1.3486534561996406,-0.001835030387158967,0.0
CLI00073,0,0.0227,-0.6944908178655962,-0.1547318763088869,-0.04667510681453085,-0.08485412397421038,-0.15039137896820046,0.20596171542101352,0.0004989787195017837,-0.01545153771127553,-5.666925426289552e-05,0.011592968774936166,0.04357525996388689,-0.5914616255743902,-0.3020372671448275,-0.002721768511403973,0.0
CLI00074,0,0.0425,-0.5860997742876957,-0.18114105884533743,-0.037714952853206064,-0.010013208708077287,0.006946562502668123,-0.2670237541827049,-0.037388506774598006,0.13339013322295118,-5.666925426289552e-05,-0.2559073596292701,0.19188348720201107,-0.26211300796471443,0.1794585151273242,-0.008606047394048112,0.0
CLI00075,0,0.0577,-0.4377620295760305,-0.02676516758858085,-0.029121708523180117,-0.053629267336577136,-0.12799103786672353,-0.18637038439993445,0.022616900363040215,-0.051586445402307085,-5.666925426289552e-05,0.23455904384503887,-0.09577361198800614,-0.29163237524254215,0.2342017514113876,-0.0028829601861870484,0.0
CLI00076,0,0.0396,-0.682893163868446,-0.02189405591752449,-0.08627482966110178,-0.03483823707839332,-0.06395171298127367,0.2335584764430427,-0.8133901078488416,0.0399803457541932,-2.5176245964135975e-05,-0.43796601301494104,0.5501802026939798,-0.5709370529433316,0.6843456317820982,-0.0029272444880251813,0.0
CLI00077,0,0.2459,0.33570358793072425,-0.031292890451524114,0.19640991489788318,-1.1885038765501725,9.913495330784937e-05,-0.5119256055300251,0.06398906684344906,-0.5598940670495169,-5.666925426289552e-05,-0.018385378706436972,0.8299385294582884,1.4041407071009808,0.34249186773840057,-0.002328809829682722,0.0
CLI00078,0,0.0741,0.253984593136627,-0.040731286113767334,-0.03809285813045199,-0.003704082022555378,0.02010740597382884,-0.20372880106907956,-0.1334612994915755,0.06249939122657343,-5.666925426289552e-05,0.030790625687970703,-0.2767157348019282,-0.1914797044084767,-0.02065500926156277,-0.00307657039060284,0.0
CLI00079,0,0.0169,0.2716461761960816,-0.033286674409073645,0.01853283979467558,-0.014746174142909333,-0.017293027625519625,-0.27284315718070423,-0.05513774129859648,-0.013264097012699217,-2.5911968853409744e-05,-0.2337881538909398,-0.4640974015861573,-0.22665899001742246,-1.0368916813488844,-0.004785671013506627,0.0
CLI00080,0,0.0156,-0.7059401744157724,0.2888446738901824,0.016173199394502687,-0.072478992663167,-0.0864988315948949,-0.0889153609968196,-0.007057529129370971,-0.05023251701631111,-5.666925426289552e-05,0.28760759333970326,-1.4212107349520866,-0.2361721450744935,-0.08193726850767083,-0.00249323402262844,0.0
CLI00081,0,0.0868,0.41926846235515997,-0.17578370925733114,-0.05820122274142559,-0.07051363574104566,-0.03078539232988607,0.022539721992959148,-0.1483928502116368,-0.049945817940481155,-1.6163270081987056e-05,-0.056237780410652624,0.5500310077444621,1.2901859782709373,-2.062350586426239,-0.001898389955148533,0.0
CLI00082,0,0.0883,0.35432326262741093,0.003703938810089348,-0.03661874183683065,0.012747652369163413,0.06213357862535913,-0.2622783117639304,0.16547375069370795,0.025285535745463165,-5.666925426289552e-05,0.04502215938190161,-0.2613366291336839,-0.6293995054679263,0.16962962358983055,-0.0021559010811134614,0.0
CLI00083,1,0.2532,0.38228677227119817,-0.08725866799285173,-0.07692795752558916,-0.0461380511431659,0.023045645568865413,-0.046950562197237825,-0.08003792460157742,-0.04023062105744813,-2.5176245964135975e-05,0.07531950160109455,1.0171051825969595,-0.35817928575588126,0.14131925714641444,-0.003715616628224852,0.0
CLI00084,0,0.0267,0.21482793124133298,-0.12532534545328905,-0.03265349158925284,-0.044529321273433085,0.012300674420010033,0.12900660887936166,-0.01461310203809186,-0.03297772958750794,-2.5911968853409744e-05,0.01230909723691383,-0.07462155580618929,-0.2862876685785637,-1.367917597433078,-0.003726757498739527,0.0
CLI00085,1,0.6558,0.2978255419038823,0.46680633110624,-0.018278516805623705,-0.03693109952416911,0.02502562790803155,0.3969003561385233,-0.032598597584438734,-0.022823743356682236,-5.666925426289552e-05,0.7660700984968148,-0.330393800978998,-0.192537169400674,1.236899546283189,0.06977256119924094,0.0
CLI00086,0,0.0149,-0.3153815311601771,0.015071804317232085,-0.025211878245498337,-0.00758916339751734,0.09002451946715255,-0.1082159741609118,0.02404350353843872,0.005238060451305937,-5.666925426289552e-05,0.04051087875027492,-1.549638092524087,-0.4708910175685914,0.09850457033758371,-0.007457474392338518,0.0
CLI00087,0,0.1103,0.4032901584120376,-0.17649817162614223,-0.04103360316568853,-0.06360423596254934,-0.03047862096267456,0.21254157026825343,-0.08771123265834772,-0.044767732943465754,-2.5911968853409744e-05,-0.10220632837235091,-0.1197909315659772,1.373840790157274,-1.428301708447924,-0.001902652140370524,0.0
CLI00088,0,0.0843,-0.4123320330677091,0.01903438509236201,-0.02966935403107271,0.026055641462614097,0.0955929061957409,-0.11005660384426463,0.023661037937266045,0.1080216140513279,-5.666925426289552e-05,0.07544716208155584,-0.13552811866742723,-0.33253102686820357,0.27417572501825027,-0.006319985361003994,0.0
CLI00089,0,0.0496,0.23484257646296886,-0.13993656158430356,-0.03917291062163254,-0.032214368024944984,-0.001254277112225918,0.21470335364791523,0.026843093246932417,-0.027014104023437936,-5.666925426289552e-05,-0.2649678684249708,-0.23381768547175927,-0.5012339231064269,-0.20292792929523998,-0.00596797867000712,0.0
CLI00090,0,0.0695,0.2963085823618402,-0.23657779880246366,0.10841229384766134,-0.019427605437029104,-0.01782177290592773,-0.26858834406695364,0.02746106077287416,0.0977547695440553,-5.666925426289552e-05,0.24348361479323682,-0.2659777494053646,-0.3727598132076469,-0.20390560642977398,-0.0019541212168322298,0.0
CLI00091,0,0.046,-0.543692747830572,-0.14104468345886712,-0.09487649470793698,-0.008546958903164327,0.08149574216219817,-0.686660517367156,-0.18596521180844638,-0.02474694496869987,-2.5176245964135975e-05,0.07788175285736482,1.192584596412692,-0.2027840305966609,-0.5082873552408261,-0.006669986683514909,0.0
CLI00092,0,0.1205,-0.39172779021190457,0.3705916521890612,0.061320250922041124,0.026067919189013283,0.027409323079863088,-0.26715717473969236,0.004938437771963541,0.024902556681036064,-5.666925426289552e-05,0.08720433802795743,0.5283578305252853,-0.21660688467068162,-0.2563241650253447,-0.0051579996134184045,0.0
CLI00093,0,0.1168,0.3310843865521559,-0.1288905605426137,-0.044544463521389015,-0.04572259150007574,-0.04813157991499318,-0.19209126680608984,0.11569817722915059,-0.040975063440452875,-5.666925426289552e-05,0.2648372680781597,0.1074592689584533,-0.1803090959807476,-0.17755544994098021,-0.002214537614607555,0.0
CLI00094,0,0.0104,-0.5262868666343465,-0.03959527091966937,0.015158190251519911,-0.05748178044345954,-0.08494693914998845,-0.7569315300084641,-0.2188344301026553,-0.05591198581992714,-5.666925426289552e-05,-0.1530290184604525,-0.2029794087826691,-0.2425594303548185,-0.24473582840393343,-0.0024110609697670033,0.0
CLI00095,1,0.701,0.38897300314165706,-0.10882151146321438,0.12583952641050025,-0.011816610323222083,0.015698507528300064,0.9493871111549788,0.3006790235498283,-0.0144400791591181,-5.666925426289552e-05,-0.19771250483114827,0.9495487627388072,-0.2967710379060565,0.7375054998100516,-0.004935794824790777,0.0
CLI00096,0,0.1565,0.3396251360222995,0.43597145478966476,-0.05965867407472684,0.008678802872770348,-0.07918300796178607,-0.09115814475362712,0.03913161156692015,0.045336098059937824,-5.666925426289552e-05,-0.15680288576343843,0.6902896572582722,-0.640140685408767,-0.23127754303506434,-0.004345307644093645,0.0
CLI00097,0,0.1633,0.35387646143819196,0.006568719274536075,-0.03487278633877415,-0.07694677942092812,0.02866387320974287,0.31221960781266256,-0.07621114642551582,0.0291774711535582,-5.666925426289552e-05,-0.028642408484540142,-0.24984743917991847,-0.1908520608637497,0.27841360540542076,-0.004046487281172469,0.0
CLI00098,1,0.9551,0.398682560776765,-0.03735530843628888,0.38741328241769885,0.08354862177248272,0.010986133148015616,0.017037933419814723,0.22491939192424112,0.048555324597382356,-5.666925426289552e-05,-0.22583858544120516,0.9959632992415242,2.8609389901862707,0.28207007598140216,-0.009190452223917426,0.0
CLI00099,0,0.0618,0.26187726694854885,-0.1186637250189399,-0.006408043428503946,-0.01584682900635853,-0.0025493099910584485,-0.8246190248290434,-0.030845931798630613,-0.03187014654418307,-5.666925426289552e-05,0.0003521795260181576,0.039146901892262255,-0.3356796271620258,0.3282882552488167,-0.0025638519327096415,0.0
CLI00100,0,0.1006,0.29044173021396696,-0.14245622793753615,-0.08375240687555109,-0.01528581248753186,-0.03194684357443722,-0.1433245472127326,-0.28489509436696325,-0.024389264027003074,-2.5176245964135975e-05,-0.210551746220664,1.1224644488661892,-0.4304956910589313,-0.24902334711345922,-0.005968318978498438,0.0
CLI00101,0,0.1343,0.321882147912785,0.008553273258384265,-0.07294826510502657,-0.03647182315678028,-0.023366614234816507,-0.0727454320464998,-0.1670025558962302,-0.03607085136320183,-5.666925426289552e-05,-0.07597903873372605,-0.27818950470418147,0.6861381740863958,-0.13361690142525715,-0.001986838222426594,0.0
CLI00102,0,0.1722,0.35617287470216125,-0.13780714036887304,-0.09847242672943948,-0.06345397004938107,-0.04111535001148045,0.05520612506296726,0.0018626916582877172,-0.06233116872650905,-2.517624596413597e-05,-0.4269061005186899,0.099859681054081,-0.3162532551001498,1.047117729689267,-0.002402431377541461,0.0
CLI00103,0,0.0215,0.20110844286561538,-0.12257989523500079,-0.02805308097970934,-0.029546155195898614,-0.003376764759156972,-0.1343857875406091,0.02315729697523087,-0.030208335136990734,-2.5911968853409744e-05,-0.021344069273754807,-0.3737170630062351,-0.24771091147515653,-1.0659991243901623,-0.0037881631413178786,0.0
CLI00104,0,0.0539,-0.6920332400828016,0.10161596961814429,-0.03094156012136591,-0.011503482028029824,0.019275007240334707,-0.3793321156551701,0.21535919820139296,0.06142594443036968,-5.666925426289552e-05,0.010699702749699813,-0.4738197085771356,-0.376942491453152,0.7102678433010131,-0.037332095999016254,0.0
CLI00105,0,0.2718,0.3972025517601317,-0.08896839593979736,-0.07914583809695812,-0.1448561019838677,-0.01501189402914733,-0.026570573628654205,-0.3463279067766314,-0.19404334487879446,-2.5176245964135975e-05,0.07880525865957193,1.2863502838457905,-0.08820814700557672,0.21875091116736767,-0.002328244654700186,0.0
CLI00106,1,0.7276,0.3920050276669723,-0.11007892182281676,0.24683607078793787,0.018117977690108315,0.02155667513454583,0.6234307997482271,0.22125035245714164,-0.016472379975187953,-5.666925426289552e-05,0.07612801962508114,0.9581599346065408,-0.3220700408252455,0.8577265306460414,-0.0029391001548897933,0.0
CLI00107,0,0.0464,-0.4573232014110837,-0.28219384599938835,-0.042259480863779744,-0.019780298409237312,0.08011890838900071,-0.215882829931721,-0.035597557891654204,-0.020176529081831585,-5.666925426289552e-05,-0.20017352200519023,0.14428602347361422,-0.31482341823524895,0.3306928468488491,-0.008837651665258479,0.0
CLI00108,0,0.0578,0.2608150387576062,-0.057897657104199036,-0.05281244039915347,-0.03140487490136068,-0.03498719046682031,-0.22791962266440535,-0.18894678193338135,-0.03853964929716915,-1.6163270081987056e-05,0.028049797189298155,0.7689921529823623,0.3828559881238355,-1.6157480633094468,-0.0024574850563581223,0.0
CLI00109,0,0.0644,0.3390926083164299,-0.23348060214926408,-0.013433718568517952,-0.02997636144757144,0.3423796557504934,-0.10256789709765951,-0.07876475597410426,-0.028576616084838823,-5.666925426289552e-05,-0.35466105420213034,-0.22009947221290216,-0.1591629551913366,-0.15315468850354258,-0.0016565017605876817,0.0
CLI00110,0,0.0298,0.32798366831964504,-0.1849616113769416,0.07693082890954481,-0.014494470431669383,-0.027263113358085,-0.3114417379855542,-0.08238466975097791,-0.04041759448240134,-2.517624596413597e-05,-0.0943387673136862,-0.06640118200640838,-0.6491571798227728,-0.43348855190127167,-0.0018493160729175643,0.0
CLI00111,1,0.8877,0.44112027282944577,-0.15160003961541663,0.07599371821601601,0.04202662823998384,0.017282321018842303,-0.4367105054663436,0.46348852292339526,0.17671472358748622,-2.5176245964135975e-05,0.21862584724134126,1.0037493419692045,1.8811768480967541,0.3269556440138384,-0.009972690156223258,0.0
CLI00112,0,0.0549,-0.9736504816527222,0.17697136261743318,-0.20428038634281478,-0.05291342492891797,0.12626658752215694,0.24633037589501153,0.04689119639947813,-0.03300491892215055,-2.5176245964135975e-05,-0.0007674976402739411,0.05985557522898706,-0.5155913622977947,0.101019228938819,0.15856802364812028,0.0
CLI00113,0,0.0898,-0.6468313181816342,0.2436359671172215,-0.03159230077968519,-0.12327427311314758,0.08042994735931464,-0.1893096071850308,-0.08535164274826237,-0.1524598346801158,-5.666925426289552e-05,-0.16284428280439578,-0.3750010681140363,0.9727160778361819,0.1419714595390373,-0.0066991447820459234,0.0
CLI00114,1,0.2586,0.2033001763704725,-0.08069212077604206,0.14443581163368752,-0.056151500451161566,0.016209596263006196,0.2327892309884534,0.2229556101403144,-0.048549776248393524,-5.666925426289552e-05,0.027253058327066777,0.2391344837465945,-0.35921380682303344,0.38915679408369935,-0.0023785018879392433,0.0
CLI00115,1,0.4137,-0.4831085653614921,0.03024087920658295,-0.06088988236895533,0.024848547946675494,0.09821622132443959,-0.21016944452410044,-0.03468807535446995,0.1577100044160624,-5.666925426289552e-05,0.10176938638799247,0.8748341146809276,-0.13190820368828624,1.272281943318439,-0.006544764458152123,0.0
CLI00116,0,0.0602,-0.6979767701112567,-0.26765161258724807,-0.01846692419067464,-0.024816086700099986,0.08712722342709657,0.07533761683919292,-0.05491645545212682,-0.021907705412992428,-2.5176245964135975e-05,0.046137922322879825,0.250977019788983,-0.35420824396417644,0.21973297765451055,-0.00525880164901306,0.0
CLI00117,0,0.0713,0.27597679308160733,-0.20231200743133282,0.012741789223627394,0.015501224537792768,0.011888339224900037,-0.27781945275048986,0.2380341400495623,0.06085730475584793,-5.666925426289552e-05,0.07916402286367659,-0.04788183287599238,-0.4190356600503765,-0.3212254250482524,-0.012115071842354577,0.0
CLI00118,1,0.423,-0.5132185400230997,0.4672535903788008,0.13170217538790233,-0.05569617785529521,0.20551325614728613,0.2789883264385115,0.03309183664213786,-0.026808036819801817,-2.5176245964135975e-05,-0.04153142129130256,0.9079178454983978,-0.21488124650859972,-0.02479605538391239,0.5232198917476836,0.0
CLI00119,0,0.0585,0.23699465417836146,-0.07369563851913527,0.015200842064887421,-0.01939666045770615,-0.02795830107971334,-0.21975666499338642,0.07649039248234313,-0.026668827637889084,-5.666925426289552e-05,-0.006562210530171789,-0.7070708116157607,-0.23167605893117366,0.18861569780439663,-0.0020622521691395293,0.0
CLI00120,0,0.0365,-0.4642336933236,-0.010606541708271532,-0.0350410553293181,-0.00502367768811712,-0.10901596645513961,0.16772264230571826,-0.13430256875334454,-0.04642821041421182,-5.666925426289552e-05,-0.013792230799082237,-0.14635574655474648,-0.2700838435200305,-0.2216499682855635,-0.0029454021439952976,0.0
CLI00121,0,0.0628,-0.9027186474729963,0.008735323564538603,-0.0026141099255937703,-0.04154725132679903,-0.10888334675498462,-0.09463672060638752,-0.03688010936486864,-0.07899586972049844,-2.5176245964135975e-05,0.05075071299473008,0.7585301210363186,-0.2982585803051126,0.02732653666303076,-0.0020243201414249772,0.0
CLI00122,0,0.0574,0.23002777994502635,-0.058503932558350256,-0.03968734638506473,-0.025702169855589586,0.020487713225990207,-0.24694030895100097,-0.050068919701961416,-0.025298915413748256,-5.666925426289552e-05,0.013698387400922435,-0.2867517447167999,-0.3229922169393816,-0.021158980147614862,-0.0036681702526899524,0.0
CLI00123,0,0.0523,0.2676262270389136,-0.060975174480662926,-0.016586683667763343,0.004893712585498858,-0.025694203693918904,-0.18206410925641153,-0.0921063947063126,0.0207926828345611,-2.5911968853409744e-05,-0.0696644446999838,-0.14946092191765437,0.9061509193008915,-1.5177363475790795,-0.0016986195031948258,0.0
CLI00124,0,0.1648,0.3675449919514479,-0.10926172700735176,0.20339345609444578,-0.03351807497915738,0.016961365846298933,-0.19677487792248538,0.12110965660465198,-0.04126511206166259,-2.5176245964135975e-05,0.02775310665115603,0.6511376326663413,-0.3111758983031599,-0.3353614084067774,-0.002466545711505018,0.0
CLI00125,1,0.6897,0.36455459065379403,-0.1339538285899554,0.37236874217979343,-0.04057540174822961,-0.023693121600610025,-0.06615785156023732,0.04453428077946046,-0.03418793643351697,-5.666925426289552e-05,0.48103994143720324,-0.15734168263261575,1.6757022814275588,0.2993329103915602,-0.001813468259026725,0.0
CLI00126,0,0.0224,-1.0095143775107422,0.36543203711055267,0.02720281363060099,-0.042811536034946446,0.460891114282944,-0.17264368223599932,-0.7499594056473469,-0.0233383973008876,-5.666925426289552e-05,-0.005110178783930841,-0.2375936758905874,-0.28355799658774217,-0.16055470769583388,0.03639968227166548,0.0
CLI00127,0,0.0126,-0.31769509713872557,-0.0019746643427308824,0.023892677610565474,-0.08193473329586241,0.091165284040049,-0.15999018837267984,-0.02132940285452863,-0.05885907419601855,-5.666925426289552e-05,0.011225465576529835,-1.5199980867624205,-0.18864407458126384,-0.15144752964083152,-0.005198383025841328,0.0
CLI00128,0,0.2502,0.43314971176999617,-0.16320207736953404,-0.03120636675323716,-0.04693279142492583,0.05805073849389655,-0.2994852712439095,-0.23884062258502697,-0.06160830627143327,-2.5176245964135975e-05,-0.7237681587546331,0.4369538787212953,1.2904852536246343,0.23153069454335604,-0.0013707953391102234,0.0
CLI00129,0,0.3308,0.3620091240561898,-0.0436370521502196,-0.08722747510927045,-0.04159948140524899,0.022457560629381344,-0.3068977359354323,-0.0644837183101355,-0.033029648411470214,-5.666925426289552e-05,0.07917933332102169,0.7381511291476307,-0.04023764480056174,0.6958853404764375,-0.003952136222969357,0.0
CLI00130,0,0.2621,0.3026428872588615,0.11005933046759406,0.2010004191051599,-0.04775273369344987,-0.025078477360652864,-0.47389254172782386,-0.0017337650896823457,-0.03884368371050119,-5.666925426289552e-05,0.017480893556653318,0.7752149939420538,-0.3407958880893194,0.4698106010363397,-0.0021576685347812095,0.0
CLI00131,0,0.2029,0.33795891878378864,0.08599577957295484,-0.033780571441000995,-0.04794293838323097,0.009980140990544796,0.3572841106844742,-0.046444298835994755,-0.03189262459096499,-5.666925426289552e-05,-0.25639986555433486,-0.1348204202466027,-0.26406005437147895,0.6436194274185846,-0.006420157449179788,0.0
CLI00132,0,0.0227,0.2730656838288968,-0.18458007010165836,0.009973798772995444,-0.03527373652830934,-0.03438891067059499,-0.19205994306577845,0.06397512860086225,-0.030909593791415294,-5.666925426289552e-05,0.09873778926134015,-1.814350616995672,0.17206096690722136,-0.10718917419438757,-0.0016807461185854087,0.0
CLI00133,1,0.9561,0.41942956062251047,0.31669607162659275,-0.04628673028797422,0.053803047175171856,0.01276636263503068,0.11930773828320866,-0.12716339940053537,0.15334237093789757,-5.666925426289552e-05,0.3546779902233357,-0.04576001015637163,3.5593183140897215,0.29640386815243486,-0.004204395023375482,0.0
CLI00134,0,0.0159,-0.7350788120866524,-0.043759651230840975,-0.04972098228155022,-0.08407697954653155,-0.11681194301029321,0.10827911253759849,-0.06810963221647671,-0.07602723900802781,-1.6163270081987056e-05,0.056014433331276696,0.5206193528058205,-0.2178721979542124,-1.4166393614423756,-0.02300042087949876,0.0
CLI00135,1,0.8554,0.43954222652792496,-0.14571594336208077,0.3868918195987182,-0.04738356647431037,-0.02230702466139736,-0.03318263182440413,0.05734791628638318,-0.04871302304693336,-5.666925426289552e-05,-0.002218661436527223,1.1759168325020952,1.3744696899550568,0.6259254797784879,-0.0018387155929480072,0.0
CLI00136,0,0.1556,0.37537529890882876,-0.09788154544400034,0.0024060198603056654,-0.03470973179673502,-0.025242247324488494,-0.11713548107045892,-0.04651994048993719,-0.04902016504964106,-5.666925426289552e-05,0.026629316018399754,0.8644017503781216,-0.411130110179288,-0.19514726893514528,-0.0019547034226845813,0.0
CLI00137,0,0.0709,-0.6386408786064455,-0.11720691526390513,0.010372185884405674,0.09776195122959795,0.020278227215710837,0.3459508705460875,-0.02675377650904459,0.03281395545080096,-5.666925426289552e-05,-0.2136158352798261,0.038104320260942105,-0.3113812930736618,0.1779730555363718,-0.007805537853626751,0.0
CLI00138,0,0.0532,0.29936210897942217,0.15043349435174463,0.011953857348402213,-0.013412402110745998,0.024351078639711848,-0.2813798884283345,-0.08373637054721407,-0.0061817149904880376,-5.666925426289552e-05,-0.25174121551566975,-0.606578203882427,-0.31701394441608743,0.18105824037065002,-0.0047390978648708774,0.0
CLI00139,0,0.0726,-0.598470238282585,0.01350805775961651,0.007827271098277392,-0.033973690880247646,-0.03137920465385704,-0.15966249682692618,0.05287032372094665,0.11679620545406344,-5.666925426289552e-05,-0.022034431848403948,-0.11466087569079973,-0.34130434871818205,0.5472931206984111,-0.0025220321619815822,0.0
CLI00140,0,0.0193,-0.81830755581896,-0.012168082795985552,-0.026336476270905036,-0.08029651162525953,-0.08826709695750655,-0.09689694758279566,-0.03140592581192988,-0.048534276153279196,-5.666925426289552e-05,-0.012455896743084137,-0.3787308904075645,-0.24477209371511513,-0.0911022152749554,-0.01864002089454386,0.0
CLI00141,0,0.0708,0.23899714968256094,0.21508471769230214,0.03290590811200096,-0.02221166020385127,0.016414787684682523,-0.2801057072074319,-0.007080413830885234,-0.026069918751175758,-5.666925426289552e-05,0.03835272876214015,-0.7060673352463958,-0.3044885046284572,0.21405413329241757,-0.0026020206193269717,0.0
CLI00142,0,0.3479,0.47357357989383636,0.07564718417196228,-0.08814510936221852,-0.0482878955297909,0.029294416981419498,-0.11686972180861292,-0.05320275874817444,0.05946815151032651,-5.666925426289552e-05,-0.033639039775162624,0.6822943143817171,-0.26368853345300886,0.6403065036524177,-0.003965385256368852,0.0
CLI00143,1,0.2708,0.35002137161002467,-0.09485694463219799,-0.011078485560205527,-0.02848449487086995,-0.05379144822126966,-0.2133462552094293,-0.007014365985805202,-0.030646356668333933,-5.666925426289552e-05,-0.11901018744305353,-0.1638200000846165,1.3799039970508282,-0.015428125770330174,-0.0017172959244798293,0.0
CLI00144,1,0.7119,0.40601481409199736,-0.1633403219158369,-0.023350436442033072,0.038143425154212686,-0.0484249333713207,0.2996642852797287,-0.0507570676898135,0.04988766004980005,-5.666925426289552e-05,0.3860424065644594,-0.00948905083447981,1.6000443629261105,0.4033803332359691,-0.0020768418793227312,0.0
CLI00145,0,0.0182,0.22754025523480656,-0.10187342291717424,-0.035429947571905526,0.017533181340530217,0.03696761197787158,0.31513612298475074,-0.7254933271823469,0.1270182526101348,-5.666925426289552e-05,-0.09324886980016832,-0.2703332891857153,-0.6342897935798365,-0.8666536665468416,-0.0022083731470980265,0.0
CLI00146,1,0.6671,0.3495740746696695,-0.03896771718679862,0.14325075527712355,0.040702489321074134,0.018824500281150427,0.4154025472177691,0.3050072987764752,0.019226440230467805,0.05049230554823991,0.445978438692069,-0.1158731199638231,-0.1198650349229138,1.1727615619497394,-0.010406296918729043,0.0
CLI00147,0,0.0091,0.18226015257930156,-0.1414153800929719,0.0515316997531511,-0.09064709103081037,-0.008551090283393282,-0.6350294152654942,0.18483160085326586,-0.06597127946124752,-5.666925426289552e-05,0.018806430193724813,-1.8184081877111056,-0.351272128246037,-0.03460709965591626,-0.0024982218550418686,0.0
CLI00148,0,0.0454,0.2137169716478936,-0.10688746065053074,-0.05207766121001068,-0.05461394011870414,-0.010452292966806722,-0.2650876811093396,0.01710100787686354,0.0646453934913036,-5.666925426289552e-05,-0.23263793280875444,0.06877967510184396,-0.4166544188793888,-0.2851435411255976,-0.005814325509181266,0.0
CLI00149,0,0.2658,0.19942827064054866,0.012094964807086299,-0.01901828664359116,-0.07267595635669244,-0.025868913739894906,0.32520054534398063,-0.07584687619055822,-0.05764928265574793,-5.666925426289552e-05,0.027783438887415513,0.03237393920399714,0.24877282788532015,0.3724532884811124,-0.0020371965899843004,0.0
CLI00150,0,0.0609,-1.0697795239711838,-0.18356197633027874,0.013797036056298319,-0.0565619082668384,0.08633218061433377,0.21346956902696182,-0.021572529806212513,-0.0008013191058124892,-2.5176245964135975e-05,-0.24839887889519405,0.6625490922157712,-0.2550703514377917,0.11864155108924081,-0.012728500169565204,0.0
CLI00151,0,0.0236,-0.1344033366624183,-0.16386747165493815,-0.0027592290636962954,-0.017783088121349957,-0.0011645242932676377,-0.22823334203549178,0.02999215614122162,-0.027254337696732744,-2.5911968853409744e-05,0.008775152282450766,0.08203818840927712,-0.010335746062250802,-1.2726180550899768,-0.0020868976393689067,0.0
CLI00152,0,0.0739,0.283446575949955,-0.220780950969857,-0.04729946729311701,0.07248062587870255,-0.0034527454270034358,-0.14692868796714917,-0.045224358715962594,0.19177231623636892,-5.666925426289552e-05,-0.21906679765257597,0.16347283146431052,-0.37152875437869104,-0.1981363876469969,-0.005983290709269833,0.0
CLI00153,0,0.0397,0.2690977010298708,-0.16887564086466286,0.011974055433330046,-0.062271677142388196,-0.046895322615811016,0.14052460162793143,0.02133920602726029,-0.05881230116232924,-5.666925426289552e-05,0.29863894221714643,-0.43084208503189525,-0.2862009336003917,-0.8893109426119462,-0.0020064741286437092,0.0
CLI00154,0,0.0617,-1.2941913810878316,-0.05767229326842545,-0.04307354037334989,0.006792008694650111,0.05713671469612288,-0.43535862757085775,0.18516708563100157,0.02319453338165899,-5.666925426289552e-05,0.20919333846484417,-0.4191506435839628,1.2718874682766592,-0.23429784656897687,-0.010208467093437923,0.0
CLI00155,0,0.0167,0.21046764980038332,-0.07876505479328538,0.025720728566145438,-0.010849284507436876,0.021050284580862083,-0.2609477773387288,0.11756257244581236,-0.023433990707914888,-5.666925426289552e-05,0.18729125754493522,-1.4299272761341069,-0.37852173282640306,-0.46310134933151775,-0.011151844927506076,0.0
CLI00156,1,0.3357,0.057579343815291555,0.777865822428263,-0.02551080731917626,0.13277607063115995,0.03390025199656217,-0.20156176012700394,0.30619902138457894,0.28814907311246163,-5.666925426289552e-05,0.07789940406314881,-0.3132621190891396,-0.19316412600242774,0.36439843186663007,-0.006377405030382472,0.0
CLI00157,0,0.0586,-0.31081881535182054,-0.00090606371640369,-0.026837106846403454,-0.01088966767173976,0.09599585847520702,-0.061267997942768056,-0.01948897657920252,0.023947971553769456,-5.666925426289552e-05,0.03586238000802344,-0.14783291475580054,-0.5393321326936906,0.1723065326644495,-0.006465752221008085,0.0
CLI00158,1,0.8462,0.39883078669986993,-0.012807633900641656,-0.025288031313689136,0.09281497348095333,0.034293746617087714,0.39402189442561375,-0.12222174428145473,0.1396104265499039,-2.5176245964135975e-05,-0.02560746354245877,1.1941971942508107,1.6885435136157616,-0.06793095668210118,-0.0018804710962875507,0.0
CLI00159,0,0.0094,-0.5531160113735272,-0.08172207206320083,-0.017087825973491576,-0.014378076101274461,-0.12368706732300708,0.223759270005995,-0.5675578813153519,0.0753057487874774,-2.5911968853409744e-05,0.10093616472442926,-0.3260890704256473,-0.5026653607994952,-0.8828983674258601,-0.002969926797783828,0.0
CLI00160,0,0.0556,0.22077981511096667,0.09381686422930947,-0.10291085531984617,0.008307721131691873,-0.03832953000465291,-0.31188905663934696,-0.21884236868019627,0.007389529645078255,-1.6163270081987056e-05,0.000563567199526598,0.7798222263546918,0.3052323095201543,-1.5915723048140291,-0.003462999121536981,0.0
CLI00161,1,0.6996,0.4362194948722294,-0.04596861553685023,-0.06861343157454834,0.016040013086758537,0.04825597051729849,0.08858623159604989,0.24597233558246728,0.11059440977897536,-5.666925426289552e-05,-0.010852129679289441,1.0276295273252587,-0.05211956182336954,1.0331102148327016,-0.002408050848086147,0.0
CLI00162,0,0.3132,0.36785898916390225,-0.02561517119423483,-0.01921107952596234,-0.13393038309540878,-0.002594053040651103,-0.42999094318330017,-0.029285086235986656,0.04207141048763271,-5.666925426289552e-05,-0.07383279238344588,-0.04396459524635804,1.3623530427178663,0.18399698064033493,-0.0016983354149378352,0.0
CLI00163,0,0.1098,0.2564061620671284,-0.06555216621789059,0.09368107817642837,-0.02719524110052871,0.006093864054314145,-0.4306606111695106,0.14288386410049336,-0.017883358133643317,-5.666925426289552e-05,0.3984823816297271,-0.3167382527604433,-0.38594817370607576,0.24445014688458586,-0.009929390223707113,0.0
CLI00164,1,0.2842,0.34091233709334495,-0.1584770288790943,0.13948063127682517,-0.036075234319685394,-0.03266066186653395,-0.1036766617965522,0.02896283889851243,-0.03133683827183003,-5.666925426289552e-05,0.34745454312980134,0.14392403584902988,-0.31115900769370053,0.7326288050413461,-0.0022151379693141934,0.0
CLI00165,0,0.0103,-0.41752419749302466,-0.26252598908346547,-0.027957078105974587,0.027506264890895846,0.02166259181923417,-0.1901429042335663,-0.032194963094653625,0.02425316630645236,-2.5911968853409744e-05,-0.24210412254146485,-0.0037136341519466405,-0.26936666593504865,-1.2047739215667763,-0.008607089044729123,0.0
CLI00166,0,0.0148,0.20770641761156008,-0.1680742332092967,0.03872719874615507,0.023822988474581322,-0.027137715710246327,-0.12378034803360853,0.07532588110605629,0.05351345226198302,-5.666925426289552e-05,-0.29294728165796846,-1.6675431388770434,-0.5433491123501674,0.20806216765114705,-0.0015890356104298882,0.0
CLI00167,0,0.0978,0.3176365264206594,0.09980937364996775,0.007989666711546956,-0.09184184182732386,0.02483534622870749,0.1826772188608511,-0.015647444939589635,-0.05291142162510926,-5.666925426289552e-05,-0.05239595628746076,-0.9433320946416663,-0.3824400605463395,0.6691345133428391,-0.0036833071251304457,0.0
CLI00168,1,0.7148,0.2701388820160375,0.1075708198367214,-0.02454865195480812,-0.0572464920912749,0.03669115193513339,-0.23097045936208757,-0.07790081100260342,-0.0797016548000195,-2.5176245964135975e-05,-0.019788961244212113,1.4760321219449797,1.6023072798775464,-0.10034572020419795,-0.0022289939284819266,0.0
CLI00169,1,0.9662,0.5438240186334907,0.2971257065975838,0.3618503997453097,-0.028838152730145204,-0.006227263149391521,-0.1871632426387029,0.005187317633610061,-0.01698663844277299,-5.666925426289552e-05,-0.10892609940332333,0.9392867131854309,3.3549927168693188,0.1526492069381107,0.028206839498232463,0.0
CLI00170,0,0.0111,-0.49582951802313946,-0.06633434381886784,-0.07346324865881294,-0.03697866357907751,0.0639955276091404,-0.2162601226333436,-0.05547283260287145,-0.033424505780009765,-1.6163270081987056e-05,-0.22599599347641794,0.20913106750479313,-0.19715390152574902,-1.3721657536950163,-0.00865737712965236,0.0
CLI00171,0,0.2078,0.32400868754418743,-0.23442834738039287,-0.057136009094784446,-0.06959746888090804,-0.05947579767521967,0.122620039507566,-0.2097207192546007,-0.05419320912069886,-5.666925426289552e-05,-0.06322277821657149,-0.4566373556728199,1.0839581812548997,0.3192628203326661,-0.002295233299966864,0.0
CLI00172,0,0.0657,0.3291181981181048,0.0741815424215707,-0.02545319639867341,0.08861897085744497,-0.00218860738105473,-0.029528335825485093,-0.07506283609918228,0.06776799647067296,-5.666925426289552e-05,-0.25767544216382465,-0.6718360149466318,-0.36155176902661423,0.1970007915961576,-0.00602776045605211,0.0
CLI00173,0,0.2267,0.3065604190298365,-0.20929053389406527,-0.005116614321196821,-0.048505557470320954,-0.008489156129141227,-0.46987427353076827,-0.009325016402158198,0.0007238858939972943,-5.666925426289552e-05,-0.1370115805970844,-0.24831496513575502,1.8208426161068287,-0.23526264733810964,-0.002426579476699963,0.0
CLI00174,0,0.0398,0.21097583592457533,-0.13287015754721798,-0.02858758205409993,-0.04164487559062573,-0.0021752613437760696,0.19490809906015694,-0.03349191262268045,-0.023164897188128634,-5.666925426289552e-05,-0.26416855615776824,-0.7096514784814422,-0.3352810822215823,-0.031831084594581706,-0.00604034682115505,0.0
CLI00175,0,0.1189,0.25665791638574986,-0.05621564485582751,-0.041001456512283124,-0.10127252133412953,0.02438874815117476,-0.07359233471532943,-0.011176300041117795,-0.1480387389376412,-5.666925426289552e-05,0.03442949286821301,0.13311364601510828,-0.31805136537785006,0.2834300538213459,-0.003872760836621226,0.0
CLI00176,0,0.0129,-0.4376808085706159,-0.06074934537036829,-0.027060892020793946,-0.05680055818956416,-0.11043603266386275,-0.09854731408297418,-0.10126767982125333,0.020746608095351813,-5.666925426289552e-05,0.2072854071115961,-1.3361544779216004,-0.22043271555759872,-0.12987145081290385,-0.0026008015703844383,0.0
CLI00177,0,0.0074,0.2509058295624816,-0.1427935708455118,0.05932847414206641,0.0054865569254911786,-0.05039116580628464,-0.20234182450570679,0.021893811890607053,0.021417836580352904,-2.5911968853409744e-05,-0.22340866829937,-1.375211379513651,-0.443168118908714,-0.8371558303318088,-0.0019080416353410982,0.0
CLI00178,0,0.1167,-0.6319151121936321,0.0034340619968739224,-0.034031617020246624,0.025784054090908917,0.08523811755926092,0.3403596903966019,-0.03956570563248217,0.023020341968511937,-5.666925426289552e-05,0.03299570801315374,0.16878090369197235,-0.2623960935298176,0.27798175003731096,-0.03248536993883042,0.0
CLI00179,0,0.136,0.3784188748418778,-0.13875514914934656,-0.08485701450765512,-0.1248773722748901,-0.033744539025023036,-0.12731599710128136,-0.007111110521686335,-0.13559657149786633,-2.5176245964135975e-05,0.339889454657638,0.47730819318122564,-0.5720059476398197,0.16300525185795134,-0.0022489891352127094,0.0
CLI00180,1,0.5205,0.41229821756105245,0.6780965586503638,0.11906816458801643,-0.01814311055200568,0.02733558338471634,-0.0688049098598322,0.5598241628888312,-0.013364213341682014,-5.666925426289552e-05,0.2459201016602455,0.2084828345830887,-0.28795663758027223,0.03278703117477134,0.16759251346779908,0.0
CLI00181,1,0.9324,0.5131485775088959,-0.058283912483673025,-0.1277817416093261,0.05252709411674932,0.02931214120220002,0.40425078747319243,0.27700547783118357,0.1204174413712886,-5.666925426289552e-05,0.44957715350301725,0.6843116886942882,1.503523337879569,0.7677668861661548,-0.009767755513718493,0.0
CLI00182,0,0.0751,-0.6011846412849378,-0.041412534454313414,-0.04910692759146865,-0.012525056441984666,0.08077187058671342,-0.15489450314462228,-0.03177508585817941,0.01280706967346653,-5.666925426289552e-05,-0.22503193952356407,-0.0972915789582767,-0.2104660824594894,0.835451365312746,-0.0346978796608921,0.0
CLI00183,0,0.0936,-0.8682134269140885,-0.04487611836165196,0.3604650393429533,0.012756782090605932,-0.24544636909226897,-0.8398225054944766,0.015348465714610085,0.05847125601930777,-5.666925426289552e-05,0.020124970475879286,-0.141660533031707,1.5956833615727266,-0.2099893108880745,-0.002496611927671641,0.0
CLI00184,0,0.0378,0.3893696510984858,0.23128650230850206,-0.029908131950156205,-0.09142650212648862,-0.016908893168269386,0.26218519376725674,-0.14743837596565584,-0.05775895081875753,-5.666925426289552e-05,-0.030208490514943436,-1.4296915600562428,-0.18637453716586455,-0.1460076089288418,-0.0023463973034994288,0.0
CLI00185,0,0.0281,-0.4703043605031862,-0.07054925650927796,0.021146241153200244,-0.08182516284722154,-0.11299667136951351,-0.13959672663488373,0.024102213855850194,-0.07071956714420918,-5.666925426289552e-05,0.09049869144390027,-0.3607963110348103,-0.23565482676333738,-0.15121936289016205,-0.0024947741526223062,0.0
CLI00186,0,0.0353,-0.8024758161993131,-0.1489959823718399,-0.06098484023204941,-0.04886061022332191,-0.11416153506729254,-0.24589308780820904,-0.14477571019646543,-0.04782798067892796,-2.5176245964135975e-05,0.05040999150265894,0.6631673020848079,-0.29192473652210726,-0.13103268528515932,-0.0026684930724501215,0.0
CLI00187,0,0.0695,0.3521792097516787,-0.15402780822217788,-0.03879476193657416,0.03179098156169903,-0.02395202736342881,-0.16175441153319647,-0.15229958693077855,0.07041151984779308,-5.666925426289552e-05,0.06508337669364456,-0.2568354668278992,-0.17379482082775838,-0.16960975475540124,-0.002202474229749213,0.0
CLI00188,1,0.6538,0.5878748657396856,0.0825365170668418,-0.013720041499015411,-0.057997341943281246,-0.022355495869573413,0.46974749696139617,-0.09206165091352592,-0.0458056566153877,-2.5176245964135975e-05,-0.03649505443768936,0.806924644775384,1.7905164362989625,-0.8503746564293057,-0.0018766781049337183,0.0
CLI00189,0,0.2544,0.38168237200868843,-0.0032237934923320033,-0.022052857288825955,-0.1472222459709384,-0.00545144105875746,-0.5831289939971268,0.12434920776823129,0.04740326874833293,-5.666925426289552e-05,-0.03819921479503826,-0.05126451893760876,1.3311133946305687,-0.1262694273309472,-0.0016993770656188467,0.0
CLI00190,0,0.0684,0.2631933280421673,-0.07508532010987029,0.016595929811911953,0.026061912953749856,0.019866792679506327,0.4131784705116013,-0.030978267715483513,0.06124747350331451,-2.5911968853409744e-05,-0.01489114041757379,0.026707389759365593,-0.10485561423353684,-1.2294303591765685,-0.002664237328317205,0.0
CLI00191,0,0.0077,-0.7059093461906127,-0.17029326838569786,0.02845505036948053,0.0015514015247102666,-0.10700671822354152,-0.18463022266060894,-0.10844807143465081,-0.005577027969105344,-2.5911968853409744e-05,0.003220957055566495,-0.12116494809372455,-0.36883253562942536,-1.1432897456957554,-0.0012657453131119495,0.0
CLI00192,0,0.0319,-0.9793319421581831,0.32703800178573095,0.014510099633054543,-0.056979928690801374,-0.21469526157247437,0.4388224959803842,-0.250384689800618,-0.0520058055968795,-2.5911968853409744e-05,0.2555971185846247,0.4369044425109282,-0.24424573755494738,-1.1913998591439916,0.08540985681961281,0.0
CLI00193,0,0.4262,0.3130367166320782,-0.06249842998229776,-0.10418021752119436,-0.002854554181931266,0.011272499884112675,0.3569464163596489,-0.2467126956277845,0.019471397027557714,-5.666925426289552e-05,0.01811369028447641,0.8493846233676734,-0.5221377182967768,1.0570830534722964,-0.003206797693216573,0.0
CLI00194,0,0.0835,0.23724667968043586,-0.09953117945903187,0.05190858848675617,0.0665850684576006,-0.010672267933211362,0.22060556020797795,0.16646005058248686,0.07654670708874056,-5.666925426289552e-05,-0.23166644265519132,-1.2662182277305298,-0.2054223940489973,0.5914934637189359,-0.011188981903207235,0.0
CLI00195,0,0.0518,0.24507381518612648,-0.21465740083034757,-0.03180485713093486,-0.0801916008005812,-0.013737738673503263,-0.11805079025237102,-0.03625260912616824,0.08087166305069184,-5.666925426289552e-05,-0.23350985637785418,-2.009611511652186,1.1882796161019427,0.3010414937927634,-0.004068459200334294,0.0
CLI00196,0,0.0098,-0.5913189073129582,-0.07319433060635372,-0.033397329494484006,-0.07676515151669967,0.07899473017774655,0.05013009130804363,-0.03782899286919703,-0.06021957795422561,-5.666925426289552e-05,-0.28386465108495745,-1.4084972891690584,-0.012015756638835846,-0.174778976920557,-0.006691193340081244,0.0
CLI00197,0,0.0173,-0.5497524696238832,0.013440396402439457,0.010491082878951178,0.08027543362158442,-0.0002953373496629521,-0.2110278047341665,0.009489363638021194,0.04981609405008191,-2.5911968853409744e-05,-0.004885425082762713,0.049114342034657955,-0.2814696220820928,-1.2176812384819462,-0.00589170313202733,0.0
CLI00198,0,0.1588,-1.0242792333429769,0.29058522049622726,-0.058904671145235565,-0.03884047801624973,-0.14775514911013682,-0.05642920115514224,-0.26678663046216394,-0.040699088208757984,-5.666925426289552e-05,0.21350366760718678,-2.0230574484305383e-06,1.487435816324328,-0.08843100900548864,0.04485132342126088,0.0
CLI00199,0,0.0816,-0.843584077514629,-0.1738223483939817,-0.05710782881364521,-0.0005987470451199667,-0.1224583248490757,-0.12273209313161013,-0.23605316819471156,0.030101027076149835,-2.5176245964135975e-05,0.041104033056523416,0.8670522796044748,0.38583216610893745,-0.20516073865345638,-0.0025064234265591936,0.0
CLI00200,0,0.1065,0.40883928375471373,0.13261738791466113,0.01478086587905752,-0.006726544123392224,-0.013413659490360419,-0.042749529553670895,-0.03219191870806087,0.03004211032653202,-5.666925426289552e-05,-0.00787855463424999,-0.09932115527603402,-0.26517924135769994,-0.26246157398157505,-0.0019311110471156732,0.0
CLI00201,0,0.1796,0.29538878476270997,-0.1736024524402512,-0.014449095161239055,-0.06749548606450735,-0.020711236834899515,0.213476418245513,-0.08610636788546658,-0.04209566610422335,-5.666925426289552e-05,-0.07732410514280641,-0.413593887528096,0.5028491673018929,0.34783642011198235,-0.0017959655587990416,0.0
CLI00202,0,0.0972,0.34342163479798804,-0.17003252818435244,-0.05385273010615762,-0.05844502170265681,0.01563199134337813,0.1467025744047185,-0.11694573254257797,-0.03625199613632082,-2.5911968853409744e-05,-0.0885921595618911,-0.039715894254630596,1.4552984830355002,-1.6415711006706561,-0.003058580634820851,0.0
CLI00203,0,0.0825,-0.5696095007611589,0.016806685501784546,-0.013045181275379746,0.16376920145607457,-0.07732157160179556,0.38157271420086986,-0.006385267576435178,0.21770401903354986,-5.666925426289552e-05,0.06174484934958598,0.12072125313065583,-0.3512704342704265,-0.36613928057690676,-0.005906924434571902,0.0
CLI00204,1,0.6238,0.29871852128813287,0.003664207787392176,-0.011032531005403056,-0.01543589100031143,0.014524545787556098,0.3288305947124225,-0.04974942008274613,0.015210023267836225,-5.666925426289552e-05,-0.00440105268628456,-0.17179369051433976,1.5263910239285123,0.5546204088354006,-0.0025460482483563537,0.0
CLI00205,0,0.0829,0.20987856813487546,-0.12897842381441277,0.009605961315578452,0.010084413436391116,0.015449964786042734,0.1674886321034136,-0.004078603871225492,-0.01617927463673184,-5.666925426289552e-05,-0.03224174947467318,-0.9879646351771784,-0.3394219242194683,0.6781640647068191,-0.003624831806864198,0.0
CLI00206,0,0.1343,0.33018106827906785,-0.1460198456662305,-0.01957975448614328,-0.04222717947313069,-0.03021446973946627,-0.11950873922034785,-0.057097987605619474,-0.03460862309988941,-5.666925426289552e-05,0.28232533537629306,-0.18176655470213612,0.3169111349523412,-0.17859211237945458,-0.0019166927743277877,0.0
CLI00207,0,0.0378,-0.40646879234994737,-0.2740270608632054,-0.03621741092662741,0.1137318525978282,0.058828461437479565,-0.5451515495002114,-0.16541955173906886,0.2902006384857624,-5.666925426289552e-05,0.040608887217479885,-0.16040531360857713,-0.44308378563724443,0.2749793378854316,-0.002530929698055929,0.0
CLI00208,1,0.3481,0.2951402187939344,-0.13343775602269362,0.17615536852817817,0.06702094279368931,-0.03523934157445368,1.0196602866346858,0.03953106907112388,0.07110104022658183,-5.666925426289552e-05,0.34196173448704287,0.06573779707876048,-0.3213545165076985,-0.23033252808483592,-0.0018523835368877458,0.0
CLI00209,0,0.0329,0.26503335321417215,-0.07644062789504705,-0.04954540619363808,-0.038958707310570495,0.008210741756757227,-0.2670534804575417,-0.0458351388754524,-0.04270194485982845,-2.5911968853409744e-05,0.05185246854059051,0.6194373493705935,-0.3188213529644883,-1.502324458498304,-0.0036414165147043297,0.0
CLI00210,1,0.3846,0.2893393038786634,-0.11172970866081641,-0.03132597822766617,0.14148955538538355,-0.028713052711574392,0.378460193474813,0.26170563017678655,0.13104513531324397,-5.666925426289552e-05,0.2242905076502163,-0.03650843520659827,-0.025145273889084097,0.3206028770103482,-0.002395284986386469,0.0
CLI00211,0,0.0164,-0.4713256556815978,-0.07152117452158994,-0.043690838192418015,0.004357311027276539,-0.0841185260010659,0.27399769983430156,0.13661915886295906,-0.026397918262883777,-5.666925426289552e-05,-0.0004269679867003625,-1.5394347721276649,-0.24332329620515802,-0.0433660405214623,-0.0028978158178516377,0.0
CLI00212,0,0.1165,-0.3360009218314252,-0.0006187969577850963,0.023733956606281893,0.019568652080499085,0.0786509461110275,0.35284913237244914,-0.05460648292663126,0.012943220099745563,-5.666925426289552e-05,-0.04703383697083757,-0.5853411566900749,-0.2601695796938022,0.7567806853522706,-0.005536536403996752,0.0
CLI00213,0,0.049,0.33974307298870043,-0.10507505421938541,-0.03566145136719485,0.027612202288683902,-0.08268949262480804,0.0051822959527163485,-0.6040559653163945,0.07898064317501682,-5.666925426289552e-05,0.019576270217028267,-0.34353729063797717,-0.15475918889915366,-0.12820833186878577,-0.0021716672786767834,0.0
CLI00214,0,0.0961,-0.35763696437459047,-0.00511633761668189,-0.07793413370745575,-0.021672554978291764,0.08449876743427437,-0.17369764688845574,-0.02186038694842652,-0.017663914758333336,-5.666925426289552e-05,0.03262633660475864,-0.060198962301427406,-0.22256327186338895,0.587262078000012,-0.0066142108004026996,0.0
CLI00215,0,0.2669,0.2935372644170356,0.25425676758419113,0.006593674580227353,-0.012940037440078276,0.028214970138018384,-0.43675154003157823,0.09605761560706935,-0.006206387125549698,-5.666925426289552e-05,0.20205557409323602,-0.13731457491646434,-0.22940537199073122,0.861933834098542,0.05109643833849802,0.0
CLI00216,0,0.1005,0.29361574992852235,-0.15590998561880515,0.010361418768575268,-0.03245497082157385,0.020738604879263264,-0.042094906746767045,0.021214269957861666,-0.02473379465591878,-5.666925426289552e-05,0.01921728908410675,-0.15957378355244464,-0.47357034200510767,0.3157111446327617,-0.0024261118818977995,0.0
CLI00217,0,0.0144,-0.4680197080651895,-0.21021676379261317,0.03787875973283232,-0.04893264646199005,0.08456267551053409,-0.15139492243574404,0.032209063894978504,0.012391422491688299,-5.666925426289552e-05,-0.010263872870952236,-1.7466774352440972,-0.236729742208019,0.46528894809746396,-0.006408590085473746,0.0
CLI00218,0,0.0765,0.3311213332616114,0.06289558787356632,-0.04481052611295733,-0.04187017922939535,0.02685199263194916,0.12848804415862566,0.126370538467704,-0.06797875911756103,-5.666925426289552e-05,0.010900688598449148,-0.5769447945470607,-0.2599847757402368,-0.20044957981767172,-0.003968076140019959,0.0
CLI00219,1,0.471,-0.5237631635590626,0.10294663858428625,-0.01860768457491121,0.0014721809639654153,0.09555597772825705,-0.06935719459232333,-0.025374464954748814,0.1478926373565834,-5.666925426289552e-05,0.14609667046133784,0.6908634448570421,0.8057925120475418,0.5168644529923946,-0.005327388883606981,0.0
CLI00220,0,0.0672,-0.6432177538757597,0.15863108332458198,-0.012869761142818048,-0.03936978193955531,-0.12258041661982605,-0.09416378947523159,-0.07425440115152805,-0.03199736878314093,-5.666925426289552e-05,-0.14994733022357917,-0.12312482096133973,0.2074464433656618,0.22462799684729526,0.05168555762943618,0.0
CLI00221,0,0.0254,0.2832554045565875,-0.08250871117828701,0.08196498424755666,-0.032980239787499456,-0.040602980011529524,-0.16622198042837158,0.05102816726407238,-0.04016288038230718,-2.5911968853409744e-05,0.026709374850220655,-0.007475469926118341,-0.4636160582658437,-1.2743547546604774,-0.0018984004964432949,0.0
CLI00222,0,0.0576,0.33598344669205754,0.1650777934523779,-0.047129585816496844,0.008083070580300153,0.02164782026804268,-0.08260760001206359,-0.22499103858487388,-0.008304247017593622,-5.666925426289552e-05,-0.018687823671521702,-0.2155484633655675,-0.5243574271415374,-0.22036358719231566,-0.0029488399789305455,0.0
CLI00223,1,0.6203,0.33971999345748227,-0.04686380267734788,-0.05334627883054747,0.014862188602873135,0.02274503665319689,0.3526424241031458,-0.08915554994655842,0.04157664583881528,-5.666925426289552e-05,-0.07622842185282995,-0.19457413742066207,1.831155636845197,0.3332751058762785,-0.003568596170246819,0.0
CLI00224,0,0.0763,0.25421510202686654,-0.02999471917948679,0.02174036110038875,0.013804029958349924,0.020636237874520697,-0.2015899636873367,0.0015922640856771038,0.04734030426924185,-5.666925426289552e-05,-0.003949575176400748,-0.23414741993105465,-0.1886865310368982,-0.21068845608331116,-0.0024723792706948158,0.0
CLI00225,1,0.6646,0.5508030209315927,0.6856417226430742,-0.04726499847553856,-0.10364749056826372,0.11048230606148442,0.3126786530333832,0.3911498503217179,-0.057518069147746445,-5.666925426289552e-05,0.06526171902272203,0.8987777748203188,-0.27802264428792617,0.09597910603970812,0.04070797767593654,0.0
CLI00226,0,0.0151,-0.597379062518159,-0.00860590603312846,0.013663815762316343,0.15089229055202544,-0.009696534810555706,-0.6360233832072157,-0.08299695338763108,0.142842813702925,-2.5911968853409744e-05,0.18401109843405372,-0.1616696426913827,-0.15546321393414675,-1.0270674713059063,-0.006153220665437988,0.0
CLI00227,0,0.3626,0.30220908992090934,-0.06116355403432309,-0.10344164795964297,-0.0477817077535938,0.013599117259328173,-0.09418183964336613,-0.03565035459276567,-0.04376942346641842,-5.666925426289552e-05,0.03450060097095035,0.8006369273304427,-0.419396390893285,1.075444580790552,-0.003740197487039396,0.0
CLI00228,0,0.0124,-0.5614801764052837,-0.033278022312220504,-0.019160432642680216,0.004146322109479299,-0.040119807163390295,-0.31261506062376787,-0.30065572447432704,0.12962606783429537,-5.666925426289552e-05,-0.2942900401248493,-1.3078719025282826,-0.08837203978557619,0.43477113663624134,-0.005691809538276704,0.0
CLI00229,1,0.8176,0.44938787636067373,0.34315742251244785,-0.009117353739144652,-0.053717163112680474,0.019470898868607873,0.31827301038171835,0.026351129497995462,0.008747091815266075,-5.666925426289552e-05,0.7417759654031245,-0.10182173089145284,1.743059267033461,-0.00109335806524686,-0.003076809014313415,0.0
CLI00230,0,0.0191,-0.5428290776014137,-0.05383234716680788,-0.06588672824569759,-0.03994605538199063,-0.1189667691055962,-0.012092750808235634,-0.064951934144969,-0.04300627391336287,-2.5911968853409744e-05,0.07225547631648503,-0.08266405896398461,0.2178698543949489,-1.2202821664643155,-0.003130689213531117,0.0
CLI00231,0,0.1322,0.32276825550585336,0.027341829768388847,-0.04394084173020006,-0.02019122035917595,0.03109746734748469,-0.2820094029192935,-0.16619376457838292,-0.026647303447167318,-5.666925426289552e-05,0.02934329777457229,0.23497994066254999,-0.2953023323811068,0.2914574894462005,-0.002939336325437753,0.0
CLI00232,1,0.9793,0.5644784607296897,0.45672107902419756,0.34723052731909504,-0.02855089275055394,-0.0134904890509949,0.10818241126919961,-0.00564753185697194,-0.0177039551769881,-2.5176245964135975e-05,-0.05262678262979588,1.0320143823802885,3.2866238086024415,0.13379374371297797,0.028206839498232463,0.0
CLI00233,0,0.3261,0.369554197051641,0.34232769779111005,0.26855128346640017,-0.05034654439344141,0.024682060528883096,0.1873984798153471,0.0579903636781078,-0.029758283902342773,-5.666925426289552e-05,0.08847555921692721,-0.13985597733638,0.16886353865812898,-0.07415134071017139,0.0418049281482416,0.0
CLI00234,0,0.0246,0.0721487647767402,0.12738363619977022,-0.026334160734162712,-0.14816827173622749,0.019261028748137208,-0.1431375118128909,-0.1013621442511701,-0.15698218892113044,-5.666925426289552e-05,0.04298106074245208,-1.7995766311204184,-0.11294324819049983,0.5309572180338215,-0.004217342845512141,0.0
CLI00235,1,0.3584,-0.12073726451589233,0.021904753126995764,0.02972401908721015,-0.01618551542153163,0.09736298838475241,1.1686966591722108,0.11414103681895886,-0.014108271071243416,-5.666925426289552e-05,-0.14280397805070982,-0.025912298321907744,-0.08463933441441249,0.37831506300930723,-0.006624474112320143,0.0
CLI00236,0,0.0988,0.2450271980240239,-0.12159501280175132,-0.0031835670775679907,-0.06829324282820254,0.015261917484582723,0.22988377420415484,-0.00865177864093292,-0.062347770034702356,-5.666925426289552e-05,-0.0014473710284824515,0.09697677895829422,-0.33475237454703544,-0.21394789643027812,-0.0027033454722079665,0.0
CLI00237,0,0.0603,0.33276691531993535,0.0958609667699366,-0.0413245169256145,0.06861450162230005,-0.002086593306065582,-0.768166260447008,-0.07308856865717105,0.06272304338175491,-5.666925426289552e-05,-0.031194818089001177,-0.29099318278486713,-0.32328457831113633,0.2097007135157599,-0.004005601211054417,0.0
CLI00238,0,0.0826,0.24810086733750508,-0.07566706015178193,0.013351286259514726,0.02984397494690832,0.02340020741538609,-0.215094628338252,0.013910649179174093,0.05478601191735407,-5.666925426289552e-05,0.07548826079461378,0.11177051944197502,-0.3690515273145858,-0.33480207949534957,-0.0024962774061024584,0.0
CLI00239,0,0.2293,0.039864121955116655,-0.10235982204787844,-0.01796796523314503,0.07281899922835336,0.013615529808387147,0.18902717953952194,0.02735199405506159,0.10298202403444827,-2.5176245964135975e-05,0.07873426602104937,0.9598450659738876,-0.2328406400265797,-0.3594696570577099,-0.00236748534017755,0.0
CLI00240,0,0.0322,-0.8897429030992887,-0.2735085200402794,-0.016954019250775804,-0.04411452924984799,-0.11055712603247064,-0.08144881526113838,-0.03250759875963379,-0.03958876130058611,-5.666925426289552e-05,0.05300407822655312,-0.123621158065918,0.3506151598450595,-0.2119153484518569,-0.0019427641243283868,0.0
CLI00241,0,0.0913,-0.6591784779464444,-0.08696781535363617,0.01049756555017981,-0.0070658257007020706,0.14296296993766974,0.07024689821480319,0.1664932255473173,0.00012664495780188484,-5.666925426289552e-05,-0.05844043600389389,0.10556055782562201,-0.21384443171545497,0.2291338067629906,-0.015922187698566063,0.0
CLI00242,0,0.0325,-0.6390509808713444,-0.23165901714975623,0.002324332000202979,-0.01920735862399036,0.09037539394357436,-0.007566490355600987,0.10588402473940471,0.002141340775563923,-5.666925426289552e-05,0.09928124352709514,-0.5929656919875738,-0.32042590072474353,0.11332663688492549,-0.015504588266141395,0.0
CLI00243,1,0.8921,0.3043669830052079,0.16464887762874308,-0.03134643739983276,0.0034197748495710927,-0.003832985614710804,0.1893224240062194,-0.10771296426686973,0.06102400074871588,-5.666925426289552e-05,0.02129193062546506,0.0789461332880306,3.332366760879284,0.08297061186385364,-0.0018939223020373558,0.0
CLI00244,0,0.028,0.2318734939917942,-0.10148159601189277,-0.02673147011158142,0.012095501357192517,-0.0020320700126540765,0.07204741272303442,-0.1187205213663067,0.0465856763461581,-5.666925426289552e-05,-0.05232469909093887,-1.9640523373229821,-0.15787925687256477,0.4984454191507983,-0.004138508269385429,0.0
CLI00245,0,0.0062,-0.6235548864233103,-0.08524602182831338,-0.0309884333907663,-0.08941274749840056,-0.12339102351922468,-0.13427424728261075,-0.6914181493495329,-0.09968231090806433,-5.666925426289552e-05,-0.22298291466924947,-0.37939075441544273,-0.5321893610149617,-0.08397772499660779,-0.005377560085416009,0.0
CLI00246,0,0.2019,0.39152875429171463,-0.15115711079132768,0.002680900627430485,-0.036974508019488185,-0.032336131665137206,0.13830615794496395,-0.056882720133797,-0.04693365984832715,-5.666925426289552e-05,0.28593949981524597,0.676188499865104,-0.532701327828227,-0.028997930593066188,-0.00174601014364046,0.0
CLI00247,0,0.0289,-0.5821200945445473,-0.07110432696896044,-0.03762239451708523,-0.01944137653042618,0.0762670855554864,-0.10201889559395068,0.03756270123728473,-0.01766006360944547,-5.666925426289552e-05,-0.21258178608841452,0.16491298500011692,-0.4173525824465322,-0.32103904521508153,-0.03282563633338217,0.0
CLI00248,0,0.0332,-0.713770071072974,-0.0018940274041894785,0.0026471497667790046,-0.07413993774690675,-0.15126473935146295,0.09601534372263018,-0.00869251729304922,-0.058303524634845796,-5.666925426289552e-05,-0.014779265883451798,-0.1349970500745713,-0.21831345524815643,-0.10769993503204457,-0.006220974244118087,0.0
CLI00249,0,0.014,-0.5528879991229665,-0.21070188167293674,0.18063717808629404,-0.05256828710126272,-0.10491221974192104,0.048576846811953255,-0.20842716202039485,-0.06895312864688384,-1.6163270081987056e-05,-0.3123715559309295,0.7501528511077558,-0.28914802225151043,-1.4467165850552126,-0.0026476185282238787,0.0
CLI00250,0,0.2256,0.38361997520934127,0.12395732232885555,0.11485719001430464,-0.10195231417300651,0.021877006754984156,0.26771138085598956,-0.03481643514194455,-0.07901018666973027,-5.666925426289552e-05,-0.1318333656164086,-0.9595640374032628,1.2221706028193415,-0.0764484312063114,-0.0023894690479068234,0.0
CLI00251,0,0.1508,0.392181195699765,0.002372088965121656,-0.07623893902625403,-0.011308522087762866,0.0182163089900567,-0.40614183243869917,0.0012521767250794815,-0.023207409585680534,-2.5176245964135975e-05,-0.26127587765728744,0.8401941597957763,-0.4921760952879381,0.27523728665148195,-0.006036930875857549,0.0
CLI00252,0,0.0339,-0.8676869852424522,-0.10585496183357923,-0.07556725182570276,-0.10049982797392366,-0.15417881619715404,-0.08009919151643523,-0.05557397168929181,-0.09516553346294641,-2.5176245964135975e-05,0.0676643120714738,0.49147589585448437,-0.6324971482843555,0.2436131166308113,-0.002797560514535748,0.0
CLI00253,0,0.2179,0.3549872582030945,0.0823592137010511,-0.042491988215937526,-0.023442966894580034,0.029350596782963458,0.36678665670844296,-0.03939291378496952,0.006027739768172071,-5.666925426289552e-05,0.029666384510472838,0.08654302666667463,-0.468833716861125,0.3252131346385901,-0.003607759866605975,0.0
CLI00254,0,0.1843,0.3246995271028035,0.45966368330971435,-0.03420067381476373,-0.036932367059701106,0.02666496688857855,0.3217204875091044,-0.15568588866206173,-0.030010483083844415,-5.666925426289552e-05,0.21538117964014453,-0.035342341380720996,-0.538497434011457,-0.08628381653806803,0.06276260982016837,0.0
CLI00255,0,0.0313,0.217196481719655,-0.12507950732385845,0.020002061067737078,0.005768783543236585,0.012710034209295838,0.2236996213170898,0.01553558222398115,-0.014426872703635733,-2.5911968853409744e-05,-0.02567689136230891,-0.1430050172179338,-0.3132416776579055,-1.321110487016662,-0.0024732453029255434,0.0
CLI00256,0,0.0446,-0.9417493782789358,-0.06799408101407407,-0.05199081304113798,0.018118225967324538,-0.10376039048629077,0.2519205251169407,-0.018438659809401778,0.01836187220965427,-5.666925426289552e-05,0.005381681411517081,0.024299299410548147,-0.4818942076499923,0.27103904246677346,-0.0063010688240974074,0.0
CLI00257,0,0.0262,-0.39635625506037403,0.06773912368556784,0.024940899476645986,0.04693508325335736,0.01831214028401148,-0.2071303460468253,0.1252087527610934,0.019862433557725646,-5.666925426289552e-05,0.2316730607414622,-1.6253938892122042,-0.3392183607597916,0.4137239155847612,-0.012887369061962856,0.0
CLI00258,0,0.0309,0.21407386083176194,-0.15129305009968408,-0.04114356284834925,-0.023196676647813,-0.010854237415395065,-0.12433156983784595,-0.12673804327545793,-0.01081063555238196,-2.5911968853409744e-05,-0.250798845462239,-0.551584470563531,0.991485091036151,-1.3734565577935265,-0.004109342230147837,0.0
CLI00259,0,0.0529,0.28043270131017317,0.0996611051141132,0.02381398617449119,-0.032510626233256984,0.005453842199043992,-0.24686921296143055,0.024921091244827102,0.006161027104914197,-5.666925426289552e-05,-0.20332470838933092,-0.6958875384873389,-0.5186987354866545,0.35932331581766647,-0.005941316970484141,0.0
CLI00260,0,0.3403,0.4156938586720017,-0.010911161726088036,-0.06846637219250735,-0.0641488847403952,0.00557366518435969,0.28364293747255714,-0.05658721212396085,0.01397067569973306,-5.666925426289552e-05,-0.30279207295459587,-0.10645342654089275,1.2761513463392904,-0.06185337433648617,-0.004312676543656167,0.0
CLI00261,0,0.1078,-0.9966094573305603,-0.29136445759239943,0.18107004654590647,-0.06231899848250505,0.08268449359968406,0.1613489284849433,0.36384290610226705,-0.018302078954337418,-2.5176245964135975e-05,-0.16358980062378572,0.8526553228385191,-0.39115134722609607,0.16991342428846654,-0.02018210149641583,0.0
CLI00262,0,0.0455,0.343315213660318,-0.19602136032487963,-0.04678388719818781,-0.04808036649991716,-0.03905725371482094,0.3302682498583791,0.015257088103772949,-0.07022563906562213,-2.5911968853409744e-05,0.053787042040665894,0.5576448358345083,-0.5836657757979764,-1.3774569437797608,-0.0022214998542191234,0.0
CLI00263,0,0.1127,0.39039774217990786,-0.2138912486863948,-0.021718186337896715,-0.07201711222373704,0.014045503630296797,0.2164715928562325,-0.012013758882343071,-0.014237917642892941,-5.666925426289552e-05,-0.22977892068428135,0.6475404238693597,-0.42537906722428753,-0.3573241093247145,-0.0046621953713247895,0.0
CLI00264,0,0.0149,-0.5002662656792526,-0.4248084428822498,0.04767336081760276,-0.05205750242547133,-0.029653649514256246,-0.20393766520655998,0.1903536591277163,0.10073836944275476,-5.666925426289552e-05,-0.2167418710118558,-0.7420101933915273,-0.35149568135466386,-0.015303201033519055,-0.010949281688547335,0.0
CLI00265,0,0.2513,-0.5466818306133381,-0.24411447337899322,-0.06954989782213655,-0.004761724798422601,0.0162449834420859,0.25566631331821144,-0.09377364492383113,0.010574848332660914,-5.666925426289552e-05,-0.04562830717798401,-0.24827526131891942,1.2227358751740114,0.6435982760454033,-0.006439453640485756,0.0
CLI00266,1,0.3753,-0.5963975630155777,-0.07155156673877938,0.0037995824436432477,0.3015326038829408,0.10065351414168104,0.5255846558991631,-0.0245066433918377,0.43034224247746966,-5.666925426289552e-05,0.03303602314305023,0.3115819783793662,-0.24985909509182272,0.7105718743312555,-0.0028525611424571507,0.0
CLI00267,0,0.0789,-0.44794918058354266,-0.002563956763781806,-0.03880985830784223,0.013178542914667057,0.010746396548925922,-0.22612677933660763,0.01343279977287861,0.0036077816550339364,-5.666925426289552e-05,-0.2305115736089717,0.11638617290282069,-0.2574473584594261,0.578739244028424,-0.00887047749518363,0.0
CLI00268,1,0.8142,0.3754764829229274,-0.13132686224208806,-0.06426767915398676,-0.02134536529122901,0.013319487680961448,-0.2091213374003513,-0.05348728504609934,-0.02612397075183069,-5.666925426289552e-05,0.08377028105655189,0.0724825655837097,2.917489864763225,0.5037980753858737,-0.0018640900892341664,0.0
CLI00269,1,0.7984,0.45143268641527257,-0.1502678072611781,-0.107848276268622,0.028439655775017517,-0.036712004123944805,-0.04737705463172843,0.1431346127524821,0.1251008734397767,-2.517624596413597e-05,0.02007423983254846,0.6148335911994945,1.9617086685118479,0.3559557270306131,-0.0012059908098062274,0.0
CLI00270,1,0.819,-0.22850982249979337,0.06550730058066885,-0.020428453361418162,0.15032263268303392,0.16425085878968526,-0.30665771565406075,0.22722388055328882,0.30605166074389223,-2.5176245964135975e-05,0.10736487349327999,2.1841390002587233,-0.15792067609967964,1.0026941846642954,-0.0029171309592501693,0.0
CLI00271,0,0.1273,-0.36843561418625853,0.35616005868161577,-0.028501172965479108,-0.011056023081077178,-0.10900372223181007,0.24764134605622418,-0.026625830454391822,-0.0521202601694206,-5.666925426289552e-05,0.052241900425583764,0.02910289113357387,0.2082588346709246,-0.238961152699788,-0.002645838406107184,0.0
CLI00272,0,0.0591,-0.4363911749316329,-0.031123480268328233,0.016487365843634135,-0.08117459065590106,-0.11301441873126927,0.2300947196140388,-0.06747522878310382,-0.0729979242789267,-5.666925426289552e-05,-0.15349556381362217,-0.08933170816240334,-0.26166815042613006,0.2757961844560122,-0.0028042294400773826,0.0
CLI00273,0,0.0139,-0.5278737000306418,-0.045657020154463275,0.009810928725484575,-0.02486555563290926,0.07469238843004712,-0.13963797099668834,-0.04566651702230953,-0.052351060563034346,-2.5911968853409744e-05,0.046814138875673365,-0.37816538981196846,-0.19930139916957337,-0.9889245121891683,-0.006167613886043648,0.0
CLI00274,0,0.0276,0.20914443428345633,-0.11982948046245336,-0.032137947634588736,-0.04234895455491667,-0.0002738273389583649,-0.19276027281589056,-0.03314393429370818,0.0058753683597118685,-5.666925426289552e-05,-0.2925877278693967,-0.6587044093289917,-0.306757997440222,-0.11148231986655274,-0.005957871377861068,0.0
CLI00275,1,0.6587,0.32148736639630565,0.459138739370923,0.014628999514124778,-0.02925963788995954,0.022529255955034397,0.41845909941268983,-0.03671901554175325,-0.0028084313957242,-5.666925426289552e-05,0.8592250944750794,-0.5702979054770599,-0.19071363455566384,1.3032146603644605,0.06993708779712957,0.0
CLI00276,0,0.0389,-0.3298450059018034,-0.004695989476827313,0.024085255390019884,-0.048463232050218526,0.05791205421427562,-0.8270711114716238,0.0014072816015119165,-0.03048415175722724,-5.666925426289552e-05,-0.008603595048723826,-0.28532366802597076,-0.23132927195258968,0.463315098627566,-0.005474121207748303,0.0
CLI00277,0,0.1959,0.2708480990665427,-0.06790747721713324,-0.0008621066810916422,0.11177613993529807,-0.037862064285340155,0.3838294496853794,-0.030085702614316766,0.13654224336631127,-5.666925426289552e-05,0.03724374802197932,-0.22740810385057666,-0.2686935533302564,0.26437741270691983,-0.002662591800202098,0.0
CLI00278,0,0.0641,-0.7005546627803046,0.16708693085179419,-0.07057162751187858,0.07528243521263106,-0.07377238767104004,-0.28459148110254723,-0.621864018494887,0.11323300055562548,-5.666925426289552e-05,0.09498933846321748,0.3983050688690225,-0.27787579275801866,0.48332667655777933,-0.002845618024525765,0.0
CLI00279,1,0.7822,-0.41236661065082325,0.2121344117308469,-0.024561790125666182,0.1447496022013071,0.028852149519871664,0.5185304106407351,0.25111759612479073,0.36319169182772787,-5.666925426289552e-05,0.764130638768414,0.17766153468089235,-0.07732581975397193,1.3258856209525856,-0.012330958997931468,0.0
CLI00280,0,0.0115,-0.6196313999680306,-0.0019631974475958335,0.011136248374461349,-0.034210521210665194,-0.1251289434950822,-0.10549281544111043,-0.0018305972160468707,-0.0773194776493094,-2.5911968853409744e-05,-0.025028271085434605,-0.09782969482604548,-0.2381948158280134,-1.1539594105753903,-0.001388541232656851,0.0
CLI00281,0,0.1123,0.3302717147193508,0.4887752584860711,-0.05163155316815755,-0.024283448628098985,0.06375384049651532,-0.31064079123049865,0.15539567331754506,-0.02125860444499351,-5.666925426289552e-05,-0.08760224547907859,0.03816018808294676,-0.616827934430543,-0.04626870900325098,-0.004376114595166075,0.0
CLI00282,0,0.0409,0.2886424291968721,-0.15684373699432586,0.01626444937232334,-0.041344218429847354,-0.03446041019250542,-0.10169396815948598,-0.11521879734765271,-0.048034408074783784,-5.666925426289552e-05,-0.18560990360162838,0.0874360094085059,-0.560209370729179,-0.320730394537755,-0.0018824329255361547,0.0
CLI00283,1,0.5821,0.48671284876628207,0.1776265391632029,0.10202078581575551,0.12432827560862877,0.013066250961754068,-0.09494552420726524,0.24429488039364536,0.3282663252836381,-2.5176245964135975e-05,-0.19119654189072918,1.3706210050046017,-0.3921914811329305,0.1486471062760011,-0.004664621735405757,0.0
CLI00284,0,0.2761,0.07696522271139451,-0.041526397882794955,-0.02377946527364354,-0.03725275211820967,-0.019940468289841137,-0.42881376652771125,-0.06771370729950377,0.042141683597618995,-5.666925426289552e-05,-0.10136138602485276,-0.10100495259863927,1.6537339280263625,0.06852897717576949,-0.002336006754865268,0.0
CLI00285,0,0.0275,0.21069495577193453,-0.13638456844826335,0.0283212720551484,-0.09634396782924122,0.018214538685653824,0.32263523489904933,-0.015615060263642197,-0.06449306571208842,-5.666925426289552e-05,0.016879987469282594,-1.7715602742238463,-0.26425222171404356,0.170282817338299,-0.0028620334840043934,0.0
CLI00286,0,0.3126,0.3382597205977404,-0.10485147458010492,-0.043932317985994444,0.003040126365042238,-0.023863710122897154,0.38428335603072683,-0.13925298770249675,-0.027217484201090082,-5.666925426289552e-05,0.01672480100396732,0.13094309703670998,-0.22200321632037093,0.8836393928116475,-0.0025882238243793284,0.0
CLI00287,0,0.0539,0.2832400165599853,0.015291386826079258,0.008546352165591724,0.02604630882616436,-0.00467318353894901,-0.3132678420962621,0.0005703767121532509,0.04994921119220654,-5.666925426289552e-05,0.019369185615593816,-0.4987258152215336,-0.3050604780973345,-0.1623091497969899,-0.0019967917505094757,0.0
CLI00288,0,0.2238,0.3517050734039538,-0.1025984141201169,-0.07889627598819467,-0.0443757692823973,0.021392320426427417,-0.13000844457287578,-0.04853582582278479,-0.040653510572443166,-2.5176245964135975e-05,0.07822739155795938,1.011070307697018,-0.141752832998525,-0.13411570240399806,-0.0036997933421360515,0.0
CLI00289,0,0.051,0.3286181041593792,-0.19138943938865471,-0.0363487476083876,-0.029102750479476292,-0.022638908683488293,-0.14125237612872052,-0.1413915295945373,-0.03424247262428055,-5.666925426289552e-05,0.03246773382489352,-0.29613823269308626,-0.35406390067187193,-0.0538814689064369,-0.002153213902317343,0.0
CLI00290,0,0.3388,0.3130375857454735,-0.09604320459145288,-0.07379326869697349,0.0006381568451338227,0.0163638965504858,-0.06651700179736708,-0.05453612613666473,-0.021527869783222166,-5.666925426289552e-05,-0.029130312718285933,-0.10741873904418255,1.08278420368609,0.3521984143157361,-0.003368306083073559,0.0
CLI00291,0,0.1576,0.28476704275816306,-0.06634265601987335,-0.0853977861883585,0.006646354652197238,-0.03507265962475737,-0.280239647297535,-0.3458557707941825,0.06303403150144286,-2.5176245964135975e-05,0.050383676869155083,0.9195775311928592,-0.35080631445607174,0.14784971048122808,-0.0037313417802348828,0.0
CLI00292,0,0.0952,-0.7379019502929424,-0.0013077135914742824,0.009870051226811342,-0.04846103494999242,-0.11527527529362447,-0.14043335367329787,-0.04169199863088753,-0.06493905732424475,-5.666925426289552e-05,0.21874311835889124,0.5818005612392353,-0.1640134564889283,0.23607187765710225,-0.002593272933948238,0.0
CLI00293,0,0.0986,0.2748086160936187,-0.04825083326373105,-0.04441381968637621,0.024229872711694005,0.02035096351269196,-0.13262863657995755,-0.017749267925504218,0.03681467970253974,-5.666925426289552e-05,0.0018457752464002776,0.055304716544544955,-0.20655483576470993,-0.19136391725875784,-0.003704585250644838,0.0
CLI00294,0,0.1704,0.33054070410791037,-0.20363835901506724,0.026148864050099488,-0.03484386422058394,-0.03351326455754192,-0.1336880002877817,0.004286013254107456,-0.027530179446310924,-5.666925426289552e-05,0.1839794354967981,-0.3620838428864868,-0.19983167617673026,0.8504250190300094,-0.002089507438292667,0.0
CLI00295,0,0.0325,0.27229678160318216,-0.014460391734187908,-0.029177074439287118,-0.050955332370701364,0.008301109436905721,-0.29560239609653716,-0.03458373507698085,-0.030089003487282603,-5.666925426289552e-05,-0.22911556689607165,-0.791031502248981,-0.2709733659876091,0.061610943809412656,-0.007224963439844114,0.0
CLI00296,0,0.0412,-0.5507749011979318,0.3035352222445031,-0.02853673790874718,-0.036851043267879864,-0.09016903609471497,0.27646535821612456,-0.1300780820955253,-0.03661623272657305,-5.666925426289552e-05,-0.06102823327710277,0.010971039341508268,-0.5561570725277714,-0.26232118921978903,-0.005522913862557948,0.0
CLI00297,1,0.9023,0.4303869677000794,0.25611584187293535,0.02461221105008309,-0.08008956255242247,-0.0031849300866890083,0.25389510512476154,-0.04663898563225022,-0.046977677845858525,-5.666925426289552e-05,-0.1475704089636383,-0.39913144362542124,3.6281315865338746,0.33733811959324667,-0.0030759653481356695,0.0
CLI00298,0,0.1845,0.37684857945403805,-0.05217663453415331,-0.04707572463451448,-0.007250307930831651,-0.024932050470233037,0.27508262202608336,-0.05506630636230254,0.026373200097231105,-2.5176245964135975e-05,0.27548220686310226,0.43921613972142826,-0.35008792949628753,-0.3593719914157204,-0.0019065433218833725,0.0
CLI00299,0,0.1386,0.1996103504749059,-0.015059820611989794,-0.04612141805740588,-0.01615491731243056,-0.02380959167775676,0.34041982495100165,-0.10193201758336622,-0.017006614604684354,-5.666925426289552e-05,0.04465102563627144,0.08279810666763975,-0.574724116756196,0.28438426419683627,-0.002732600383489593,0.0
CLI00300,0,0.2387,0.3575330790827168,-0.1503189004701217,-0.012158154875602508,-0.04725577839342191,0.023802599173933715,-0.23813867352536855,-0.06298277765580436,-0.03247090986475966,-2.5176245964135975e-05,0.017995867010382173,0.8475553176393948,-0.3013403233633565,0.42201101649525785,-0.002545740619213464,0.0
CLI00301,0,0.0413,0.20202344334729783,-0.13291969400825826,-0.029302002888298106,-0.09550443138192281,-0.0029709424831926828,0.20702503647089132,-0.06949935381344538,-0.058278859317298676,-5.666925426289552e-05,-0.22981253047002892,-0.5363204851480734,-0.3223117067756591,-0.08939099824665696,-0.005919593938706935,0.0
CLI00302,0,0.0295,0.2593981836533152,-0.12509278954692202,-0.035618731121718504,-0.084216028311315,-0.03087969662852069,-0.07347401268142012,-0.152021445322247,-0.06898575120545353,-5.666925426289552e-05,-0.009256878053204902,-0.5123712472144802,-0.5299047518262326,-0.14731727600431213,-0.0021982658549519734,0.0
CLI00303,0,0.1157,0.29918218278432107,-0.06830708071930705,0.002521219387207967,0.005872985775005737,-0.012740301111077152,-0.19051383476890196,-0.020035094895151522,0.17541955020755187,-5.666925426289552e-05,-0.25254542894542437,0.2707607629342625,-0.29381362631437347,0.03597116548959442,-0.004723282407863369,0.0
CLI00304,0,0.0491,-0.4728263503001605,-0.009008869967262146,0.029553051291359912,-0.0100633443962204,-0.1169171061783902,0.2509246132184066,-0.05227269169584213,-0.04556788525772738,-5.666925426289552e-05,0.0492577559058746,-0.570719724794205,-0.21237521287691402,0.1807765870921999,-0.0027176239992044,0.0
CLI00305,0,0.0239,-0.5767212997863462,-0.010964373961148466,0.01850351021093895,-0.022747196350734914,0.1415909763001207,-0.20068163729457436,0.16763812975357067,-0.006518654828860967,-2.5911968853409744e-05,0.23465052889655869,0.08910760709722286,-0.35536358583830807,-1.192781963746252,-0.013641721205441349,0.0
CLI00306,0,0.0477,0.3347360499032108,-0.1805517966429917,0.17087572729215797,-0.07163997100687375,-0.03825649283633204,0.11767434869963618,-0.013292014543020491,-0.06364738815027553,-1.6163270081987056e-05,0.33657848974029175,0.3658252042506902,-0.37930627849258786,-1.5895174223509818,-0.0021512599826444107,0.0
CLI00307,0,0.1047,0.37861122578971534,0.17772500948942727,0.10647445225761418,-0.044491669177102997,-0.015699970621352505,0.2932693481845552,0.04075650765120777,-0.03422924030253099,-5.666925426289552e-05,-0.03628409373753231,-0.2882898377185893,-0.5017110095967816,-0.2393776180022168,-0.0019354218205665404,0.0
CLI00308,0,0.0275,-0.3116933061543051,-0.0007194660771058664,-0.0214700189587819,-0.05475522484882913,0.0839138314615728,-0.096527677533717,0.02717750400598159,0.020699354322189643,-5.666925426289552e-05,-0.06778938412207755,-1.6848651154590037,-0.18448868432500679,0.7121250148457621,-0.007457474392338518,0.0
CLI00309,0,0.0297,0.21769480518302495,-0.05499540191777414,-0.024284944293827018,-0.030303793327926192,0.019608526792169068,-0.1808168324094291,0.015377900831566493,-0.012136849041023435,-5.666925426289552e-05,0.008089521872336043,-1.7506503296313825,-0.10797111578288991,0.4006793108082869,-0.004852907786688737,0.0
CLI00310,0,0.0126,0.2541566124994665,-0.15618961173295093,0.00925186925775775,-0.06877591211853568,-0.04737875183433139,0.09655348194113195,0.017408075922019622,-0.05926813926775321,-2.5911968853409744e-05,0.06966624684903716,-1.2444603704858193,-0.21412748374790627,-1.03260104781898,-0.001885915810639796,0.0
CLI00311,0,0.1466,0.34183071529333564,-0.0399067590051035,-0.07490386493653366,-0.04535906095721727,0.020065925700421684,-0.2790149889705742,-0.07067309699329351,-0.031846800578775904,-2.5176245964135975e-05,0.05808022781758603,0.8231655802949217,-0.15591620110983243,-0.3217887638649361,-0.003704845199938307,0.0
CLI00312,1,0.7148,0.41884700831667154,-0.15635938415847972,-0.08448713301790714,0.09987658322386923,-0.023028223802387546,0.4229173158459295,0.2090297703271947,0.03396735494990192,-5.666925426289552e-05,0.35617397908468995,0.766813007194276,0.04680517753896057,0.8120508963078374,-0.0025768878448024024,0.0
CLI00313,0,0.0649,-1.1014626601344435,-0.13190178034600208,-0.06114157503549152,-0.06845320355438768,-0.09934273351133682,0.1612583837095342,-0.24639620199613346,-0.055867425943027155,-2.5176245964135975e-05,-0.08773285370022471,0.8372085032284513,0.37996382896386527,-0.20590164742250228,-0.006041410811089154,0.0
CLI00314,0,0.0328,-0.6565806255520231,-0.05692706602957592,0.1872651415427957,-0.08839289916712118,-0.11411719571943582,-0.1262726879021036,0.024663226227265776,-0.05820247781714255,-2.5176245964135975e-05,-0.4468493217713115,0.35289579040700425,-0.5906202216002544,0.1741755984933951,-0.0022767799920590036,0.0
CLI00315,0,0.0314,-0.4472892286639443,-0.13592308131845443,-0.04527696655883961,0.04200804279391324,-0.1111512427685156,0.08367885917506676,-0.14337152860328126,0.09361217894848635,-1.6163270081987056e-05,0.07893375766128537,0.9617312555719302,-0.2362686139995288,-1.5844509361327253,-0.0032515109520358386,0.0
CLI00316,0,0.1231,0.5161718233136668,0.09828769108155733,-0.08553804109096715,-0.04115173366812455,-0.09277276325329958,-0.06943389855627984,-0.6751692812215371,-0.046376182998225726,-5.666925426289552e-05,0.048380167897039465,0.6960249095645312,-0.40700187571259033,0.0786270621888751,-0.002212463956648216,0.0
CLI00317,0,0.0734,0.26293582812817834,-0.050003213370749644,-0.05382458566730798,0.016157167856524674,0.01994060230206467,-0.19204069600601736,-0.11517218340825457,0.004847475287693618,-5.666925426289552e-05,0.0270685567781058,0.17496466761486862,-0.5211605455098112,-0.12496534084117615,-0.0036580121020090874,0.0
CLI00318,0,0.0685,0.2569790258619791,0.0850582903572486,-0.046772844482549696,-0.06091309611570262,0.017107643756134674,-0.42326311341413564,0.11737624139055108,-0.03885746216533848,-5.666925426289552e-05,0.07601032536788098,-0.7720288579684402,-0.3073028589598633,0.4808760517495274,-0.013552596755906405,0.0
CLI00319,0,0.1741,0.35428266408343567,0.08592624398212419,0.019927007774099434,-0.008526187865325389,0.02605954758267032,-0.027628883149999298,0.016499618631419914,-0.0014486829622203537,-5.666925426289552e-05,0.38175679802202,-0.22704689720665813,-0.45303518556456673,0.2597085629142624,-0.002320236101781067,0.0
CLI00320,0,0.094,0.32943337647857207,-0.07041967634986375,-0.04459538310207457,0.007335315137643634,-0.026166567738475206,-0.07025918808080447,-0.10793968888320105,-0.011117435369327907,-5.666925426289552e-05,0.02014710672452597,0.22339742158718284,-0.6029009226881695,0.07162285930118584,-0.0027814006254083517,0.0
CLI00321,0,0.0139,-0.5225624523995682,-0.03304930904065663,-0.06025723932931624,-0.04957949600038539,-0.1230622216905728,-0.1776032724961484,-0.07829954144627141,-0.05811881616216333,-2.5911968853409744e-05,0.02959748465927594,0.3576164261742855,-0.2505570377528008,-1.3103304333317605,-0.003296486260910376,0.0
CLI00322,0,0.033,-0.32435917858866997,0.0018717487166869913,0.04896286303021791,-0.13255022048476037,0.07742358995498304,-0.2048957913074424,0.1400579900497366,-0.13957007320632694,-5.666925426289552e-05,-0.194345821721965,-0.9587333567739751,-0.31434155289050403,0.6170817151485348,-0.012237269939178909,0.0
CLI00323,1,0.8067,0.2683402682881958,-0.15970550306105516,0.3870388126742364,0.10286314858578711,-0.010706060494996842,0.5238097861246563,0.013422623353056936,0.12506535774304342,-5.666925426289552e-05,0.16033256264788862,-0.15109580505372863,1.7070291511665128,0.44588899838134644,-0.001996512304055413,0.0
CLI00324,0,0.0129,-1.0900159097934055,-0.030191329992252193,-0.029197262152268637,-0.04036877585116005,0.439774090757089,-0.07884040004297183,-0.6401719350608672,-0.07313267409907193,-5.666925426289552e-05,-0.27827764566647073,-0.042218250002814636,-0.25447213964796506,-0.23646356979776473,-0.005969819153268864,0.0
CLI00325,1,0.7078,0.5533980716682333,0.26757560300237987,0.15480688068846582,-0.03468831737089023,0.055520580746522434,-0.10883628115527523,0.2331211808787102,-0.011295972517626504,-5.666925426289552e-05,0.051897040952653725,-0.2063732545401783,0.9349170704224002,0.9789238869662872,-0.0029134916317149415,0.0
CLI00326,0,0.0642,0.2328782634423539,-0.10498450846684614,-0.03131496339840963,-0.02719218608468492,0.015985102050872797,0.214876785324543,0.02072876606015966,0.023337781623854834,-5.666925426289552e-05,-0.021318870254211073,-0.6212042673179197,-0.24111384634080948,-0.154585793965178,-0.003960387952367803,0.0
CLI00327,0,0.1677,0.38829040128662135,-0.29120439734327064,-0.08715696556517347,-0.12055838066223344,0.010784688312419737,-0.13068890112869505,0.46358650782526517,-0.16077914642427268,-2.5176245964135975e-05,-0.10559428777594133,1.0647940839644183,-0.16896569864871444,-0.47029657085710314,-0.01296464735034066,0.0
CLI00328,0,0.127,0.2775116638810475,-0.1219288882489419,-0.042070745137883316,-0.006976542572611866,-0.025251832496910535,0.34864717520171784,-0.2002171258144623,0.01143875289152483,-5.666925426289552e-05,0.0879399134916758,-0.3062701094674139,-0.5057240831429828,0.5386523817908694,-0.0023980613605467287,0.0
CLI00329,0,0.061,0.2692585859502355,-0.17720039842807256,-0.001847207397628756,-0.053698166662717026,-0.03682127053557802,0.0647702388384291,0.024134065540274693,-0.04500910627908793,-5.666925426289552e-05,0.2080566302659986,-0.5205952510683548,-0.2945901264283365,-0.18714399896965514,-0.0022134694404042175,0.0
CLI00330,0,0.1925,0.41903810251981294,0.01766283750727536,-0.07148205710738621,-0.003980113072395903,-0.02893592564098384,-0.19769546205909633,-0.015116519376333194,-0.04947744286608391,-2.5176245964135975e-05,-0.4663367989159853,0.8382909506339383,-0.06875790634693647,0.17664852121779775,-0.0023438650059866488,0.0
CLI00331,0,0.1134,-0.5493731924661633,0.07356894401832777,0.02384161328598952,-0.03541255402061309,0.08194291482627032,-0.2690609655977633,-0.004263540062124485,-0.026170226161086954,-2.5176245964135975e-05,0.09869647007127415,0.49705247923676493,-0.3879430793801879,0.4271270774882359,-0.005339919938481227,0.0
CLI00332,0,0.1369,0.3050343388355722,-0.15825568821051178,0.010673581135116243,-0.07047824490351536,-0.030564722282828163,0.2503646000106138,-0.07235654603720511,-0.07101228053286292,-5.666925426289552e-05,-0.17425816270260452,0.16651731589536764,-0.30622515471068046,0.29280503658777873,-0.0022908557473531816,0.0
CLI00333,0,0.237,0.33346118689925,-0.21608144276083419,-0.01682409289001256,0.10454246755579616,-0.010089795372444463,0.28362277346638975,-0.05707354768282365,0.16820671352457797,-5.666925426289552e-05,0.13991603695537239,-0.24479070067616893,0.47294253066836217,-0.1437601772671272,-0.0018935926169930107,0.0
CLI00334,0,0.0309,0.3319905947628898,0.15120257116512933,0.02818721827484416,-0.07732854287768798,0.018805821014833902,0.23398318536315843,0.013220578608550212,-0.011178393135817673,-5.666925426289552e-05,-0.016190167081636026,-1.5722142259293455,-0.3958501339363562,-0.16777858328281736,-0.002515576997928885,0.0
CLI00335,0,0.0698,0.2716316799399783,-0.062461579718672215,-0.05148897843890539,-0.03662208192425779,0.019357046951166273,-0.1832258475216244,-0.14091866753639354,-0.038786944724510344,-5.666925426289552e-05,0.0062490861632454155,0.04417427961849023,-0.13963359099069844,-0.2931917639327623,-0.003089697097723937,0.0
CLI00336,0,0.0374,-0.6571362314975715,0.13955504952532163,-0.01989645008430739,-0.03273195404637277,-0.15823042967706735,-0.36322501835258,-0.06543524349053488,-0.027700256341964855,-5.666925426289552e-05,0.3021177857035175,-0.11890217604333894,-0.22822832140334545,-0.08793829429943069,0.05141793258992065,0.0
CLI00337,0,0.0398,-0.29116316684331883,-0.008195100627578032,0.0031096926354971005,0.08685060540649531,0.02576675823607802,-0.3135962041006968,-0.1304907757662847,0.2796268775667452,-5.666925426289552e-05,-0.27837454518820964,-0.16436099311332053,-0.35137146432021155,-0.05841594056337223,-0.0022559885212953177,0.0
CLI00338,1,0.919,0.2885247066029876,-0.04180777577014269,0.09641275169372714,-0.013014179852717344,0.024631504191910437,-0.12979805935284214,0.24986471386602088,-0.006358078976454377,-2.5176245964135975e-05,0.024496661421883545,2.5922595396175367,-0.08815122009907556,1.4160476654987868,-0.0026782920370185892,0.0
CLI00339,0,0.079,0.22743916817871912,-0.13092790344879646,0.1519486416988995,-0.05854162073310506,0.008753752688888745,0.20073440284577976,-0.03501863534059365,-0.039239949997834374,-2.5911968853409744e-05,-0.07640097156275501,-0.6719738432971555,1.4722605469695857,-1.5210415542696918,-0.002402574083446176,0.0
CLI00340,0,0.2188,0.32225972014114496,0.337526542263908,-0.030296299436185926,-0.018166566773090278,0.03823341396898191,-0.06712897906136452,-0.06758103341951298,-0.01299471534979558,-5.666925426289552e-05,-0.13830000415420116,0.07166412721951489,-0.18853965416742924,0.394061500961086,0.06811564950467311,0.0
CLI00341,0,0.1477,0.3795550937816594,0.17166983794464233,-0.0734524928209968,-0.014276135342498695,-0.024746907996289938,-0.4756662634187375,-0.28953562530686827,-0.02964047265633871,-5.666925426289552e-05,-0.16210335158576572,0.9078630526931692,-0.5560486248879047,0.35200304669953175,0.04280771711731752,0.0
CLI00342,0,0.0454,0.3848517502096459,-0.16400699100273602,-0.08180414569650014,-0.07724687501087793,-0.035814753385147224,0.3227669930586834,-0.847901933557262,-0.06860192327168539,-2.5176245964135975e-05,-0.4232337073825776,0.7134669147686559,-0.6617652031853596,-0.12303574669039809,-0.00220319233485273,0.0
CLI00343,1,0.8473,0.3949559176357357,0.08441803272787747,-0.015112641865527838,0.03589875933745528,0.025224071442188106,0.34548465133357115,0.2581431489289114,0.011084441593509716,-5.666925426289552e-05,0.8795996549534789,-0.17801330522957756,1.9963835546716913,-0.13366262550896302,-0.009609794823877273,0.0
CLI00344,0,0.0372,0.18466546688157842,-0.08621208682501721,-0.03645636275061857,-0.03312264567216873,0.0013871962188652144,-0.1891137974879187,0.058705215877902825,-0.034740732602340875,-5.666925426289552e-05,-0.2060565337661294,-0.2732896563860062,-0.4779499392333557,-0.17393424417812559,-0.005914443281759802,0.0
CLI00345,0,0.0707,0.3580693757833713,-0.16871389630214495,0.016576451338315708,-0.0316540538086424,-0.03678746505349542,-0.1275465302333587,-0.04537400719625953,-0.03335582215671497,-5.666925426289552e-05,-0.0004788394132099467,-0.3144538242406421,-0.17601519596320914,-0.033117678828843915,-0.0019284238683195546,0.0
CLI00346,0,0.0842,0.27442001534452626,-0.13470194615563563,-0.003969194750360431,-0.051772833351283125,0.0022553596277762283,0.13625971362801706,-0.018382195610714188,-0.030080927604792373,-5.666925426289552e-05,-0.22016307647898745,0.059299287005151954,-0.1746501247333368,-0.23879401992132823,-0.004933795215189016,0.0
CLI00347,0,0.0755,0.3788143608572523,0.1374956729186435,-0.08983867025104053,0.01994816477315269,0.01196574133040585,0.33091074156592615,-0.08096739376459713,0.08312162322781899,-1.6163270081987056e-05,-0.2858614558424453,0.8942436033722369,-0.3482928945795087,-1.5686150278748028,-0.006139291840307031,0.0
CLI00348,0,0.0612,0.2780954619423296,-0.1471037144414552,0.012904849150306973,-0.036520065546125226,-0.026358917762976886,-0.11876605059367977,-0.010055113610412064,-0.035874699434949475,-5.666925426289552e-05,0.11174541831054796,-0.2623324168516559,-0.3219500451363452,-0.19100259248010143,-0.0019691558687436796,0.0
CLI00349,0,0.0066,0.3060259712760351,-0.16553626658680412,0.009122776036691066,-0.08648570991308557,-0.009650797126867143,-0.7604688996689843,-0.10147382404950382,-0.05868801299429282,-5.666925426289552e-05,-0.045936697614201105,-1.641900607307222,-0.49089441428451347,0.017469684574239124,-0.002053847616180148,0.0
CLI00350,0,0.2374,0.4448706779742411,0.10320274866059453,0.20057497755280854,-0.03403615465418825,-0.051542315789886155,-0.3782448052704023,0.0031210398216433297,-0.038013026785430074,-5.666925426289552e-05,0.01843840341717365,0.7707411335908163,-0.38953469196523494,0.16678168766138146,-0.0020931431452955273,0.0
CLI00351,0,0.0482,-0.5395895396721746,-0.2859535078521643,0.01658698758247201,-0.04975057185806317,0.10787923295200694,0.16184705796328103,0.15394951276566227,-0.02676966547603619,-5.666925426289552e-05,0.19820962888053956,-0.049698403286046175,-0.3631040082453487,-0.31297998670636445,-0.012792154856129362,0.0
CLI00352,0,0.0684,-0.5099407108585282,-0.12751494579943035,-0.04307979135300269,-0.011619298505163739,0.08692829059296191,-0.20663279354384045,-0.03921637045184058,-0.007606503790147851,-5.666925426289552e-05,-0.1837753147319534,-0.025798115082299025,-0.4036476816562149,0.8507426311979581,-0.008813971384436502,0.0
CLI00353,1,0.5909,0.40799983540349716,-0.17955148937168092,-0.04021379011602982,0.011868501322600188,-0.034657542808830745,0.36783214470778747,0.3697333652220932,-0.01903595304861298,-5.666925426289552e-05,-0.1154869043076733,-0.4567643022827483,2.107684706297515,-0.06842155070815402,-0.002178314757597472,0.0
CLI00354,0,0.0727,0.23007607933872185,-0.08317746619751462,-0.03018427612322368,-0.03689194049683522,-0.06502051151983212,0.3307772632311553,-0.02458607038108238,-0.0312686029633934,-5.666925426289552e-05,0.004265331237351683,-0.33015455837935015,-0.2652838311230881,-0.26055996491454003,-0.0028387686110278,0.0
CLI00355,1,0.5979,0.39088121364078027,-0.05039325069499404,0.05817086906549527,-0.03744855962504181,-0.025754423128333162,-0.09290421744190563,-0.021384504713908035,-0.0405093118913685,-5.666925426289552e-05,0.02315131118786952,0.973566558812232,-0.07500376092004274,1.2777240903484728,-0.0021359604911766906,0.0
CLI00356,0,0.0136,0.2570267781393553,-0.1612947170132007,-0.02850764379817096,0.003463540688591658,7.286801549083792e-05,-0.15663967862941314,-0.042087157780023435,0.011454573651899145,-5.666925426289552e-05,-0.27502001567029666,-1.4779738098521187,-0.28523318352064625,-0.14233663123657755,-0.0058480967228320855,0.0
CLI00357,1,0.6692,0.4698046185696086,-0.16288188338423376,-0.09719439344383352,-0.001936514687094576,-0.0195066435572659,0.17074101764056052,0.15539688539920285,0.01699463474614295,-2.5176245964135975e-05,0.31152549808204466,1.2060328883148412,0.5209585976969136,0.11823070641027064,-0.0023728115370227607,0.0
CLI00358,0,0.0932,-0.9518406287014757,-0.04543551987984132,-0.014994474118911305,-0.05977827970092324,0.026024655104050998,-0.07958005189183745,0.028431797156941392,0.036307248170615376,-5.666925426289552e-05,0.030962055930993104,-0.20328697077672894,0.9653172710911233,-0.02079389218299989,-0.0056555501051483055,0.0
CLI00359,0,0.0862,0.3205440990813405,0.07720095709944388,0.007691146166413994,-0.008339413204482275,-0.03905802516503646,-0.05247357441687779,0.02211317295127046,0.05890813275251015,-5.666925426289552e-05,0.008670183504508771,-0.6564381816723043,-0.3350091490324552,0.21861179116192675,-0.002014179247112078,0.0
CLI00360,0,0.1141,0.22642195860238035,-0.13944624408469514,0.0054179190214897425,-0.01899765406060865,0.002708469810178472,-0.05303411182373582,-0.03872853860728251,-0.008076049541660843,-5.666925426289552e-05,-0.2745517533137986,-0.9173025567826018,1.1857971828530716,-0.03589444937970012,-0.002849581943822607,0.0
CLI00361,0,0.0302,0.20122837174658448,-0.14797535124651162,0.008867688446869635,0.0034879299041808485,-0.0019199011448081758,-0.10565993859222036,-0.04160343915196172,-0.00421530400932203,-5.666925426289552e-05,-0.20933744137750926,-0.6534092057724701,-0.3552520995448948,-0.1777215763976235,-0.004809547477332527,0.0
CLI00362,0,0.0412,0.24964420443521762,-0.20846517978560275,-0.03687575038800254,-0.013354035573465992,0.0010631048237956758,-0.16312753060412244,0.05807064630376448,-0.021128310793185914,-5.666925426289552e-05,-0.21387713275691955,-0.17799822086524683,-0.47890528655080356,-0.15498817561240166,-0.005929674961824665,0.0
CLI00363,0,0.1094,0.2407510353032156,-0.21794361247490457,0.08018038584778066,-0.03301577703590688,0.020381554714036732,-0.18990092601350328,0.20589634285447722,-0.03288065388036679,-5.666925426289552e-05,0.057483571950657494,-0.030826011740423643,-0.4762748949904969,0.27307083388748316,-0.012042369310193092,0.0
CLI00364,0,0.0691,-1.118866505959958,-0.3875055941323018,-0.017544358422449297,-0.0050407437537424524,0.11114000684725861,-0.2421019191179321,0.15433574078063753,-0.07066795457140583,-5.666925426289552e-05,0.06475234378791714,-0.12248752816700362,1.2407221106192592,-0.21378742443754137,-0.012122724928258022,0.0
CLI00365,1,0.6393,0.32931081682892094,0.6793872569656494,0.015568724457609692,-0.03138833220988339,0.002481330764507734,0.5172579957205384,0.053077684637160776,-0.03360817983251486,-5.666925426289552e-05,0.46725383255496583,-0.16661920644256828,-0.30936570976746103,1.0327044965855892,-0.002635735883306871,0.0
CLI00366,0,0.0438,-0.6959005458197495,-0.17715668498840972,0.002812217376391274,-0.050074736142094116,0.09019985842509615,0.090946777231121,0.0008771745090775568,0.003733967065931768,-5.666925426289552e-05,-0.10137678040708988,0.042678600162732144,-0.27945506739658293,-0.02415292147748446,-0.006108864789898668,0.0
CLI00367,0,0.0241,-1.0168558856953842,-0.05055356907823348,-0.10397327582239468,0.16050941256431736,-0.01982696087666775,0.1203899999227414,-0.1766537519731685,0.14064377070117456,-2.5911968853409744e-05,0.05350843014115037,0.3638688587775999,0.22435457988313823,-1.4062649774714335,-0.009915919476577459,0.0
CLI00368,1,0.7924,0.46785047826328846,-0.1555573629650719,-0.0797746363470065,0.0002605820559391481,0.010114655990237056,-0.08354537381162469,0.9756120834647928,0.015085024833499956,-2.5176245964135975e-05,0.07528867261995024,1.8259072996187675,-0.0687021871037731,0.35130527471682926,-0.013123114830293258,0.0
CLI00369,1,0.9002,0.3253209081983773,0.027620506311549872,0.25639851892063986,0.008711351946687347,-0.011136259271676415,-0.3001426858831504,0.3601593048463472,-0.00012119470745714147,-2.5176245964135975e-05,0.08364610827593659,2.48245322286689,-0.05585205581296585,1.0061781180455232,-0.0021557513176912154,0.0
CLI00370,0,0.1018,0.2705954722214896,-0.020987933948929827,-0.03576140333631751,0.04598231143840005,0.023933736037591555,-0.10504220768167191,-0.06344209029092751,0.06148685278606495,-5.666925426289552e-05,-0.02871820499971889,-0.3018252837323271,-0.1452972811471586,0.10642314333068324,-0.003915293376162902,0.0
CLI00371,0,0.1423,0.40791061558057856,-0.04074564745670269,0.07292246496099354,-0.016465130333618787,-0.03212140352846194,-0.506135205692083,-0.0283578362456666,0.11999894519001511,-2.5176245964135975e-05,0.05416640244600658,0.884123644393101,-0.3684871713793023,-0.3600513703476506,-0.0019391711576425788,0.0
CLI00372,1,0.6011,0.3357474392245047,0.29868936032987725,0.004520078602019045,0.2154861398231379,0.05991487055271125,0.5108842603187126,0.10750133187842745,0.33001022762460525,-5.666925426289552e-05,0.19148709543973402,0.152736916254768,-0.22780582323247284,0.4151017950313785,-0.002750450580848095,0.0
CLI00373,0,0.024,-0.5124536320208518,-0.15863528127819654,-0.02774348420289394,-0.05943804445632986,0.08206740199008576,-0.09891113898023007,-0.024538334668628366,-0.035895187177057114,-5.666925426289552e-05,-0.23231534908464382,-0.529516470614897,-0.33262386659919474,0.21437106923642057,-0.008867953054238646,0.0
CLI00374,1,0.8267,0.5041193271221813,0.14864747558673921,-0.05255750336758158,0.046123667656816796,-0.018311082692199405,0.07644578003692423,0.005005775710514346,0.09148581528428158,-5.666925426289552e-05,-0.09445573930121363,-0.02502714274737297,2.674121773995954,0.19052680872050817,-0.002155594297014138,0.0
CLI00375,0,0.0805,0.3549849204997026,-0.11149025859444255,-0.09025989273698934,-0.06630578652645852,0.015402265483255073,-0.12500580467719494,-0.021306689610692518,-0.030865308073765533,-2.5176245964135975e-05,-0.21801357575496533,0.4390219886054539,-0.28097194852393576,-0.312989627370072,-0.005946066371205901,0.0
CLI00376,0,0.0709,-0.3931038362878526,-0.049754718864457814,-0.061419102373356974,0.009480770398731833,0.09602281308095612,0.296075505271327,-0.18993203442918585,-0.02666649979292623,-5.666925426289552e-05,0.02031913572342132,-0.09471460775224376,-0.47685191170999813,0.2846711837008497,-0.005775115070920966,0.0
CLI00377,1,0.1124,0.28187540923189697,-0.0808900154741082,0.02228597697105632,0.04184384129597415,-0.02900470864499372,0.08404132698706288,0.023994011712253314,0.056037875226865944,-5.666925426289552e-05,0.21511011344316017,-0.47044568504951545,-0.2647369230078819,0.03697831077195991,-0.0019269026723184328,0.0
CLI00378,0,0.2114,-0.7757833696301463,0.36705662442013864,-0.12196992698879046,0.013291686397794614,0.024507135512537262,-0.13337665942639085,-0.0650953376999506,0.0005310587485451778,-5.666925426289552e-05,0.03257311792640573,0.48724530960066825,1.1060284397432842,-0.26385849770690517,-0.006162506201187463,0.0
CLI00379,1,0.2028,0.3712563389111483,0.10224573233039655,0.15856179816216084,-0.02394970184625859,0.02387425847111138,0.26676007282707054,0.07120128223243344,0.02858940145257509,-5.666925426289552e-05,0.07527999673720624,0.039633665286815244,-0.3479117314060776,-0.15043921626564186,-0.0024759541533034067,0.0
CLI00380,1,0.8398,0.4306721562519462,0.2822137354475256,-0.09936145587761752,0.03046486379734579,0.0180818904500599,0.48240322555595216,-0.0506151186978,0.06610895733175794,-2.5176245964135975e-05,0.04172823724151616,1.3236780295019333,-0.25694118872708377,1.3736300496184712,-0.0037405285831009325,0.0
CLI00381,0,0.0391,-0.31776577030435216,-0.04879100713820807,0.030396714553327306,-0.003586042676600002,0.05529955213358162,-0.11238761528007687,-0.024038866571336494,-0.01578009372522652,-5.666925426289552e-05,0.05387733167057223,-0.49877150212605137,-0.332460070756613,-0.0029926023267817558,-0.004443319630424133,0.0
CLI00382,1,0.3571,0.29189333132864503,-0.07808696449432356,-0.03565052591642868,-0.06747664048070798,0.023493989322584174,0.7577040983733858,-0.03106489998852195,-0.055797117416511124,-5.666925426289552e-05,0.035783101687980906,0.2511274795116113,-0.1264452634136967,0.4318371444831442,-0.0038936030159282616,0.0
CLI00383,0,0.023,-0.476787618033257,0.17944424907856607,0.007050972883140898,-0.03062446328301782,-0.1347715215724572,-0.1308117466995938,-0.027548467486240024,-0.02372585953586745,-5.666925426289552e-05,-0.11704684134290132,-1.5366226586855571,0.29235467662069015,0.18185090671824375,0.05096481666209107,0.0
CLI00384,1,0.6865,-0.5573958650452089,-0.12563605251046256,-0.05508134879337517,0.04987209945706693,-0.111482020865405,-0.08882913090726102,0.17228163297525328,0.11565176547338352,-2.5176245964135975e-05,0.2554979973309719,1.9868847664378662,-0.07190712983696959,1.198188567197752,-0.00287708397017004,0.0
CLI00385,0,0.0349,-0.6167826222780399,-0.014407828722966117,-0.0909064809693576,-0.025405955281911415,0.0867595905059486,-0.17854054748824533,-0.15208813021332412,-0.03145929648929224,-2.517624596413597e-05,0.14977701871274451,0.09939781491739072,-0.005917978243314144,-0.5526200918383629,-0.005777982947661895,0.0
CLI00386,0,0.1118,0.2559269322760224,-0.06986612614588603,0.008879193363110058,-0.03225855061175943,0.01933064463996359,-0.10211001306165018,-0.014531395470189518,-0.030537338156984978,-5.666925426289552e-05,0.0040190543353514725,-0.14756160965273626,-0.2454004785662482,0.26546350598874435,-0.002485790066072903,0.0
CLI00387,1,0.335,0.36073793488490247,-0.08504815490895878,-0.07110442961367622,0.08780835122884312,0.021284224267002612,0.35548454146164005,-0.029797123586935228,0.0953150939357988,-2.5176245964135975e-05,0.05857560294382129,1.160132144333462,-0.5284091755300567,-0.12550269032391848,-0.003700783463302721,0.0
CLI00388,0,0.0768,-0.44955100551369737,-0.004897012369683233,0.033091605802506835,0.008728221856853204,0.08291189557122502,0.36172028057731925,0.1417264408874531,-0.003014302786126606,-5.666925426289552e-05,0.3207891423335251,-0.6066409350362044,-0.2557137450056623,-0.12359272074305377,-0.01122853452851042,0.0
CLI00389,0,0.1014,-0.8476443481938494,0.20310755007870615,-0.0026582286667182218,-0.07999177944537546,-0.12249058974274792,0.21926768879657563,-0.08937188690706795,-0.07002340966145175,-5.666925426289552e-05,-0.23101276684076136,0.5191911076122232,0.0745524429824546,0.18086655155755785,0.04545619191075509,0.0
CLI00390,0,0.048,-0.539709311933554,0.007767818481222338,-0.025993696368763603,-0.027470401061294374,0.08396012070652105,0.18927185730985754,-0.011225442190002127,-0.012478798215862933,-5.666925426289552e-05,-0.013508734002499884,-0.16260023776026925,-0.27360295721217165,-0.19072123534491392,-0.030634466407084372,0.0
CLI00391,0,0.054,0.18545176598002922,-0.149191139670734,-0.042875175765715944,0.020952394011666674,-0.004197081822808163,0.2654746599365345,0.06334841919925437,-0.017873022586358076,-5.666925426289552e-05,-0.24582514159852878,-0.2735520055008961,-0.4571287730230397,-0.22022855425286908,-0.0058689025481095955,0.0
CLI00392,0,0.0504,0.22158764773071765,-0.08173915505603555,-0.032276643496072364,-0.03573745659262427,0.01806426958425023,-0.12961574241741983,-0.16922618740828593,-0.000601071910099751,-5.666925426289552e-05,0.024132403492454862,-0.7529591730337944,-0.520098983327288,0.5078162961850385,-0.004292823871160702,0.0
CLI00393,0,0.1049,-0.5264293122293333,-0.2586922423718472,0.007802795647833533,0.03233043414580513,-0.033757305754958764,0.35540399937819966,-0.08626387561357415,0.12482435383867989,-5.666925426289552e-05,0.03759019281609718,0.174924280803289,-0.32402032441858497,0.3389872713596623,-0.005061408293085228,0.0
CLI00394,0,0.0364,0.3121535985308941,0.030027113798538098,-0.06805185198585081,-0.04067724087915235,-0.03774708709353309,-0.13058692873333028,0.03251895181881625,-0.0417912200159948,-5.666925426289552e-05,-0.2882853473617641,-0.16605604273435204,-0.6498713812977317,-0.24325364273632358,-0.002154837758850706,0.0
CLI00395,0,0.1462,-0.8416450853241768,0.015690979862211046,-0.05442899715621548,0.07582761944528052,-0.02690853837759919,0.3099167205516396,-0.028647165769270753,0.1737869603487693,-2.5176245964135975e-05,0.058692087412512556,0.7406968831056614,-0.20831714561984485,0.020244457228152043,-0.0185160450619953,0.0
CLI00396,0,0.0491,-0.1317438071367329,0.49954762393352575,-0.02513889632623513,-0.03188406007071335,0.07486802585182055,-0.14454680349989715,-0.09692361541817729,0.010610116595932069,-5.666925426289552e-05,-0.2664087005628728,-0.47824982186932097,-0.30072643869805016,-0.08306996323494584,-0.008652140997363751,0.0
CLI00397,0,0.0298,0.3369880847824083,-0.18626976159846742,0.0005725796514427107,-0.010586004733200897,-0.03389353498355506,0.1301546655734362,0.026978448987152338,-0.01579067750533085,-2.5911968853409744e-05,0.019966338102674484,0.05603524380496553,-0.4451782790666667,-1.3782663047569381,-0.001847356288277072,0.0
CLI00398,0,0.151,-0.963464657597917,-0.09287042370776921,-0.08662621368988209,0.05252354756119476,0.08113727667149984,-0.15569568807207762,-0.18300796419861592,0.10809379107004587,-2.5176245964135975e-05,-0.018822700989157413,0.753191482470757,0.6411989592713832,0.1241599257751526,-0.00553613686926057,0.0
CLI00399,0,0.0162,-0.4512028510660655,0.01846694315608281,0.02166113207115489,-0.006548333435074455,-0.12415975955308131,-0.177653671448573,-0.005868217201502535,0.05356257604640558,-2.5911968853409744e-05,0.016157152765860123,0.02712760485847193,-0.24969956666198065,-1.2451244350027453,-0.0023958066182603556,0.0
CLI00400,1,0.5941,0.35493750060089907,-0.18360766731363823,-0.04116201117318287,-0.017659191863710694,-0.03402315519740689,-0.06500576699140645,0.32880901238924165,-0.014118702350393414,-5.666925426289552e-05,0.9558948243446708,0.23941192852919876,0.14451455273833527,0.6966854418499122,-0.0024618856956307965,0.0
CLI00401,0,0.0193,-0.7632868257183597,0.28789303501725116,0.04283394232794552,0.11109601962188487,-0.04604640766426395,0.0266475137924618,0.01915247081484521,0.1277417398726104,-2.5911968853409744e-05,-0.1975799630731669,-0.006608490171101039,-0.29150953265041163,-1.2545163443310534,-0.003985234225890295,0.0
CLI00402,0,0.2147,0.3260787522159323,-0.03920191213863954,-0.08080724809400763,-0.1134720422811948,1.6897842047023743e-06,0.16895935448566932,0.1545252380127953,-0.09505805283217482,-2.5176245964135975e-05,-0.0004511005769181816,0.8660724201085133,-0.22432896421618134,-0.2754387806575957,-0.002379686317397939,0.0
CLI00403,0,0.0679,-0.603676049199304,-0.0406845104877527,-0.011348300708883458,-0.0327504796386813,0.07991848803102657,-0.20319107354250135,-0.007519350204069652,-0.017875784188175828,-2.5176245964135975e-05,0.323356500927207,0.564322180915093,-0.3352764151801257,-0.34793579541917846,-0.0051185364777501805,0.0
CLI00404,0,0.2428,0.3242106123729454,-0.07151587659244306,0.09501567305654567,-0.003288354187848309,-0.02396217606335454,0.2867229946200903,0.0019330434336755752,0.05730411363980744,-5.666925426289552e-05,0.05514910549185905,-0.3805493305145976,-0.21394322765476873,0.7191332961306015,-0.0023320662669498553,0.0
CLI00405,0,0.0902,-0.8698883113370024,0.011994881810105038,-0.050155142839775145,-0.009347939267007539,0.007261195865911178,-0.25506226421489114,-0.059732649722431364,0.1542618439675696,-2.5176245964135975e-05,-0.2134413348913568,0.7366308475693979,-0.27399833826159997,0.5261128978616806,-0.034713575511351936,0.0
CLI00406,0,0.0225,0.3218962161348518,-0.17990393974931296,0.023056311511724867,0.0290484061534993,-0.010661317709403447,-0.12123459602348365,0.011858410840217265,0.08438241068083703,-2.5911968853409744e-05,-0.28501179594464005,-0.24332119178265915,-0.20125013310098833,-1.2132842569265379,-0.004728832122027276,0.0
CLI00407,1,0.4125,0.4367977769970998,-0.1727202425154452,-0.0059515834796358465,-0.05513722300196373,-0.032353707179395716,0.541644386605349,-0.06740043624839732,-0.056779193787961015,-5.666925426289552e-05,0.3709261172499391,0.7037772064503725,-0.35232036682787876,0.3188457732924742,-0.001864168536574452,0.0
CLI00408,0,0.0121,-0.7679810785675159,0.05058749777125786,-0.05306409344077896,-0.04087798222132733,-0.12479217498782937,-0.18819088964928868,-0.11928390427513674,-0.04536136051756269,-2.5911968853409744e-05,0.21246341530950127,0.1369911973980123,-0.21614789843032833,-1.2607545493516705,-0.005728638507802108,0.0
CLI00409,0,0.1054,0.32446453105620016,-0.10559414224147166,0.08521392359293782,-0.13692070700470477,-0.02457808967780753,0.2712223376494992,0.017604286906535517,-0.16037281717218269,-5.666925426289552e-05,0.04980255232746178,-0.28677526346626026,-0.26896449793171434,0.08016189610679282,-0.0021239575163883467,0.0
CLI00410,0,0.0433,0.22355635305041463,-0.10540294703885868,0.009146078043534803,-0.02549581137175899,0.0013742216089134727,-0.062393775469060296,-0.04225174021656948,0.008695350461770944,-5.666925426289552e-05,-0.3157087053158904,-0.7464098617751872,-0.22512111723827188,0.16995950083531058,-0.0048818433480535255,0.0
CLI00411,0,0.0443,-1.0270140010636566,-0.13638643151437133,0.024710808383581667,-0.05154484950723865,-0.12824553707932554,-0.1831536162159245,-0.15244201021971154,-0.04786802726614285,-2.5176245964135975e-05,0.05112068016525665,0.6549064622103036,-0.26686320957444487,0.17306055928901964,-1.2084947987591646e-06,0.0
CLI00412,1,0.9308,0.053333150673020094,0.13027552947374166,0.1311849006494027,0.24234805102203383,0.021942453559177316,0.4162378937984291,0.14474086167952332,0.5251054019207817,-2.5176245964135975e-05,0.02400881425140717,0.981188522768688,1.5957355356275715,0.3103258245811259,0.003425203560860696,0.0
CLI00413,0,0.1061,0.35448146269179837,0.02520395433022062,-0.0704168719961994,-0.10242887797567163,0.004957250662019647,0.23639808066761125,-0.07600347375863056,-0.046263511351092926,-5.666925426289552e-05,-0.30685519662098615,-0.008826048803848543,0.028272620642207546,-0.184643616846805,-0.004097047671209013,0.0
CLI00414,0,0.0725,0.3131403317291019,0.42749870900584913,0.00883298369038752,-0.019718831511949444,0.014603848383795526,-0.7844906260161162,-0.06330868186132813,-0.019716460839078524,-5.666925426289552e-05,-0.15813103225724043,-0.2939248843526848,-0.23897920947975707,0.19853560738576714,0.04820145823147228,0.0
CLI00415,0,0.0697,0.31804004533991637,0.07447973698516223,0.021138677540178803,-0.0837167838669366,0.006611799415006414,0.2783011297933999,-0.040537764767909774,-0.05337121656539888,-5.666925426289552e-05,-0.1990102684225724,-0.7264452259942867,-0.3986978921047428,0.1974960013565985,-0.00493254357127613,0.0
CLI00416,0,0.3944,0.5123673955920732,0.45340857176970684,-0.03043278263625126,-0.07209769587209694,-0.05448788257662558,0.2739234836264112,-0.10817281954385521,-0.054525901376273306,-2.5176245964135975e-05,0.026022107342487805,0.886957400502681,-0.17436995286699097,-0.13508846700154,0.029006942805129127,0.0
CLI00417,0,0.0652,0.25441395438658,-0.18858093668686554,-0.054280546096884784,0.007241251595382676,-0.03755303720592399,-0.11110556544596747,-0.001947116101915048,0.009593643583172164,-5.666925426289552e-05,0.35062625485965554,0.01825398783198034,-0.6019222479420117,-0.3234510316774561,-0.0021196617438336155,0.0
CLI00418,1,0.2616,-0.24539956757975911,-0.04359784434577161,-0.03488966036248116,-0.009576790324329494,0.09435399463374779,0.06365286062187855,1.2390941692054225,0.1282190808313549,-5.666925426289552e-05,0.07026933871311541,0.0913536676551397,-0.22447187732521726,-0.1798020718678866,-0.005795779796194171,0.0
CLI00419,0,0.0955,-0.685188668308158,-0.05023221184147547,-0.06712830565001675,-0.00302038760851034,0.08286207007955469,0.13650469245578586,-0.032556517767503,0.013563833436638513,-5.666925426289552e-05,0.19254747718006066,0.5029882715715827,-0.24155620889551382,-0.1097452545356885,-0.006362064149510369,0.0
CLI00420,1,0.4437,-0.4168367049351009,0.03393560347785225,-0.06180429324011355,0.009118585483781994,0.07653306581432354,-0.07877178735120446,-0.015101178718164432,0.009331619463029565,-5.666925426289552e-05,0.008806190267677207,-0.020660834202742926,1.462272258752029,0.7552148014755036,-0.006982604867440292,0.0
CLI00421,0,0.0313,-0.46337089993756225,-0.22109676763474956,0.027880413641823063,-0.021173136215368416,0.08411421050695102,-0.1322655329986274,-0.02390693013282569,-0.01169561775456246,-5.666925426289552e-05,0.01946974027755012,-0.5553950910918197,-0.30771396197093276,0.16025044513870967,-0.005173683659925621,0.0
CLI00422,1,0.6333,0.36439131668521463,-0.13262112307846896,-0.020910107145483747,0.1022151435636835,0.036523747721537964,0.5029102648609262,-0.09021612089384023,0.16233389096811682,-5.666925426289552e-05,0.1726015370164851,-0.20883545230666167,1.22922575927121,0.4121176613661954,-0.0018922767739222484,0.0
CLI00423,1,0.7894,0.4452425491278317,0.14873923275509587,-0.06491574824700776,-0.013123321232108152,-0.014934859068183638,0.7543637007531967,-0.1649352750128998,-0.032849219061649275,-5.666925426289552e-05,-0.05255784457839546,0.2532881002970218,1.4658886443161507,0.5805629662579698,-0.0023417395295903523,0.0
CLI00424,0,0.2848,0.2736590035384375,-0.04980213303287696,-0.015477302774777666,-0.007139255570019952,0.019531081042313034,0.052420266562773356,-0.06597596008853056,0.02758849190467173,-5.666925426289552e-05,-0.025328443441720003,-0.01904059528467587,0.12164015991090874,0.7513024829642037,-0.002802462113933024,0.0
CLI00425,0,0.0879,0.2927978415592315,-0.1965208945747252,0.16664061115221165,-0.03783102211624164,0.021128092360316715,0.08268869996373863,0.09449619910383607,-0.041142195889728485,-5.666925426289552e-05,0.03825866666191747,0.11572485153176192,-0.5526295527671161,-0.3391757376195818,-0.0024356401709898536,0.0
CLI00426,0,0.2983,0.4409287180214628,-0.08820659991130173,-0.11878806342994763,-0.022624988918920563,-0.016349761498190687,-0.533436695780103,-0.25062450780883855,-0.04482698259037517,-2.517624596413597e-05,-0.04693770780595973,0.31903492952766443,1.2442150434520032,0.24575249739975938,-0.0021103460473610716,0.0
CLI00427,0,0.16,-0.42060988562878504,-0.0004984600080217596,-0.08230865895573745,0.009178597552444908,0.07923862573866927,-0.1705156245941921,-0.02599196799988101,0.053652509950806775,-5.666925426289552e-05,-0.2685561867534189,0.26604745240910505,-0.2160127259995957,1.1082878901281763,-0.008800153987221828,0.0
CLI00428,1,0.7027,0.3577426225422566,-0.04309745523217686,-0.06508011585683507,-0.04058301260357058,-0.014035870260936193,-0.11168656369323438,-0.20601240744890148,-0.04282095822074635,-2.5176245964135975e-05,0.0646618131947849,1.9143160785766435,-0.11524999432228193,1.1454582783003198,-0.002388593005542299,0.0
CLI00429,0,0.0824,0.34822745839364194,-0.12174981838668447,-0.08957246436725373,-0.05937782704743727,0.013913152692664566,0.19161301128946634,-0.048085081834658316,-0.04548010444608698,-2.517624596413597e-05,-0.20642213851300262,0.1953489707370432,-0.48385988006959674,-0.11739597775241108,-0.005956172992372422,0.0
CLI00430,0,0.0287,0.2271688473498599,-0.1024375210573825,-0.0054556476361033186,0.08664472555201529,-0.010925670544942912,-0.7992044820067669,-0.056700773010218024,0.06418790674026092,-5.666925426289552e-05,0.010784424148586675,-0.30362514983149014,-0.38440706433144795,-0.2635466133813874,-0.0027676287087678975,0.0
CLI00431,0,0.018,-0.48237797398035975,-0.23011570981474572,0.008632761721414887,-0.05803988128901558,-0.11019130405076008,-0.7985987702241114,-0.039360741574639466,-0.05859194924516458,-5.666925426289552e-05,-0.02981984057524017,-0.13814883342334183,-0.3316069127068579,0.255202945410903,-0.00266116095081529,0.0
CLI00432,0,0.1398,0.3391420590587879,-0.08883250330800413,-0.006864079412177922,-0.003954601341047762,0.0004184651953595204,0.14559843089011829,0.27572912079870165,0.03608009643743004,-5.666925426289552e-05,-0.02184681895885268,-0.33188369033707393,-0.08246237568142872,-0.09438483877897623,-0.0023904286727698815,0.0
CLI00433,0,0.3323,0.4481712177972476,-0.17647031389433393,0.12862677547204904,-0.0752402702796701,-0.03132987040082055,0.22903314666850688,0.000280474128820288,-0.07805814034106744,-5.666925426289552e-05,0.2722103315915171,0.8197910103766956,-0.4203821069374596,0.1685982204353205,-0.0019327318209648508,0.0
CLI00434,1,0.1198,0.3656423931384601,0.16763262125356415,0.011978780756979394,0.053297475028186256,-0.01284404453753679,-0.22348195383492755,0.024713303245313473,0.011318732497815096,-5.666925426289552e-05,0.022754625146650203,0.024045327515824638,-0.3003927159476312,-0.1556818543631353,-0.0018504035341438423,0.0
CLI00435,0,0.1179,-0.6411034932360453,0.03212233511232274,0.041585832092964015,-0.009765761013644902,0.09180069031288872,-0.3633003423309162,0.2538242983412616,0.010136696539284108,-5.666925426289552e-05,-0.043361618570409925,0.46056362269766193,-0.4161456332096764,0.5664509878203663,-0.013639840902634242,0.0
CLI00436,0,0.1462,0.36840539609961637,0.3764237435596886,0.1199253953585157,-0.03158087479387389,0.06132749484554987,-0.2908579456132962,-0.02838466450921745,-0.030714562897114727,-5.666925426289552e-05,-0.009382781892770045,0.1410906211695081,-0.3635592610119756,-0.12226959099564316,0.026348865562349905,0.0
CLI00437,1,0.5938,-0.753186002754383,-0.05502531509398964,0.05259411766359331,0.026603286144204524,0.09153083532704118,0.302317906165531,0.03305935061542803,0.008182015540257591,-5.666925426289552e-05,0.10387111555497912,0.5075619598141533,1.587536276317693,0.46092230122017863,-0.005035219094633523,0.0
CLI00438,0,0.0436,-0.7460581285444433,0.009727071479246978,-0.06962075899016966,-0.05525726565470064,-0.116875119926673,-0.17633706119435855,-0.16473948725872453,-0.06624290839239987,-2.517624596413597e-05,0.3348674347830684,0.17766912185986805,-0.054665681592180236,-0.17634872862481513,-0.0027077591799649302,0.0
CLI00439,1,0.1462,0.28735057410893716,-0.096747769129603,-0.04555649908973184,-0.012376086270980191,0.002881856019469145,0.7056419037941707,-0.04957660793683517,0.0015321981552406823,-5.666925426289552e-05,-0.25375353613806595,0.18609053104638157,-0.20907952167537214,-0.29395967518093835,-0.006156536037410668,0.0
CLI00440,0,0.2295,0.23770505318450952,0.3107335004694954,-0.009472228621042113,-0.01583443575475131,-0.008235925676166324,-0.3658424580244658,-0.3114957696445681,-0.020979200417063353,-2.5176245964135975e-05,-0.05891269520804388,1.1073502228887837,-0.3424932413747252,0.20689491921301967,0.040423579505420776,0.0
CLI00441,0,0.0741,-0.6985419769000856,0.011860806998151355,0.03980014686147201,-0.036828503765803475,-0.107781571865429,0.21475996802966357,0.05048664635165673,-0.03430515615516525,-5.666925426289552e-05,-0.04636423642694763,-0.35572091296201835,-0.3789972524849864,0.8015220716941811,-0.004135525473895283,0.0
CLI00442,0,0.0983,0.40089537085029353,0.10863192514700551,0.015453975099186244,-0.05792009350224196,-0.05061464970877029,0.33315484146818153,-0.1335591535794503,-0.04882951190172364,-5.666925426289552e-05,-0.011240762587237245,-0.2870839262302991,-0.2593787587104746,-0.2421912759595554,-0.0019292511720708663,0.0
CLI00443,0,0.0735,0.23173738536201624,0.3662325148059657,-0.0006490793384353318,-0.01723228308210306,0.022463047311889636,-0.6170663863044349,-0.03885010927285325,-0.0043041811168836935,-5.666925426289552e-05,0.09352417860777813,-0.7468232490772009,-0.12272216401139852,0.23699572357496237,0.044276106795126335,0.0
CLI00444,0,0.0669,-0.35687250602654585,0.007588452595015265,-0.02146116956805977,0.08037917597484566,-0.018938295825967944,0.034590270715724326,-0.10373827843638161,0.15318586638170734,-5.666925426289552e-05,0.0007811592846914774,-0.618491772222071,-0.26189949071232893,0.4546135729547043,-0.003872174091280676,0.0
CLI00445,0,0.0153,-0.5815365778501497,-0.002356112745247747,-0.056724337490346936,-0.052127176556332595,0.07052466609009692,0.0834762703128267,0.019300227869581965,-0.07127007762117922,-2.5911968853409744e-05,-0.1631527132660113,0.34610053541950936,-0.3664875679926607,-1.37400628651911,-0.033678965996555524,0.0
CLI00446,0,0.0417,-1.0549029543641355,-0.2639918316718145,-0.09852985428999923,-0.03468293062474376,0.11448023364029118,-0.21688221366857105,0.3625841961281013,-0.005998782296204059,-2.5176245964135975e-05,0.01075987482077634,0.3498917623740123,0.06758769201052027,-0.3471537442698799,-0.036834504931745844,0.0
CLI00447,0,0.0443,-0.4187799342203842,-0.06279888904200391,0.04427496460567051,-0.03828652537147572,-0.07608796233027937,-0.09437562785639289,-0.0968866430024429,-0.038585230664144154,-5.666925426289552e-05,0.2538320453154259,-0.16350656403139935,-0.35876669451565607,-0.038171568462719345,-0.0022784177498994733,0.0
CLI00448,0,0.0619,0.22463678026670791,-0.12264433591966141,-0.038937498073073215,-0.06567353820213354,0.015288464073338883,0.22463425846214302,-0.12743027339441299,-0.05705059062700674,-5.666925426289552e-05,-0.0017839511495419571,-0.2212260844320514,-0.34830809392713113,-0.2153951671150037,-0.003097700988016517,0.0
CLI00449,1,0.5185,0.5333782355601476,0.10809642446616063,-0.0741870645065344,-0.015824843539729374,0.025394353620551053,0.005293851797841244,0.0007726165110444907,-0.018401459637889098,-2.5176245964135975e-05,0.58328373478522,1.005885119918613,-0.3763411537882176,0.2816655444746501,-0.003659335373565311,0.0
CLI00450,0,0.1192,-0.5996003108336061,-0.26920526530226957,0.02302107901193133,-0.027706551276087087,0.057731323746327175,-0.115591579065419,-0.042578927321002914,-0.012011483339096223,-2.5176245964135975e-05,0.060322672025375744,0.6806555240382846,-0.20340758122441935,0.43425654304933686,-0.0046322709862234804,0.0
CLI00451,0,0.0354,0.37717855449134596,0.10416267617760636,-0.00046696972010501817,0.0013829899343567253,0.021653659783193717,-0.6860653162148074,0.15375396850794856,-0.019994183679206173,-5.666925426289552e-05,0.07807297511756786,-0.5156891135969387,-0.6785244588208765,-0.15730239813929198,-0.002356849885183604,0.0
CLI00452,0,0.174,0.13664089448687455,-0.09529058677536534,-0.04330574744725257,-0.057378345680889405,0.021537798043552984,0.30027063464494436,-0.05407444873623138,-0.043596832225842444,-5.666925426289552e-05,0.028473861160109557,0.1372584210676934,-0.3055152106883797,0.40251105564491246,-0.003814204273205499,0.0
CLI00453,0,0.0868,-0.9216435861161463,-0.02135881204442432,0.18525799542505486,-0.055255229235376215,-0.11504072415930255,-0.2536017748331198,0.047940917946446705,-0.08141437346615903,-5.666925426289552e-05,0.23147311569947568,0.5191923535239319,-0.42637082365980405,0.5230613600139371,-0.004173091417627738,0.0
CLI00454,0,0.1878,0.3309078949750092,-0.18083141920655854,-0.04491569261733313,0.01255019390020116,0.021822898035489945,0.331769975187297,-0.08831384345934344,-0.009242288161582624,-5.666925426289552e-05,0.023224025325182748,0.08807753960797442,-0.2506084017907354,0.28610681618926276,-0.0038790213943004524,0.0
CLI00455,1,0.6733,0.4923277723442761,0.42790516127777467,0.040423035054817355,0.011082926623275556,1.0592884354646916,0.06213354564434185,0.2543005883408252,0.015271948177398267,-5.666925426289552e-05,0.7891173367775518,-0.09937359628115947,-0.25097989270723114,-0.09526606166163323,-0.0017324488488089597,0.0
CLI00456,0,0.0351,0.29945478063985514,-0.11232471521298225,-0.04707857221906577,-0.03180026341564348,-0.03429293872969469,-0.08992388566449046,-0.09670677165255025,-0.043625384403610176,-5.666925426289552e-05,-0.0010919560907642271,0.10111593568361109,-0.5876574369042852,-0.6867840749665194,-0.002797020976694814,0.0
CLI00457,1,0.842,0.46066454073866564,0.06748887470542915,0.3364373426915191,-0.010012338312705885,0.02560697672326889,-0.2758609502292386,0.169005464415958,-0.019481802401595312,-5.666925426289552e-05,-0.03610884430586262,1.1074369125270125,1.519091332826223,0.312481692247002,-0.002400039222900885,0.0
CLI00458,0,0.0739,0.3272762884384888,-0.08841896214436637,0.2154211773367613,-0.06318391451600451,-0.02864382298816598,0.37464129275777397,0.006025841669379255,-0.058011227866966705,-1.6163270081987056e-05,-0.015509264589030966,0.7776201796982852,-0.4737571791739655,-1.518806342737571,-0.0019367211784711953,0.0
CLI00459,1,0.7335,0.4356383258589589,-0.07989981038898132,0.2822313189219333,-0.058421657814952364,0.0029834978676904545,-0.119472899205883,0.7469938814987539,-0.05176659182284778,-2.5176245964135975e-05,0.697696193581355,1.863983744678666,-0.203798933907352,-0.5127364356942847,-0.009476010190639922,0.0
CLI00460,0,0.3735,0.38627731491417167,-0.08088612481451123,0.19170087366347627,-0.0030190184751940664,-0.006490770265571254,-0.16023508366500558,-0.01607285011434905,0.03409915762733648,-2.5176245964135975e-05,0.024761404425904514,1.0201994995177937,-0.38356426738534777,0.4595453975078251,-0.0021061807617536853,0.0
CLI00461,1,0.4998,0.3250724182012819,-0.14294972837386166,-0.04242912393977592,0.12599311387083736,0.06536229736608148,0.4292744597242559,0.29363817011577137,0.21006862829952905,-5.666925426289552e-05,0.204893202461994,0.17323838456338825,0.00043272128975663205,0.34033796469904765,-0.0024841686012360108,0.0
CLI00462,0,0.0108,-0.4740745556314289,-0.05244592534977821,-0.0664537214989313,-0.10995682825786804,-0.07479298768454602,0.19441866909677932,0.13209434201699113,-0.08395847931207961,-5.666925426289552e-05,-0.07362590933973602,-1.4939271890589305,-0.24789028272932495,-0.17810493881599757,-0.002779293483665263,0.0
CLI00463,0,0.046,0.20201659198273275,-0.19199306270449346,0.030151589161368824,-0.023825129169676967,0.07277291873697234,-0.10786491148202136,-0.19560486984242278,-0.03397747497722353,-5.666925426289552e-05,-0.30173068832074157,-0.20883238209137944,-0.48303388434084177,0.19247795070489365,-0.0015428954281898686,0.0
CLI00464,0,0.0625,-0.8506498557841575,0.02601299270702843,-0.06383754845413027,0.017382290988822838,-0.1112650821377715,-0.17350790047716003,-0.18248285296928238,0.008942906186031855,-5.666925426289552e-05,-0.00677795113626021,-0.08729410686464215,0.41770572241775744,0.2866651762854513,-0.00842169338386545,0.0
CLI00465,0,0.0766,0.40235712924344047,0.0568442255010173,-0.11639053423476987,0.04777378816794232,0.0016168270557098015,-0.0753413116094199,-0.12458682900245005,0.08343033846800764,-1.6163270081987056e-05,-0.28570393247826154,0.39979791689921645,1.1394144952452538,-2.0334677054428316,-0.004102206877451396,0.0
CLI00466,0,0.2165,0.34753641344729974,-0.212114198065132,0.0037132480216160537,-0.06771524692309651,0.0029661942202672546,-0.022957519066676133,-0.08635353312993613,-0.036881026292374844,-5.666925426289552e-05,-0.1942852948736867,-0.7363074411419903,1.7600977661194857,-0.05945748358583275,-0.0028672838593556847,0.0
CLI00467,0,0.031,-0.3091063815745499,0.05615204382848054,0.019638818891224277,0.07614860165187635,-0.02671083503196812,0.35743920472517887,0.09055618267597176,0.12318115731305296,-5.666925426289552e-05,0.012035238724459694,-1.6004853194433595,-0.3710824836717611,0.11527990586356257,-0.0036129098774341536,0.0
CLI00468,0,0.1858,0.2767967081258715,-0.08470382078696283,-0.03709217680003282,0.007697529714692037,0.02043284849580856,0.26402222347175575,-0.02288229441449532,0.05754584827856853,-5.666925426289552e-05,0.06999044887419585,-0.2365233461594378,-0.14781822531127176,0.34021613439554765,-0.003902188159021981,0.0
CLI00469,1,0.5067,-0.33534909801180113,0.3647829387956289,0.16494732243200438,-0.04769074144245647,0.27694390302708616,0.38784039400990267,0.12132088820330002,-0.01685931403495197,-5.666925426289552e-05,0.35024813699249246,0.29827765341966994,-0.25895440988748675,0.20362538957604887,0.49878065008024924,0.0
CLI00470,0,0.0492,0.320996514366088,0.08639316686345355,-0.028487512961650575,0.12134605520916024,0.044584547240293586,0.4640294720590043,-0.13841424600869115,0.17890193807597696,-5.666925426289552e-05,0.02012462024069317,-1.6329402154446298,-0.25842415898908355,-0.15486792991989157,-0.002368649910791963,0.0
CLI00471,0,0.0266,-0.7278262893524452,0.31619325225296324,-0.020637661705440673,0.05176174079261442,-0.09379817064402982,-0.2759465717191768,0.2342684945274209,0.10091983480090615,-2.5911968853409744e-05,0.03516802825344975,-0.11237345121262496,-0.04482328820544588,-1.0752691794274087,-0.005731029481084157,0.0
CLI00472,0,0.0398,0.32055781469480693,-0.1424576510694041,-0.03965830290125036,0.020634218808112056,-0.03704975990208478,-0.19433524398404842,-0.17469618050940067,0.019522679391163814,-5.666925426289552e-05,0.009980743111701197,-0.145595772505184,-0.5881549677535483,-0.24880827082008009,-0.0021559010811134614,0.0
CLI00473,0,0.0229,-0.5070588199647225,-0.0071493227951272215,-0.019818243045288748,-0.048938111158135116,0.09222981797042897,0.22926258094057503,-0.11136246472328747,0.009101318614903124,-5.666925426289552e-05,0.07240769189880722,-1.4833313973054962,-0.1898464324267889,0.2105818658883537,-0.01908619809677961,0.0
CLI00474,0,0.0889,0.2818357235055148,-0.21351225675669178,-0.03507886416461269,0.12576436357631154,-0.04768697740914125,0.36357397894415594,-0.14455597940355636,0.17796513743647224,-5.666925426289552e-05,0.009955815916607763,-0.264654587416396,-0.34759084727793804,-0.2488722618601759,-0.0032964475778542624,0.0
CLI00475,0,0.023,-0.5344939584450452,-0.04763323066200895,-0.03872622463607249,0.10956082255760874,0.012374780989699312,0.15984596630555817,-0.01203086126369037,0.06068203601023898,-5.666925426289552e-05,0.047502333748479834,-0.3326473366380517,-0.21529016028519027,-0.9474418938552902,-0.03124696265212359,0.0
CLI00476,1,0.2713,0.3096899524019282,0.06331707412154604,0.05756442661793986,0.13107841120162894,-0.02655401987860588,-0.07016870351532337,-0.004636677411297046,0.16150042112558907,-2.5176245964135975e-05,0.052329591992788756,1.085094857242118,-0.4281424477119757,-0.3360023553209442,-0.0018692820794515362,0.0
CLI00477,1,0.9013,0.38653407754565705,0.3133931343640889,-0.02055703914579454,-0.008721817492822909,0.04780404591203644,0.5695359221291183,0.3988370708556989,-0.0291539959477772,-5.666925426289552e-05,0.6481915891394255,-0.09347201149375069,1.5187665553989473,0.42622797649027155,0.03611495939499455,0.0
CLI00478,0,0.0256,-0.6360009085478285,-0.0382291313436554,-0.028746731887375563,-0.14356219300133574,-0.12810859107803474,0.19748767517183793,0.0981470896982798,-0.16361694521933418,-5.666925426289552e-05,0.20609902406087693,-0.3812196882604479,-0.4566330343204586,-0.17648574243289528,-0.0061566388675681405,0.0
CLI00479,0,0.1757,0.3031605351800143,-0.07850613815071678,-0.09249869101914092,-0.06416478090364283,0.01789193444996888,0.3229708583522174,-0.07495328970306901,-0.0542122729212303,-2.517624596413597e-05,0.04502940906993346,0.07022751586971755,-0.4559445209768514,0.5003916747921466,-0.0038095691928944175,0.0
CLI00480,1,0.6316,0.4268751957668734,-0.006862170545479603,-0.08556598259561139,-0.04474330053005466,0.025984226128707887,-0.05802026001559133,-0.07808703782495634,-0.05486985080966082,-5.666925426289552e-05,0.05486449150107826,1.0719639407172594,0.9248602438982146,0.34763287043652324,-0.0036190800076705987,0.0
CLI00481,0,0.0688,-0.5562838429634734,0.5033567300187187,0.010404732649253135,-0.018906277707733607,0.11525730068192626,-0.1257319476559336,-0.072257297580971,-0.00512360512861215,-5.666925426289552e-05,0.21695348669028328,-0.3921000647392986,-0.33304212151723034,-0.07804845638411022,0.11103675780515532,0.0
CLI00482,1,0.3141,0.22600967628139376,-0.1063095860777452,-0.0008771135251004269,0.00294413390325354,0.022464339155642405,0.3372710167594527,0.6673792491136377,-0.011029252810219091,-5.666925426289552e-05,0.021815816036674904,-0.38844238760763006,0.16151442268590346,0.2701096250258052,-0.002591821072636788,0.0
CLI00483,0,0.1896,0.3748605438300318,0.14844420320712035,-0.04311057559912759,-0.02160960225785961,0.011047769630279801,0.4286931890647865,-0.08366842708206736,0.0015439591213214207,-5.666925426289552e-05,-0.2516380745737983,0.10424654635201155,-0.3526609359782264,0.218384996923036,-0.0061112361414765995,0.0
CLI00484,0,0.2109,0.2698133336166954,-0.0838439853082336,-0.002487051622796854,-0.059503570226138516,0.006745649447961467,0.25306100669061565,0.061244398717697754,-0.032127713885175144,-5.666925426289552e-05,-0.3416079405942268,-0.00520665516622897,0.004184366037499681,0.5944489883920873,-0.003159298109519322,0.0
CLI00485,0,0.0434,-0.8433158140742177,-0.15611565559084414,0.028129669710155476,-0.06990080974184709,-0.12917330010886263,0.2475237972541622,0.03377005869675667,-0.08120657317304614,-5.666925426289552e-05,-0.02229168503890933,-0.02881672838752303,-0.30456815765197875,0.2191717607306446,-0.004605603672695187,0.0
CLI00486,0,0.0385,0.2813292490863004,-0.07223878611235773,-0.06966965374831581,-0.03442913701351117,0.009779551425045389,-0.3695217191335818,-0.16395762455899898,-0.02592064326600066,-2.5911968853409744e-05,-0.09734238711595866,-0.06963003616966662,0.83671357263179,-1.4575469169495472,-0.002831190754470546,0.0
CLI00487,0,0.1337,0.3035464408223354,0.5150811487997706,-0.07760110843479529,-0.03259004815896924,0.032471517517063474,-0.34183940818195807,-0.07541993942956614,-0.027045238604316305,-2.5176245964135975e-05,0.021952780110313073,0.3190141165015852,-0.40608165944726327,-0.18386974047174157,0.06497968717181606,0.0
CLI00488,0,0.0382,-0.9616980927173817,-0.2436408511394343,-0.069014170249349,-0.033302029819109645,-0.10402892768008037,0.1651789163306373,0.0029567035367469036,0.023134331547542953,-5.666925426289552e-05,0.0938053348964232,0.4196982420459433,-0.3108669131998186,-0.20933950836503762,-0.018781028818083807,0.0
CLI00489,0,0.0037,-0.7128722084601806,-0.09691512536496392,-0.030728002035104042,-0.01992088076083548,0.06365626477662886,-0.13226677517912083,-0.07564520148326398,-0.038784475875123986,-2.5911968853409744e-05,-0.20565169115217882,-1.217905900806406,-0.18161116517913745,-0.9256832614932549,-0.03140297597856113,0.0
CLI00490,0,0.0391,0.19040731478202041,-0.08738773246486982,0.020990087125270642,-0.0017794110879201803,0.0006608554017664035,-0.24130306123465728,-0.05134754070495255,-0.005157111649216079,-5.666925426289552e-05,-0.2198020141534662,-0.8241411536421045,-0.21078137540518624,0.21360114111889406,-0.004678731911127139,0.0
CLI00491,0,0.1285,0.3305425901395034,0.06440813981199571,0.025831322702953973,-0.04122556403826051,0.010525689982432597,0.3069222582744848,0.05827997794111638,0.01363493354691384,-5.666925426289552e-05,-0.30281746821921185,-0.3062468575808621,-0.33686108226880024,0.24929925427412453,-0.004874596298738315,0.0
CLI00492,1,0.5242,0.42121496807742076,-0.18618156082350373,0.17779852319034586,0.11691073109638131,-0.007321280986220005,0.5412548422908142,0.0013438801566670096,0.07711241356392402,-5.666925426289552e-05,0.07605532697964164,0.9836611799902553,-0.42260251271824223,0.30079009162252807,-0.0019891914423728245,0.0
CLI00493,0,0.0699,0.19280095083728954,0.008438324393176374,-0.003237481591614265,0.04074073616302753,0.0017743562714764639,-0.8247035410462434,-0.1012805368752132,0.1413702347642918,-5.666925426289552e-05,0.029353593140234526,-0.05717664976813493,-0.27462448159233127,0.24329360373178993,-0.003902374121674591,0.0
CLI00494,0,0.0464,0.2795129763804937,-0.1536561763017375,0.016186126253263437,-0.03215839615241825,-0.03457863206722153,-0.1510983597073264,-0.11789415407900093,-0.04551593174876181,-5.666925426289552e-05,-0.17171552366437595,0.11955912149031793,-0.5457520796546065,-0.20224203083358153,-0.0018966012833382627,0.0
CLI00495,0,0.0446,0.29739147143776035,-0.16955297399202088,-0.039662221467954735,0.0845068923424596,-0.02777602761106271,0.1445732797720875,-0.5930106237902718,0.029728621164711283,-5.666925426289552e-05,0.12007933858217437,-0.12175736448208992,-0.5288581411370209,-0.27749405359394375,-0.0021972717352059844,0.0
CLI00496,0,0.0561,0.12769950034075653,-0.021015621048010594,-0.03682656686970984,0.028785706359088423,0.020454764994516084,-0.0864305231354412,-0.03100765766037843,0.04198915550531557,-5.666925426289552e-05,0.017602036142632966,-0.29529235609064775,-0.36031412881130387,-0.24266383786780377,-0.0036590537526900993,0.0
CLI00497,0,0.5012,0.5132587127699954,0.10272839542895514,0.2377298599839335,0.028874679211128622,0.027480311259805712,0.30532430220281537,0.14494963574703704,-0.009488106895351817,-5.666925426289552e-05,-0.18439028702602278,0.8625983574513857,-0.3029572833351257,0.26483170294335545,-0.004924347031306093,0.0
CLI00498,0,0.1183,-0.9928468487485206,0.09138398801526773,-0.06610612594825899,-0.0431567444356179,0.09059927803155961,0.37338083792919124,0.18559475559485,-0.05577440081842682,-5.666925426289552e-05,0.09766753856251649,-0.03993093717751196,-0.11301285355183956,0.48990511176707696,-0.0454272269954234,0.0
CLI00499,0,0.0402,-0.5821445726564054,-0.13630849806685102,-0.023512898388730358,-0.14690796329848926,0.08702747953094185,0.3518645079677151,0.13120127307824198,-0.18431073994330224,-5.666925426289552e-05,0.24031551114457797,-0.4652421499506676,-0.2853997757596416,-0.13560961298858176,-0.04205255663019963,0.0
CLI00500,1,0.7609,-0.5965055839175114,0.20581851921884015,-0.003680612033220523,0.027242531096957307,0.08441706669335587,0.3472153574186025,-0.008250599987747088,0.04311878629993807,-5.666925426289552e-05,0.9026023155686965,-0.15071506138004914,1.4928484592340965,0.8005367439364947,-0.005928499707538944,0.0
CLI00501,1,0.1488,0.3748469181471796,0.024617685795062308,0.00840345985083373,-0.021297617726167915,-0.011375710609012503,-0.2906401812372145,-0.024161121975004873,-0.030309739011882688,-5.666925426289552e-05,0.01481625841211343,0.12171153472126213,-0.28476497413250235,0.357462985630281,-0.001955009182523316,0.0
CLI00502,0,0.0197,0.25876847626697014,0.007654018724922582,0.030844355733458402,-0.0034316084310940347,0.021899248633710098,-0.3012778145965424,0.009704997999514567,-0.013764513330887969,-5.666925426289552e-05,0.019223541844285416,-1.7275086980671843,-0.40331660004940495,0.17816934799215609,-0.0023436532334141975,0.0
CLI00503,0,0.0611,-0.4436593481553729,-0.0057242295047066575,-0.07301419718275785,-0.0278689553433473,0.08526690343660452,-0.1519589338789577,-0.0505108504748988,-0.015084750889842624,-5.666925426289552e-05,0.02466877328007362,0.031184663549548713,-0.2936353638912588,0.1752248075374169,-0.006648658884701967,0.0
CLI00504,0,0.0373,-0.36738377286710927,-0.07029890039905679,0.03484264565148805,-0.0018826193096624208,0.0895996772915472,0.11415688986777482,-0.019621636192979106,-0.020578833052140783,-5.666925426289552e-05,0.053898051185575106,-0.6498522444530778,-0.23010678220867528,-0.19721787214010683,-0.0054325504169880495,0.0
CLI00505,0,0.1656,0.36136793915594506,-0.0783194690760356,0.22254694270602743,-0.04284170893150927,-0.02556342378646946,-0.19851690266158334,-0.01548477516765657,-0.04627202068184286,-5.666925426289552e-05,0.026126112976156572,0.7876695730543845,-0.46203642760185354,-0.16245974402452287,-0.0019407950141759418,0.0
CLI00506,0,0.0334,-0.6094300935992829,-0.04596546648598681,-0.05863895343042977,-0.00757662612283746,0.0799098420022819,-0.12054042886082338,-0.017005972313344612,-0.0054855111368246265,-5.666925426289552e-05,-0.26455272759981974,0.08933190547406362,-0.2641919405631304,-0.1257477439877527,-0.03358471341900607,0.0
CLI00507,0,0.0671,-0.4864767984583586,0.2589030723373898,-0.021172210427126574,-0.022359315745949987,0.11209941294838938,-0.21739080446788264,-0.0632856114659148,-0.005813849165228921,-5.666925426289552e-05,0.12170640870836204,-0.5276597572469237,-0.06145694723381605,0.1413072678994324,0.12062158132011956,0.0
CLI00508,0,0.0129,-0.6821416558853421,0.0038571425188420865,-0.05533216880756771,-0.0013762710035966341,-0.11779326106653812,-0.14374057628109327,-0.18179457637350654,-0.03645775582065667,-2.5911968853409744e-05,0.031021911910317532,0.3675831829954577,-0.23656122894995837,-1.2991550465660424,-0.0035393685266839926,0.0
CLI00509,0,0.0852,-0.6793967989011671,-0.04539891506564319,-0.06059867751996414,-0.21709607919826107,0.0797958394786646,0.2035284438914139,-0.07828685515880306,-0.17141875484565935,-2.5176245964135975e-05,-0.21149489318190878,0.6226606466825311,-0.26417962389605654,0.43825753506625276,-0.008858642464563816,0.0
CLI00510,0,0.0453,0.2797631403817469,-0.167478256657718,0.007752611736380671,0.029220595912537766,-0.03452916510439692,-0.10925332338773973,-0.1631837170139583,0.05315387482730576,-5.666925426289552e-05,-0.14929008304442878,-0.19135273622839083,-0.3801951444723935,-0.23921338629238484,-0.0017453020073672347,0.0
CLI00511,0,0.0822,0.20631740800886017,-0.08331717342252173,0.09670397535879599,-0.05260884481245842,0.013316219923373871,-0.21962908422312472,0.1260912217209979,0.046085868322967974,-5.666925426289552e-05,0.0603632753721629,-0.3644289787792597,-0.5100494425178884,0.25202739747649705,-0.0023172431631462136,0.0
CLI00512,0,0.0422,-1.0579017462842637,-0.1342577798619026,0.012265116435868787,-0.058179450953623556,-0.15759223769737496,-0.2239485564960034,0.08545150522945051,-0.056723343522847296,-5.666925426289552e-05,0.05069164048044293,0.5614410466883667,-0.3022724801674376,0.14385517133727962,-0.0026489408802772047,0.0
CLI00513,0,0.0412,-1.067551396817939,-0.004966368242768219,0.19783952889186365,0.1918142357502385,0.3204394939435997,0.1530787785377983,0.010679619587455762,0.1788122919062632,-2.5176245964135975e-05,-0.4717503968668742,0.3658778648689067,-0.6380698724737123,-0.40080369265794596,-0.002412323196942963,0.0
CLI00514,1,0.634,0.46794572421144404,0.028970253832292854,-0.0993987956066675,0.1146032451364455,0.018162469304267438,0.2670509548505929,-0.003858020049638267,0.10731721414346157,-2.5176245964135975e-05,-0.24865872635662173,1.1378222270698808,0.38744948708260185,0.35939158794432535,-0.006276716182082345,0.0
CLI00515,0,0.0633,0.2905288810017252,0.0571499889035997,0.08278851006199221,0.04031599438211809,0.014642535863953513,0.3271289352527004,0.09188229406745732,0.013946774600435054,-5.666925426289552e-05,-0.2258517550733626,-0.8269258964849903,-0.4058450563575294,-0.16805063964162362,-0.004703312683298393,0.0
CLI00516,0,0.0645,0.3508074253846102,0.13071043547798866,-0.033020402141310884,0.006393176008448811,0.017188190054170494,0.5011083022539783,-0.15537267439723826,-0.018114825351515425,-2.5911968853409744e-05,-0.03483875780291982,-0.13359524347242233,-0.17774052880761138,-1.1434672764143121,-0.00328331147056158,0.0
CLI00517,0,0.0571,-0.5768708025094791,0.04679588791497199,-0.03649826999150677,-0.0327920068760081,-0.12658530894707387,-0.3480742936751138,0.10208620460990173,-0.05322465977962562,-5.666925426289552e-05,-0.28130248431682453,-0.040161542143129225,-0.10437917180662007,0.6302565110354651,-0.00296313879332254,0.0
CLI00518,0,0.0608,-1.0080621390212292,-0.06887085118827879,-0.04377785913380945,-0.03835251147713211,0.09106064654366863,0.19334798921335705,0.0036055870687252385,-0.026824585525492654,-5.666925426289552e-05,0.0015400392179761991,0.6216143961643473,-0.3224075919331954,-0.12841831228870618,-0.03144414345173859,0.0
CLI00519,0,0.026,0.27565527491871417,-0.10619988234855506,-0.07578638759195455,-0.005883629259716435,-0.001964717981044764,-0.17728580777920197,0.018023336616896275,0.020589873743992317,-1.6163270081987056e-05,-0.24739787776338137,0.6931355928812623,-0.47800903447208837,-1.5504136662276944,-0.005899493222570151,0.0
CLI00520,0,0.5493,0.4421634907817201,-0.0655831465349317,-0.10640342097141367,-0.10673789895456456,0.02064446611034791,0.1965275491226759,-0.15737791521784364,-0.08452279166491194,-2.5176245964135975e-05,0.00128972549437032,1.1430688963917388,0.7632944229056453,0.1364385452283897,-0.0036616414385253096,0.0
CLI00521,0,0.0081,0.1954586681337189,-0.13864587619983199,-0.026034434618928286,-0.05409783070486906,-0.01405760613198041,0.13995415398934988,-0.04543421665094859,-0.032515008175747755,-2.5911968853409744e-05,-0.24718539772356252,-1.3043692695778355,-0.24133862078888618,-1.0485594925318789,-0.006144047648036527,0.0
CLI00522,0,0.0161,-0.6613492276721172,-0.03937866567962113,0.02458130101088894,-0.03995813647693526,-0.12032635664243528,-0.1413712414198085,-0.1490900189092267,-0.044010210241485,-5.666925426289552e-05,-0.18577570810000715,-0.4292948651802363,-0.20993654196159076,-0.1348762858807822,-4.133005809251169e-05,0.0
CLI00523,0,0.0598,-0.5714973358783165,0.29783547355955764,-0.05606911202257993,-0.06609063139246286,0.0891385074018232,-0.19759416934345167,-0.0528564944993213,-0.02990312457658418,-5.666925426289552e-05,0.15715397903516465,-0.16190673529935512,-0.2737899801918431,0.10100381247057444,-0.008618132729704903,0.0
CLI00524,0,0.0203,-0.32539090649189806,-0.01740874988570604,0.05931995531661846,0.009840314371521823,0.06558548976728859,0.15816375148883974,0.038773636123355625,0.004622742178375663,-2.5911968853409744e-05,-0.015504247966304766,-0.46926552270031446,-0.27884299149281977,-1.1205454416910512,-0.005210961331314017,0.0
CLI00525,1,0.7602,0.37452604043762017,0.11719985876859178,-0.05233518928622069,0.2836379215772993,0.03589242636030249,0.6138546995142998,-0.1755595150550913,0.6873179162302289,-5.666925426289552e-05,0.05480135890694396,0.9970363021605242,-0.17469908095476644,0.37567247638756424,-0.002260435218815369,0.0
CLI00526,0,0.1406,0.2239351185448627,-0.00838738883715978,0.14929433718947627,0.026424656926341515,-0.025614427288488874,-0.09988480154874192,0.024784123736815714,0.056244180392397994,-5.666925426289552e-05,0.06158022248095855,0.17980935156496397,-0.4239987964280578,0.009086691902898692,-0.0019547034226845813,0.0
CLI00527,0,0.135,0.2930693751959681,0.3593118312245947,0.037893516908633025,0.029649180670698612,-0.03501514263611824,0.3712403235407616,-0.13277161526428385,0.059444390198272676,-5.666925426289552e-05,-0.2430657772480063,-0.23457030720053512,-0.5419964212207741,0.1653273558837064,-0.004276772081359128,0.0
CLI00528,0,0.1547,0.2613594347377001,0.44892491997271244,0.005085750061449984,-0.02581952959506242,0.019317874579672035,-0.27091909018539406,-0.007748467958227706,-0.0418722550718149,-5.666925426289552e-05,0.058348331370956574,-0.09673896840158608,-0.322790570123473,0.2581806456242057,-0.002628001031757092,0.0
CLI00529,0,0.0408,-0.355971836628403,-0.025967931794329543,0.026685023947778077,-0.06757449432663912,0.0712708124211476,0.1688294412011902,0.10352290765890143,-0.049667024274283,-5.666925426289552e-05,-0.214754562510955,-0.15672603389734055,-0.4274660152392873,-0.24135405584464642,-0.007339325311109612,0.0
CLI00530,0,0.0437,-0.4728297115717462,0.05675823641578887,-0.03308954461592596,-0.03667397087392804,-0.1107740825558232,0.20697097793727245,-0.1301031295270753,0.03968667239164956,-5.666925426289552e-05,0.03807438150895276,-0.13915576908519248,-0.2775103076150046,-0.24269373420705523,-0.0027217468398222293,0.0
CLI00531,0,0.06,-0.7695138672241121,-0.011921635358333606,0.06105842390692015,-0.041272421768997605,-0.07436696508990166,0.008594885376990661,-0.03880260562486307,-0.08060201905639963,-2.5176245964135975e-05,0.04571969969845916,0.4283037552646101,-0.4127482004914037,0.1177655176753451,-0.003322998098167118,0.0
CLI00532,0,0.0181,-1.03221931581707,-0.12749258569105937,-0.061556491168429886,0.008050052202491192,-0.014558473813797712,-0.2892378293570214,-0.10253507355784747,0.01287212272177038,-5.666925426289552e-05,-0.2417575828375574,0.09522248379195872,0.8187882979725889,-1.0452815773856425,-0.03147739761435377,0.0
CLI00533,0,0.0926,0.32373013912750254,-0.18144981773288066,0.27761277327937506,-0.05146261873309956,0.013656673966132925,0.15111732543918727,0.07181025985166395,-0.028353028309951338,-5.666925426289552e-05,-0.006971138940366683,-0.2396436742391337,0.465497631696833,-1.0935354087946751,-0.0024520221370091153,0.0
CLI00534,0,0.0362,-0.5195965765149765,-0.2848419179284982,0.023819157761967847,0.00738455925514025,-0.07816942874167812,0.2523029835934114,0.015165422797792554,-0.023456845306053076,-5.666925426289552e-05,-0.01070707276736579,-0.09781179750239173,-0.30988493561853386,-0.27214536018902796,-0.00231350945765062,0.0
CLI00535,0,0.0132,-0.7207508241707601,-0.021637365971105417,-0.033257506310322246,-0.05645044925395561,-0.14091936886872308,-0.1860654142501917,0.10403006392038339,-0.049948807690879435,-2.5911968853409744e-05,-0.06752016755133855,0.0777707759673817,-0.10115211694849459,-1.1315854618473362,-0.005867017554227327,0.0
CLI00536,0,0.0118,-0.5667918338634212,-0.08610048761239399,-0.02771519286361257,-0.023157589105166385,0.06882772601692794,-0.12121957677780827,-0.007737050797213713,0.050065680464198445,-2.5911968853409744e-05,-0.05173196325778504,-0.3925908844356612,-0.22393913314462052,-1.0614702289438052,-0.006452312578136472,0.0
CLI00537,0,0.0392,0.23307002014411177,-0.1317978458018589,-0.02432599558176247,0.025480147409096016,-0.03154803936484915,-0.38785176330415777,0.1431008501846778,0.19637628340946595,-2.5911968853409744e-05,-0.03543333445770801,0.09238131781922945,-0.08693808259846324,-1.2085654506793588,-0.0021987237286903395,0.0
CLI00538,0,0.1091,0.29762753031067357,-0.1344067730281847,0.024032980410416533,0.013999778696556268,-0.03217467786734641,0.23729193975388146,-0.08758620318699809,-0.03889739838485688,-5.666925426289552e-05,0.09207920802396785,0.20646034722622628,-0.5499918413455119,-0.14507177930596893,-0.0019472326846168748,0.0
CLI00539,0,0.0746,0.2514632319604225,-0.0656785177075239,-0.06931229787889392,-0.025266401265839417,0.006153936161275192,-0.2259103799352133,-0.0695189070934284,-0.025289364244854604,-5.666925426289552e-05,-0.30279442007061913,0.03329913286613015,0.08961126876034284,-0.12898037227232675,-0.004124168463697134,0.0
CLI00540,0,0.0128,-0.7401165504380162,0.19984227310371067,0.01456266033840689,-0.04871419355508813,-0.20085483245799338,-0.6267932090391298,-0.7674005727131226,-0.03013929771859767,-5.666925426289552e-05,0.05779543287556919,-0.5985755496284848,-0.32366633615253587,0.5072961595414425,0.18904628325217548,0.0
CLI00541,0,0.0743,0.3831306436470867,0.23130282813145614,-0.03235732770524698,-0.08343741773993094,-0.09830994784232039,-0.03941482490713382,0.13590819862546175,-0.05638699557313364,-5.666925426289552e-05,-0.013794630224114318,-0.370122012878494,-0.3823522884303778,-0.21360972898107855,-0.002162805593808772,0.0
CLI00542,0,0.0253,0.2098385830226783,-0.17762297216919595,0.02587359980602062,0.005740273245217618,-0.02346194695486031,0.2879115830933705,-0.048153658050206084,0.07158446220621115,-5.666925426289552e-05,0.24179532869134368,-1.637336475771914,-0.4613683786338906,-0.16384437096360469,-0.0019699999926441275,0.0
CLI00543,0,0.1997,-0.6295262501036455,-0.0019233371135953213,0.03583272533019974,0.15441493058149927,-0.02953060357334615,0.27337969280151553,-0.18371136437939733,0.11791277849138292,-5.666925426289552e-05,-0.42921306316300767,0.5347692158772916,-0.2378264459480066,0.9910848282374327,-0.002584972927551131,0.0
CLI00544,0,0.0492,0.30262777945547786,-0.12778643578080892,-0.06927444739293168,0.018021408480339247,0.003376967975689678,-0.1067082875090928,0.12479209120925272,0.0274450411733085,-1.6163270081987056e-05,0.002608697654259748,0.9006680786323358,-0.3391486573131931,-1.7151569486887583,-0.0021398876996610553,0.0
CLI00545,0,0.0415,0.2131049896404336,-0.07299265147089777,0.006293698155299783,-0.032462912432021505,0.005056782458934168,-0.21489377719010902,-0.05830937133697477,0.012116808387561106,-5.666925426289552e-05,-0.4049880483182285,-0.8223786793794132,0.06873492022537181,0.14430645423621496,-0.002866220537092929,0.0
CLI00546,0,0.1215,0.3521856461706611,-0.12456174874037816,-0.10617285249811373,-0.057012065237777854,0.008498295387605201,0.2606380410867875,0.0025852427258192317,-0.051217207642346635,-2.517624596413597e-05,0.3986537497839466,0.132146403083583,-0.5442379458934855,-0.2646948851630161,-0.0036185628780034227,0.0
CLI00547,1,0.8682,-0.5987616617577515,0.18029988031443067,0.027474686921740616,0.08854839040180296,0.1774589786736646,-0.1462289688525865,0.14169207287330265,0.11194810505452496,-2.5176245964135975e-05,0.04644046411986701,1.5709640617626355,1.841847194667854,0.427407247964908,-0.0023382863128173594,0.0
CLI00548,1,0.1969,0.3478554957258948,0.6208176894385595,-0.03329010562271268,0.027741730301151235,0.02533936292697186,0.40842518661909916,-0.04906553855055054,-0.0007813866925866706,-5.666925426289552e-05,-0.1303803499022123,-0.20623337088476126,-0.3200834549673286,-0.10874014906048655,-0.006180893617646972,0.0
CLI00549,0,0.0183,-0.5223586739074118,-0.1791563372911529,-0.04358199033542846,-0.0013607018522635444,-0.08900763981397816,-0.1836449384432225,-0.2234671386689027,0.031357009644760694,-5.666925426289552e-05,0.05803629837123042,-0.1959565682025691,-0.45108826170391353,-0.1997575372869812,-0.002536675896993662,0.0
CLI00550,1,0.6489,0.45612775449545834,0.09304064316708167,-0.011737128277976062,-0.04619414302347249,0.11963722284166182,0.5706291542056612,0.5275934020197984,-0.04078509031316149,-5.666925426289552e-05,0.23137727384335302,0.162311537582429,-0.10252418429173385,0.6384578666413975,-0.002619819357582136,0.0
CLI00551,0,0.1082,-0.2939064040452723,0.3061877645275592,0.022842574563448338,-0.06163399633733342,-0.004027164226620861,0.21475629368300383,-0.09073849787065529,-0.052471682511971915,-5.666925426289552e-05,-0.20305730206706063,0.17303940178096522,-0.3432861587212108,0.2063950702414275,-0.0022234475634511012,0.0
CLI00552,0,0.0847,0.3162193018200334,-0.03560472877106014,-0.04499752702289954,-0.018551993464093912,0.027565426286548227,-0.27062227803790123,-0.03507171351736232,-0.024668881350536846,-5.666925426289552e-05,0.017784841702387876,0.07519484236160727,-0.21138352263459162,-0.19147643795672467,-0.0037056485729075935,0.0
CLI00553,0,0.0623,0.2184759704927671,-0.09411552494057211,-0.03584030845050922,-0.026639028350030527,0.016989737049868454,-0.07987187767584536,0.047635013193173606,-0.030318291625547805,-5.666925426289552e-05,-0.0027562528555056627,-0.2091602094352075,-0.2937073279932856,-0.23734488119205938,-0.0036732221104922073,0.0
CLI00554,0,0.0225,-0.6712159122910082,-0.06141610690644356,0.0023013794371401163,-0.06212017424151665,0.11075983818416775,-0.24828532524042404,0.29887717494281535,0.025408345823021077,-5.666925426289552e-05,0.07265024420377714,0.06210943932433511,-0.2831793185069799,-1.0243674600036954,-0.013017299592632045,0.0
CLI00555,0,0.0434,0.2512834939813395,-0.20596656788352524,-0.029819122002814693,-0.0041837070713838425,-0.1237522576122656,-0.7837959156039517,-0.02849926665414199,-0.004050518845263268,-5.666925426289552e-05,-0.22458149155393367,-0.3979318375444373,0.599547755402042,-0.1565351100532282,-0.0031531556357316873,0.0
CLI00556,0,0.1232,0.2395603830062928,-0.11893509169973052,-0.04648331341471767,0.05276702587771636,0.01923600856181085,0.3115340642840778,-0.019642935056179468,0.01878754853982304,-5.666925426289552e-05,0.03632727809511757,0.08957545220322351,-0.332135315848534,-0.22832976821798845,-0.003708860311460289,0.0
CLI00557,0,0.0548,0.24782291468469544,-0.12988615070301263,-0.03775921059733418,-0.007925854496940957,0.0646451739041015,-0.26873573257836303,-0.6093046197078248,0.03560531214384958,-5.666925426289552e-05,-0.3350222748189806,-0.28741275059936,-0.22702712747206452,0.691174958120962,-0.0022899084994875696,0.0
CLI00558,1,0.9298,-0.054145449328487485,0.5198161021690185,0.02295051812689206,0.016983406990836548,0.09999145012736767,0.30486945465887066,-0.08518026082533316,-0.0038959540722669703,-5.666925426289552e-05,0.04931322913081123,-0.23603108112078244,3.34381232158577,0.5910842056073572,-0.005274301347488953,0.0
CLI00559,0,0.1436,0.3437701324591171,-0.16196527196252947,-0.07328166594471378,0.009919934443446002,-0.03169712437340706,-0.36924319595431065,0.024434533273145626,0.04630043279887297,-2.5176245964135975e-05,0.36963364940083354,0.784795142451381,-0.4103909700624059,-0.33478787078742633,-0.002183773669500688,0.0
CLI00560,0,0.0095,-0.42696929603373374,-0.09217289373852845,0.06628398749642558,-0.1229536630938372,-0.12440435761645022,0.10518418275313673,0.00380346394398275,-0.07205035287152274,-2.5911968853409744e-05,-0.21569622119321058,-0.28682575785600867,-0.38984461208031596,-1.1037950462870247,-0.0023130811405433654,0.0
CLI00561,0,0.104,0.39093590600198475,-0.18742705658223488,-0.06874854770062178,-0.048888389044537565,-0.04068423782036546,-0.1309132913229344,0.06787248328628136,-0.04776323619494564,-2.5176245964135975e-05,-0.15147187334415907,0.819347029833824,-0.4191747425204106,-0.3535177971856943,-0.0021540560574631637,0.0
CLI00562,1,0.4176,0.4626814578738474,-0.01826186654224681,0.10672056806285682,0.05894065622434982,-0.0009596876022682021,-0.10277279129107884,-0.05659362296291925,0.05445270806854634,-5.666925426289552e-05,0.13067199537012075,1.1138711349762263,-0.2344557770527585,0.13623419627619687,-0.0019142313715539247,0.0
CLI00563,1,0.862,0.5156693598858665,0.1250337306384449,0.10925269187211151,-0.031487646093076534,0.01714068618108933,-0.1363742255872346,0.17191256212179942,-0.038097439010277546,-2.517624596413597e-05,0.3423103859817447,0.7145710848050512,1.6611413531073431,0.36474286562219604,-0.0022286881686431922,0.0
CLI00564,0,0.0993,0.2826495931030595,-0.11180915808501775,0.013540064121537678,-0.01728209067177817,-0.02101683963437443,0.2104927946615744,-0.03290390664450078,-0.005861443546652366,-5.666925426289552e-05,0.17342396133862367,0.06281986231568996,-0.5088022288457009,-0.2667698785404415,-0.0018989299624786867,0.0
CLI00565,0,0.2083,0.2006757902582565,-0.1737768650322905,-0.0791269096500348,-0.025952876913770236,0.025023341814112688,-0.2812617059577413,-0.11843594719455278,-0.0288115369421008,-5.666925426289552e-05,-0.06983360884613067,0.04592499710989442,0.7047656830293426,0.4505812077126766,-0.0036274071274463473,0.0
CLI00566,0,0.1574,0.2876841203799361,0.038137539598342554,-0.03385935084309342,0.16478897689075017,-0.012563790254653212,0.45439211280877434,0.12010988228616525,0.24125304806315812,-5.666925426289552e-05,-0.037111875522062514,-0.2739766158567741,-0.37239159923389503,-0.27057178544018307,-0.0024212880947378783,0.0
CLI00567,0,0.3334,0.33629173958229996,-0.03551490726243375,-0.01744687067194112,0.07888565141962585,-0.022629205679654003,-0.05482665445712441,-0.06131071462878358,0.12752951395402395,-5.666925426289552e-05,-0.10974079286110607,-0.300415870050973,1.0051892447383197,0.34446982046328506,-0.0018914164885670706,0.0
CLI00568,0,0.0188,-0.6651797914483478,0.006001125731610273,0.019936216363612966,-0.04908503928371554,-0.11355853720369379,0.31953276903095434,0.03242477720947774,-0.06089205769885115,-2.5911968853409744e-05,0.0025731953357124833,0.11861626413444087,-0.4077998169497866,-1.1750055395209216,-0.0020710640436339615,0.0
CLI00569,0,0.1096,0.3782410094895087,0.18897698473875307,0.022827835790248448,-0.04100755628486764,0.02504338755708029,-0.11981002093069042,0.2251512969452129,0.024677671122082127,-5.666925426289552e-05,0.2017157069027189,-0.3327079119815417,-0.4536113951317963,-0.2203763281245202,-0.012867699397012404,0.0
CLI00570,0,0.0783,0.32492560407471716,-0.005118439550436758,0.022606241793602027,0.02280362587526608,0.027673491151591203,-0.08937383853772056,-0.0009971761054247406,0.05004426183606668,-5.666925426289552e-05,-0.019373656049221182,-0.2559558612701252,-0.33034175869520666,-0.22910448400822755,-0.002498382379046225,0.0
CLI00571,0,0.0831,-0.19053513924260404,-0.061281575257423455,-0.18587306176550136,-0.08014640613758184,0.04062571829635287,0.24268498732366858,0.06235288310757948,-0.014064500562139284,-5.666925426289552e-05,0.009103637322344552,-0.9547140108894778,0.21058535384731594,0.5069962309464331,-0.005150376448953199,0.0
CLI00572,0,0.0328,0.3210713519507282,-0.1335433038487172,-0.05010621514252369,-0.03924443949487221,-0.05253789399387272,-0.21983422308386574,-0.6581479994462444,-0.037678105229520246,-5.666925426289552e-05,-0.28239608430546975,0.135900066422524,-0.20184383555358568,-0.18132063340869758,-0.00209601528042118,0.0
CLI00573,0,0.0439,0.2229760586620833,-0.06326249207447265,-0.03488703530488106,-0.028223395400909825,-0.023075537834837106,0.1497868656166609,-0.18211822389271792,-0.025740558200664766,-5.666925426289552e-05,0.005512196712303402,-0.8125079841370701,-0.43120657767544895,0.1271699564475168,-0.003340594419491265,0.0
CLI00574,0,0.0632,-0.8034867377063467,0.08014526533965705,-0.09724271813091039,-0.052566998366211946,-0.10732606304670686,-0.15496693044507373,-0.17680241435420427,-0.0631788509032048,-5.666925426289552e-05,0.2375303333397975,0.3972575171889682,-0.21628671126147545,0.24561523776999677,-0.0028509949798526646,0.0
CLI00575,0,0.0285,-0.8379594839381374,-0.16944125362227613,-0.01069320144084927,-0.02041647679251757,0.08546189934893178,-0.24011181093077236,-0.011874214039840663,-0.012424416052417816,-5.666925426289552e-05,-0.16786007769691388,0.42843411813610954,-0.31938915186920225,-0.262253745917294,-0.008127701053030206,0.0
CLI00576,0,0.0322,-0.140280365058175,-0.1569658864538477,0.03062944918555783,-0.03804641217605522,-0.034155169674974395,-0.1777821794942756,0.15601341913245015,-0.03997251900061531,-2.5911968853409744e-05,0.11214514892683937,0.10155758675128734,-0.0761405209967872,-1.1563867007124213,-0.0016300656491712864,0.0
CLI00577,0,0.0237,-0.8782761193567785,-0.13023441905784444,-0.042057115829171925,0.10782106782019792,-0.01759811758283003,-0.24175766759615083,-0.6655932402391315,0.28531776736186804,-5.666925426289552e-05,0.04035547664050399,0.5109879854424216,-0.3436336519418625,-0.354498838085584,-0.005738441465101209,0.0
CLI00578,1,0.5137,0.2923391010994669,0.01788025389003802,0.03879340836227151,-0.033844291814119284,0.022248894217892067,-0.27809501469955356,-0.04598390706988282,-0.030514481770959674,-5.666925426289552e-05,0.08867215619498763,0.9778653000522757,-0.20016919002269692,1.1896820137423378,-0.002685823412558522,0.0
CLI00579,0,0.27,0.4062824094045014,-0.18127612002269217,-0.06508667840460178,-0.038914669949107486,0.02259206950045262,0.1749724249004984,0.22581784274766478,-0.00024125971576723714,-5.666925426289552e-05,-0.1067538190848537,0.7740859747458868,-0.4469326006670371,0.23529311407451292,-0.013270166384806697,0.0
CLI00580,0,0.2356,0.3722167975534732,-0.09515967610027594,-0.04944629790870827,-0.05908189214284544,0.020092364782045243,0.2124804736115995,-0.05257392782263572,-0.051856440364287874,-5.666925426289552e-05,0.048796219255520606,0.9078038011724878,-0.3597319977025193,-0.08510239866855483,-0.003940254652231729,0.0
CLI00581,0,0.0465,-0.8933044034004759,-0.24091825576486348,-0.05180622929204968,-0.04031929726305148,-0.13218846989626915,0.14387515406886187,0.14240484314439947,-0.024030823838249914,-5.666925426289552e-05,0.006028188691729522,0.0914941831120219,-0.2627991157721658,0.22970731251622734,-0.008090971209171323,0.0
CLI00582,0,0.1911,0.41604489927149135,-0.16218816205810327,-0.08271762089593485,-0.08749483327701822,0.0018598210124765367,0.2530413279049422,0.23731597869170823,-0.07385122551185518,-2.517624596413597e-05,0.05776048698733166,0.08747714769978797,-0.40500929847486367,0.2990510236264455,-0.0026476829263732417,0.0
CLI00583,1,0.2153,0.21717805182157204,0.009964087291443394,-0.03310538978779955,0.04494526376038989,0.022176781095411026,-0.2708491233124299,0.24121235625735152,0.16006138693779076,-5.666925426289552e-05,0.06252763451389765,-0.23401772279851882,-0.2451683126576232,0.7172875861629625,-0.003977285757822314,0.0
CLI00584,0,0.0766,0.32274680187661203,0.08180703229362639,-0.03242783029868922,0.114980899571419,-0.07529656282378713,0.15474845619444372,0.2185683072044593,0.11818650890918236,-5.666925426289552e-05,-0.018872633616148233,-0.5054724400615715,-0.36087536479731747,-0.5243185535028122,-0.0022649490839104862,0.0
CLI00585,1,0.855,0.47133067163347864,0.4903701280697054,0.0032375419027046693,-0.02226143403110262,-0.05713778533867228,0.10786602322501038,-0.055988067554340555,-0.01651907408819191,-5.666925426289552e-05,0.23924688945357375,-0.0972223396142344,2.3935547166452187,0.2777963522338106,0.021294878053394087,0.0
CLI00586,0,0.165,0.39384523781893416,0.3270745767797035,-0.034667734556142464,-0.016268053601758602,-0.011848407385420779,-0.04628085671544137,-0.1764582247335174,-0.013346080002183465,-5.666925426289552e-05,-0.23110949516307083,-0.3511113594475147,-0.1930713201547017,0.7175998907328088,-0.004675286281547927,0.0
CLI00587,0,0.0329,0.22077217507299948,-0.0974576905149997,-0.024616590667134293,-0.0533177727308612,0.01604032581693296,0.24744189461089286,0.005627847421070614,-0.03028276321566154,-5.666925426289552e-05,-0.004273669081249317,-1.7529320486085012,-0.15794799913174715,0.23513265806973724,-0.003997724171246765,0.0
CLI00588,0,0.0426,0.26486104299490554,-0.15846489473333147,-0.039777233872632385,0.1679770477312215,0.021733428009603022,-0.7704982932186776,-0.652854466361516,0.27787850548549586,-5.666925426289552e-05,0.04873689241747524,0.1546275161797603,-0.788149225580979,0.3446218429050873,-0.002499280244271257,0.0
CLI00589,0,0.0869,0.3563314192999556,-0.15000082920440344,-0.04977110633462948,-0.03156049274513892,-0.04459005487068577,-0.1818706223147639,0.19967837546027464,-0.04242279589862163,-5.666925426289552e-05,0.046666048011968345,0.26921070440887407,-0.33322759369476096,-0.4069792262051117,-0.002214537614607555,0.0
CLI00590,1,0.5093,0.5369065854502885,0.28744838715811094,-0.06894236726211134,-0.03501555368228836,-0.02250365818762335,-0.18710862855011606,-0.21179333838706715,-0.0203513896883451,-2.5176245964135975e-05,0.5580783509057345,1.1724772300094888,-0.12688303207103052,0.10615837383203941,0.03001422783404292,0.0
CLI00591,1,0.7498,0.24903828237060785,0.2208081144848279,0.3805647100589724,0.11161329670166402,-0.022552435706458953,0.3237616190116526,0.005696942272425674,0.0813232681789983,-5.666925426289552e-05,0.0906300572016252,-0.19922157740788618,1.9372384454130762,-0.09845884192005352,-0.0016712572933425358,0.0
CLI00592,0,0.0155,0.2115472432017444,-0.09197767175739999,0.06243192372027215,-0.0015355609825914401,-0.01793030166611899,-0.21286574950799286,0.06494576598042957,0.004075801415522757,-2.5911968853409744e-05,-0.24922117517647382,-0.5345226003484941,-0.3309692988577533,-1.063811709434863,-0.011099950592183027,0.0
CLI00593,1,0.8287,0.4789255956355598,-0.08467743762047761,0.22943559724557205,0.15321765284139974,-0.029133296232863183,-0.12922477176654465,0.5482307122637707,0.2682505058893382,-2.5176245964135975e-05,0.1695096752805052,1.9901823664996452,-0.329631781710852,0.2945644558600773,-0.0020830059798601303,0.0
CLI00594,0,0.0314,-0.706192018116658,0.005077271510304197,-0.0555067271845566,0.04142875395761112,0.07723323155673724,0.371524532957864,-0.10927603697919872,0.02278969351260177,-2.5911968853409744e-05,-0.010925464896016451,-0.1789761712298601,0.19082664315578074,-1.0605488497663202,-0.03545762429157957,0.0
CLI00595,1,0.8614,0.5322074317491191,-0.15173151995218762,-0.07607784902332122,-0.05657410633241179,-0.02808248019629351,0.4548636503302527,0.2050339725315505,-0.045148458346337475,-5.666925426289552e-05,0.18815548353521896,1.171631545780511,1.650359759981447,-0.034459259379322725,-0.002169762479226751,0.0
CLI00596,0,0.0082,-0.323617261861735,-0.058587720126035,-0.024255602590366708,-0.030203673566197603,0.0799511913920596,-0.1270593852982979,0.04336854645112253,-0.025530180053166894,-2.5911968853409744e-05,0.012199541907237266,-1.1661110830555956,-0.2383407287775198,-0.9521775307403155,-0.006300081848804414,0.0
CLI00597,0,0.0903,0.41360880754865137,0.5718658491339483,-0.07634241000020535,-0.12359662314580074,-0.018471329856270476,0.4173142606627463,-0.1176308745472587,-0.15248117123911994,-1.6163270081987056e-05,-0.19006622865486802,0.5866604320445085,-0.3369078972227687,-1.297585197124429,-0.005082076831518797,0.0
CLI00598,0,0.0807,0.2666226701607498,-0.12064325849205657,-0.006620477582007537,-0.10352828862356911,0.0052800663962438744,0.17257936949976252,-0.13312394780936218,-0.0821611204686974,-5.666925426289552e-05,-0.06637222615454809,-2.5470150278728854,2.0828192418228673,0.0831615571376517,-0.0024158231497491377,0.0
CLI00599,0,0.2586,0.26502896282783134,-0.019685517904396543,-0.0695051010312525,0.07454394909870982,0.024613492967871072,0.5534352020169161,-0.05001594740285899,0.06883631822297376,-5.666925426289552e-05,0.08857350811070569,-0.05680065787684578,0.2491102498238161,-0.19665897318657877,-0.0034460789073914476,0.0
CLI00600,1,0.2937,0.449449141242367,0.5101966913664049,-0.005067953491159979,-0.02251768871323613,-0.018122579992321666,-0.06652053992475795,-0.0069281630596111626,-0.020703698759348906,-5.666925426289552e-05,-0.11671417283197003,0.7859574030461192,-0.2384338848837136,-0.18351844583739174,0.036763474314416504,0.0
CLI00601,0,0.143,0.368676688482414,0.5212384576239163,0.053396150863923506,-0.05113911490064162,-0.08636195997928177,0.1927480002440559,-0.029288821159259418,-0.030005331706253344,-5.666925426289552e-05,-0.1847386080679201,-0.21989595353817637,-0.24448561455288734,-0.13914692980551674,0.039688954738132574,0.0
CLI00602,0,0.0206,0.28958611999864275,-0.08781284394895478,0.1371663150156433,0.012436460464652214,-0.05172823240272735,-0.6640632463361605,-0.0020009084271285903,0.057268737286872984,-2.5911968853409744e-05,-0.0013087267616331273,-0.0511846318638645,-0.34762835240690115,-1.1715424132925172,-0.00201341397009992,0.0
CLI00603,0,0.1633,0.3153602722342851,-0.18858917119153068,-0.06541468073981159,-0.059734052014668644,0.0068006088200027355,0.3347077373737719,-0.09076692943733826,-0.04237918849247366,-5.666925426289552e-05,-0.32808959057130554,0.04055405354696817,-0.03124114149805175,0.4604373917172179,-0.004495579304464076,0.0
CLI00604,1,0.5795,0.46077865656496675,0.0408731213829091,-0.042582446358559164,-0.024483175688135596,-0.08070576683834568,0.3600612142305343,0.4468427344363051,0.03270194626624,-5.666925426289552e-05,0.11857743105857274,0.2728043664955611,-0.011402177978480907,0.7313078525609708,-0.0026384672626738144,0.0
CLI00605,0,0.1317,0.22201537425408127,-0.09626670595728512,0.06869710556866478,-0.028411877357375152,0.07125496452543346,0.24776558489706088,0.13044213737941845,-0.019740641273306322,-5.666925426289552e-05,0.04031995506123146,-0.20988902673157092,-0.5761874531348466,0.24829303647668746,-0.0026181434474058514,0.0
CLI00606,0,0.0405,0.21036794190642255,-0.13171573532854502,-0.03689633453326248,-0.04796727911058797,0.01746589881248641,0.22078613233803246,-0.160069443541296,-0.04541736727046204,-5.666925426289552e-05,-0.017455990264783335,-0.5039914304112243,-0.49990704745379577,-0.18584902459296604,-0.00315590078136234,0.0
CLI00607,0,0.0524,0.19616341949450877,-0.08327922936155627,-0.03827953703713309,-0.023833543880610538,0.01810623624586412,-0.25187305483591943,-0.18827681288500728,-0.03532505978266067,-5.666925426289552e-05,0.0035621119162555616,-0.2188175585634269,-0.5463711434545178,0.25699505722115346,-0.0029342627960537537,0.0
CLI00608,0,0.0351,0.17806739684490927,-0.059391097686233664,-0.041761740235653474,0.012762691154968295,-0.036333112735967614,0.25379107391105826,-0.6845530313372266,-0.025572799519378374,-5.666925426289552e-05,0.2153274976349407,-0.6350339246070213,-0.5823109189227478,0.07419165729930469,-0.0022308147195744064,0.0
CLI00609,1,0.639,-0.4789622630917327,0.3808994550036633,-0.07533147383357983,0.1916795194439412,-0.04349523972267028,-0.11781171090284939,-0.18375869167296965,0.3767699116788799,-2.5176245964135975e-05,0.10106697074340183,0.8796389638433602,1.4636359710112747,0.06067790870370839,-0.0026927803729064376,0.0
CLI00610,1,0.8564,0.3363665775749203,-0.09961833376419962,-0.02251572319306461,0.04823507592537439,0.019827561142574897,0.0442463783662318,0.004111758436539421,0.07041342547149636,-5.666925426289552e-05,-0.03759065225672519,-0.11575762034608778,3.023023198560885,0.49865466532503877,-0.002329851480363733,0.0
CLI00611,0,0.0137,-0.4239115510667519,0.018325243590546613,0.02583047408654078,-0.03437302143548464,-0.13350777646531495,-0.1851947152360192,0.02980102117426479,-0.051812669897528967,-2.5911968853409744e-05,0.018416110878409702,0.04534811904508455,-0.3720654326309146,-1.2282702379631634,-0.002397605831365388,0.0
CLI00612,1,0.4004,0.36459447714225796,-0.0946988157292297,-0.024864384473047833,0.20799494919740827,0.00923488935767578,0.5024417509153156,-0.04017786211907166,0.1943995331003594,-2.5176245964135975e-05,0.08257471245761577,0.9414411798735177,-0.24984109566538598,-0.31306629546704745,-0.0024209888923181406,0.0
CLI00613,0,0.0583,0.22712454564538453,-0.11890512843663475,-0.038001178781981323,-0.0036992319836280903,0.017652043623155426,0.24533300897382002,-0.1097400245597332,-0.029967927632611822,-5.666925426289552e-05,0.01891972071226224,-0.6598139096380351,-0.1914211025780136,-0.15512008254535883,-0.0033286442628486755,0.0
CLI00614,1,0.7276,-0.6043545955572391,0.26707824546194736,-0.0493180241740317,-0.0496259596243806,0.11339178275725449,0.29056713437069853,-0.006188522631428461,-0.024772055852167862,-5.666925426289552e-05,0.9128143438018848,0.014391610770097995,1.6503849174028384,0.32527869151414834,0.12404380080524505,0.0
CLI00615,1,0.3323,-0.3013491072477936,0.0014022269226303397,0.023098255191205015,-0.0017869359977320152,0.15013230405592584,0.3349108900617201,0.19090408737341533,-0.00019711256339029348,-5.666925426289552e-05,0.35577756092617696,0.11986838896284234,-0.27752521309919903,0.7012766460931212,-0.013226954613772065,0.0
CLI00616,0,0.2383,0.3879601364932851,-0.009701953649530075,-0.022296960225668596,-0.018805404949863862,-0.0291948773453275,-0.11008985992901336,-0.08862168813905702,-0.03721471366637619,-5.666925426289552e-05,-0.09679734123011279,-0.1892243189424575,1.0244814553604502,0.010206724483127757,-0.0016705214025002594,0.0
CLI00617,0,0.143,0.28906210386458053,-0.05991968216795133,-0.07787206748756632,0.04087646196524758,0.021760597199018534,-0.10720138998185724,-0.16530210378721288,0.07214088205397369,-5.666925426289552e-05,0.08151768918253292,-0.009951672939511241,0.2556778644092515,-0.1471529064597804,-0.002846787697059856,0.0
CLI00618,0,0.0616,-0.6384733776410672,-0.05115995945904204,-0.019007062779006236,0.0072015472073620555,-0.10980322337122359,-0.10033519424143265,-0.027325315846167184,0.03706172660413001,-5.666925426289552e-05,0.11876383513105919,0.010460700078810566,0.1742810065988592,-0.14115127295192784,-0.002222320925402077,0.0
CLI00619,0,0.0451,-0.4107843774035479,-0.034757026359869804,-0.03654069990444279,-0.016147108423847506,0.07512334713232008,-0.16884776376216754,-0.021779787143082475,0.037406224714322214,-5.666925426289552e-05,0.23458236678951175,-0.1338513984969955,-0.31948627628353615,-0.27025050416108676,-0.006424836306917182,0.0
CLI00620,0,0.0168,0.20746173806205745,-0.11487998203404784,0.026074200654110518,-0.026708203166602957,0.016510135540563554,-0.08180819822475432,-0.032221223780487335,-0.023113662347795952,-5.666925426289552e-05,0.010503267141510992,-1.6397619659120843,-0.28300821365021045,-0.1436325944668722,-0.0024637839765610844,0.0
CLI00621,0,0.0622,0.2851027028425537,-0.13192086171264567,0.019042475640979228,0.033681490065747895,-0.03446132423222608,-0.22401953075603012,-0.16005234205647279,0.05690262556110276,-5.666925426289552e-05,-0.07490802717937163,-0.2673629609428777,-0.3187254945064152,0.08677480100955674,-0.0016737890726428292,0.0
CLI00622,0,0.3941,0.34843512548666766,-0.19652932982576704,-0.10850194257777518,-0.07373121128563125,0.021405131825866532,0.25969583710739613,-0.041244524776787486,-0.06082530643712609,-5.666925426289552e-05,0.039366350940364676,0.7679574573678796,-0.24384232259934285,0.8432430828350805,-0.0040995160661523354,0.0
CLI00623,1,0.7609,0.31939692412561066,0.07717606060532885,-0.05016102257579328,-0.07344351037129779,-0.012604363415271675,0.20722506562733686,-0.29310270163640423,-0.05823765120257489,-2.5176245964135975e-05,-0.0041115213644744054,1.0182198700627192,1.6758347489215457,0.3346531024995628,-0.0020395375985699667,0.0
CLI00624,0,0.0742,0.2604981015644515,-0.24193497605099729,-0.03652068647778946,-0.032192403524782705,0.020248048681429584,0.14095575442428748,0.1581316457552396,0.002707026211811139,-5.666925426289552e-05,0.09926432532329754,-0.12692539113199486,-0.4446357758928767,-0.3285962048741235,-0.013429282400573634,0.0
CLI00625,0,0.3019,0.22783291604932443,-0.053442575738244034,-0.0732049509579548,-0.004428399334388781,0.017077198853382068,-0.09902290999625384,-0.09085955956170894,-0.027763882103404053,-5.666925426289552e-05,0.03407581136768491,-0.11793952148240738,1.0211179120792209,0.3131857949864188,-0.0035322753434448703,0.0
CLI00626,1,0.7851,0.44870637277502373,-0.020313627416871163,-0.08408325224366185,0.12993171611916607,-0.0257373719257743,-0.0794875255680434,-0.11501482627408995,0.31483040774660287,-2.5176245964135975e-05,0.06637265768220255,1.441291920453326,-0.15832944966101847,1.360993522028957,-0.0024038833710258154,0.0
CLI00627,0,0.0537,-0.899159491830677,-0.057186236987723446,-0.07593075339301689,-0.06893569072026921,-0.08640891190570348,0.2871936679708214,-0.2563830700045855,-0.059609431351512,-2.5176245964135975e-05,0.027055141665196458,0.6189771210308956,-0.5045087682562838,0.1891303658498189,-0.0026203218963392065,0.0
CLI00628,0,0.0684,0.2753535726141676,-0.14414159258206363,-0.03498033586565735,0.032981648210896934,0.05032814142347596,-0.198470649615948,-0.5903497568544634,0.017674979856497644,-5.666925426289552e-05,-0.3000071145443078,-0.19205116241523013,-0.10435818279193881,0.560296615093813,-0.002392704217364209,0.0
CLI00629,0,0.1028,0.28062308940150715,-0.06330866371749073,-0.07331415126362946,-0.06555915421702814,0.021102629724027648,0.19781174671903523,-0.04115605423464859,-0.05352727171166837,-5.666925426289552e-05,0.04966181866101678,0.12963124418809346,-0.17161773378693174,-0.39149117764922836,-0.003901146508340969,0.0
CLI00630,1,0.4584,-0.09380052589435553,0.5321168434667924,0.02440868773224463,0.029729509913899606,0.13326892096244386,0.3718493499158761,-0.023769782800720632,0.018818116698647355,-5.666925426289552e-05,0.03877863530610149,0.16980324356805374,-0.231127017260617,0.8499864222582749,-0.005431447449308707,0.0
CLI00631,0,0.0419,-0.6725085924129864,-0.042698110314283756,-0.022873735273322794,0.026188178799114913,0.09765793161977528,-0.08706748693838658,0.03615893176054597,0.05229547075973342,-5.666925426289552e-05,0.09498070263699501,-0.5133598273694188,-0.25510300380451206,0.1727126306146231,-0.03405638225331826,0.0
CLI00632,0,0.0269,0.2875226687683008,-0.004373419281346753,0.007287263474399487,-0.017362835695565494,0.03474928270312741,-0.26373165940859555,-0.0382801375168112,-0.020062544565603777,-2.5911968853409744e-05,-0.053212447708891795,-0.03917996529048626,-0.297029501843362,-1.1994680189799674,-0.0024402802396999075,0.0
CLI00633,0,0.1128,0.49476919523757795,0.17529498868588075,-0.06688082003232096,-0.042670617366899165,-0.07574648309571237,-0.06018365905812641,-0.7060721125035611,-0.041267087691287827,-2.5176245964135975e-05,0.032543043582676706,0.844695877438517,-0.41410961018350534,-0.219038221700891,-0.002212463956648216,0.0
CLI00634,0,0.0269,0.14548815437063234,-0.03505415011842148,-0.050788688451741934,0.010596433739311151,0.0011112093214524959,0.19852192364662466,-0.22424059174029026,0.09551967916716791,-2.5911968853409744e-05,0.021370687747055462,0.13997323952255403,-0.47779925576459076,-1.4281118981270797,-0.002984478179898629,0.0
CLI00635,1,0.6802,0.4106306197070964,-0.09444405363114618,-0.007710485491783436,0.038352593393617164,-0.0485883423897097,0.30183970854661857,-0.025106946616903887,0.04800045894717568,-5.666925426289552e-05,-0.016891140712020972,-0.056886737556278946,1.8205081968630399,0.3685326068333465,-0.0020374274392105634,0.0
CLI00636,0,0.2073,0.2573521141465561,-0.04774983290598453,0.007785825178212174,-0.02618646183695572,0.022685465845462802,-0.28506781953656324,-0.023533498264964637,-0.018027436653322668,-5.666925426289552e-05,0.016638533122026143,0.28188734439732394,-0.29392574318332265,0.7508132684924281,-0.0026137034320049993,0.0
CLI00637,0,0.0136,0.3160318576335215,-0.17685840612215864,-0.0407582289335222,-0.15322809232954143,-0.04697614206497182,-0.8035902243590275,-0.22033975035465708,-0.17610987541335812,-5.666925426289552e-05,0.012656123336408191,-0.492409112579012,-0.3189289872719982,-0.19628167997429816,-0.002347733385183751,0.0
CLI00638,0,0.03,0.4132880693040814,0.03935572131510838,-0.042265085231502963,0.008674378936117071,-0.0856443245321023,0.29042040178814443,-0.5994444984239303,-0.040820410663220945,-5.666925426289552e-05,-0.02319101259572688,-0.004963706332579274,-0.26979525163661344,-1.178064773291116,-0.0024121621945664405,0.0
CLI00639,1,0.8449,0.4129123098745888,-0.17206716694487012,-0.04712064336210694,-0.057047382338099174,-0.016977919423394147,0.0007071544088655152,-0.06562810422839677,0.0923569519106818,-5.666925426289552e-05,-0.14953701976972786,0.100122676069852,3.5625064631909744,0.020019187292378293,-0.00411446975784493,0.0
CLI00640,1,0.5638,0.2703095810280358,0.6279146954805354,0.040093736642223904,0.1561166831863585,0.014222743805216077,1.2381789042527993,0.2997774504767266,0.14735653333149307,-5.666925426289552e-05,0.012071959441197747,-0.324616296889733,-0.2854280682130847,0.044464668592266395,-0.002755295944630101,0.0
CLI00641,0,0.2618,0.3721133482163703,-0.11933522321549586,0.06790750128604713,-0.08431278537586526,0.020823136811906336,0.2348116944837854,-0.006854811870880052,-0.07282465996191335,-2.5176245964135975e-05,0.08195921923471156,0.5929302793091317,-0.39112452497336975,0.25074759720899203,-0.0023576659973123084,0.0
CLI00642,0,0.154,0.24364481805166824,-0.07139742246503648,-0.0686768876641107,-0.0023040289972211313,0.006135457719314734,0.2717444232861509,-0.07193399762780354,0.0038467424292575104,-5.666925426289552e-05,-0.38320616346187014,-0.2654796203682246,-0.027982525858206413,0.6478402806581711,-0.0044642177917379065,0.0
CLI00643,0,0.0275,0.33092214053606395,-0.03911699731676913,0.022069450226358617,-0.037401813587078975,-0.06188752797561016,-0.2863868971865038,0.015860439213722294,0.013598375210646102,-2.5911968853409744e-05,0.008799441598654631,0.12697673654745173,-0.3726115605616291,-1.3021897510776594,-0.0018501194458868514,0.0
CLI00644,0,0.0688,0.24830210285237453,-0.09706045846361668,-0.03802777317642542,-0.015795209281233864,0.02235191680673588,0.179665730375335,-0.2047493534047158,-0.01875961948203934,-5.666925426289552e-05,0.0193380456361423,-0.2687812899609543,-0.591745459208609,0.14410922659202394,-0.0032205838471987417,0.0
CLI00645,0,0.0287,-0.6392568027302863,-0.12571769590073778,0.010664214080955848,-0.03997794182699456,0.08679977187926055,-0.12683586446553272,0.10504996783890556,-0.0351744983003761,-5.666925426289552e-05,0.07433367450336295,-0.4665456571908569,-0.3111828423786363,-0.06029332201242415,-0.012705625743223026,0.0
CLI00646,0,0.0899,0.22855000528931957,-0.09604173022684362,0.09565613938426128,-0.03388847632013571,0.01988302432954435,-0.10842293997541703,0.08055315636643766,-0.032238546889931115,-5.666925426289552e-05,0.03021770862969838,-0.3709636555646246,-0.43364191082580084,0.28924000871671707,-0.0026395300224676586,0.0
CLI00647,0,0.0394,-1.02182363397221,-0.08492889366547379,-0.003116771843976528,0.0011040315060419407,0.5213360250750068,-0.07674821066690803,-0.004434820864543695,0.08298442677059502,-5.666925426289552e-05,0.0006986120492415372,-0.3354462794353791,-0.23503073793234722,-0.05577645608401493,-0.002262393846476433,0.0
CLI00648,1,0.7749,-0.5370271285107472,-0.06598980960733154,0.33613506668366216,-0.0013433850263051266,0.16106694640505068,0.24395648045000368,0.9039290894538771,0.034422121629642595,-2.5176245964135975e-05,0.08764333939690117,1.9655357144782135,-0.046191431781651464,0.1470737341683085,-0.011865250577582644,0.0
CLI00649,0,0.4453,0.5265943759110474,-0.1304429549983095,-0.08804178110272755,-0.03467194294099232,-0.020586653204287746,-0.5662198186284496,-0.20230592624005733,-0.03660498984442221,-5.666925426289552e-05,0.0069122777276915464,0.8536812939180274,1.4387483682093876,0.016456436568645677,-0.0019418845851338006,0.0
CLI00650,0,0.154,0.3439527490844669,0.07854044010813493,0.08913690818706488,-0.052884545117608886,-0.04321418058283613,0.29677222881912885,0.07093081484878751,-0.05184399490785839,-5.666925426289552e-05,0.023638553818330185,-0.26863295568029544,-0.4596816342359663,0.2529905484974552,-0.0019154558140325685,0.0
CLI00651,0,0.0921,0.26490031763070276,-0.06804844992487263,-0.04699487126348106,-0.034414650195445616,0.004255582119756194,-0.1443653776293487,-0.055675338655880174,-0.03153402635724566,-5.666925426289552e-05,-0.220998449326691,0.27001212771982014,-0.10664359212252289,-0.13164986063610334,-0.00595997477971454,0.0
CLI00652,1,0.6834,0.4730217751119017,0.16811080555750088,0.24035927277556177,0.008108780763660001,-0.05054819531276554,-0.1605557685271292,0.009571088246704098,0.11980205496714048,-5.666925426289552e-05,-0.005467328559657634,1.053857164607364,-0.2129993978476743,1.1097854268307397,-0.002133316238875506,0.0
CLI00653,0,0.0782,-0.484309093158768,0.4507806756667465,0.013968033016028022,-0.024696615997965667,-0.06383387869225145,-0.6494953510454375,-0.06364025396549577,-0.05256213695061301,-5.666925426289552e-05,0.03214075543371585,0.5758322806931158,-0.3933616776094689,0.17555863038686015,-0.002803681231897338,0.0
CLI00654,0,0.0538,0.3563308488412604,0.03599861941638212,-0.054757303142606094,-0.011718608118215184,-0.045427542430141035,-0.21084681023197271,-0.21017165638834412,-0.027410842823389403,-5.666925426289552e-05,0.019547783586748028,0.12856475321967434,-0.5289185802613438,-0.33555048952381367,-0.002118037887300252,0.0
CLI00655,0,0.2194,0.33519656196572845,0.031583508571053506,0.018360736726636667,-0.0170162096808567,0.029923570272980465,-0.3460956920192055,-0.01054282878805488,-0.013248636558992765,-5.666925426289552e-05,-0.014993778629362865,0.2183610283525616,-0.2404106919700546,0.723951232805838,-0.0027577752749948273,0.0
CLI00656,0,0.1559,0.34683767467835097,0.08556723527037773,0.026931078786498166,-0.011701134404586526,-0.044365537023068495,-0.3543841186678364,0.036638051244167434,-0.018604572533002416,-5.666925426289552e-05,-0.010235761570117036,0.04973113546700953,-0.37057606402558335,0.558116087769781,-0.002089993863909035,0.0
CLI00657,1,0.6575,0.4951196057770822,0.7037256408201398,0.06882072090388366,-0.06324918680388936,0.09949878787319819,0.36527199499393387,0.3681145643845408,-0.04884891752429173,-2.5176245964135975e-05,0.09744401790173439,0.7754137626334644,-0.2920873634187303,0.020755472325317874,0.043593720407606944,0.0
CLI00658,0,0.1495,0.2694328417285895,-0.04762694332007778,-0.051791020933960735,0.046534605421273266,-0.014129941356947106,-0.26423077501879344,-0.1528579048832365,0.08735058663606718,-5.666925426289552e-05,0.013463270497067338,0.09491271228035093,-0.04810769187421139,0.3124237369032022,-0.002288648994220893,0.0
CLI00659,0,0.0927,0.2228981327945461,-0.0837260707593629,-0.035007785819302334,0.014528971770218668,-0.013091072858546637,-0.15130579364224606,-0.13134948168928604,0.05539072307137019,-5.666925426289552e-05,0.0021269925079546942,-0.14249648107603616,-0.32962387327610243,0.2939198317494165,-0.002118812568865805,0.0
CLI00660,0,0.0784,0.25716913917723905,-0.0891566483835311,0.1005894313256471,0.041010837917849555,0.020356761621417006,-0.1276951138725459,0.07921503534633878,0.04244372270365926,-5.666925426289552e-05,-0.010173724922270025,-0.07986655134853285,-0.4163448933667721,-0.29797531451431675,-0.0024973190567834694,0.0
CLI00661,0,0.0566,-0.8990635284830343,0.03225651423643345,-0.06761478897080106,0.01323914723387525,-0.10850305681238183,-0.1804862391102221,-0.1641993383578282,-0.003409459766646586,-5.666925426289552e-05,0.07281255822699863,0.06326551757569111,0.1685506465098168,0.24866861734778867,-0.008627476313074613,0.0
CLI00662,1,0.7528,0.3750056302050364,0.010286099121525775,0.008950315969050717,-0.01757833153116326,0.06414161162401359,-0.12757349472316945,0.3319114711771421,0.0721935632216846,-5.666925426289552e-05,0.3704181648426837,0.012478894081646555,1.1853633037543785,0.8218094233514438,-0.01247398794064295,0.0
CLI00663,0,0.0749,0.2205591368571189,-0.12793493097629816,0.030380691212363666,-0.09031588901812966,-0.00032988289466777474,0.2979378407617016,0.025052216117362355,-0.046985023347944174,-5.666925426289552e-05,-0.26433590558826575,-0.9146524974150388,-0.2353804315673912,0.5799160958859512,-0.0062224343071992086,0.0
CLI00664,0,0.0762,0.2897842374795948,0.6314899984451176,-0.020690710773127237,-0.016160655764284354,0.00957267530135494,-0.08117138519563973,-0.051854811390437794,-0.009018773916783834,-2.5911968853409744e-05,0.2102151438588609,-0.05339839339416998,-0.3439424526128149,-1.142759252243272,0.06433073979814313,0.0
CLI00665,0,0.0181,0.20465753156693645,-0.10309787255321896,0.043370559028111585,-0.028444132969433527,-0.008821417290224539,-0.210808677693154,-0.007918916710576355,0.05356781052167222,-5.666925426289552e-05,-0.01158560735016115,-1.8379033847482331,-0.30528367385619476,0.20022738779178284,-0.0017994786764282459,0.0
CLI00666,0,0.1377,0.3148483962923675,-0.14333489557049556,-0.03280132846584068,-0.08318665864146994,-0.03740266664256231,0.21032926551749265,0.1359728116323878,-0.0617052121524023,-5.666925426289552e-05,-0.19752521503964526,-0.1580911896515884,-0.10132342458422944,0.3031468101011158,-0.00232557909262317,0.0
CLI00667,0,0.0592,0.33773183003546947,-0.19778055152524088,-0.04517509528063196,0.28374595673140124,0.0013111359494643337,-0.10878198323437505,0.009601256365182857,0.2874388538883461,-5.666925426289552e-05,-0.24040147761001787,-0.023184818574598417,-0.616819745159704,-0.4671587503979541,-0.005914464953341546,0.0
CLI00668,0,0.024,0.2972454912476173,-0.1897817592505534,0.022332446492369235,-0.0924389211007713,-0.0457702801809749,-0.13646618142548964,0.1700320414991663,-0.05855977162635382,-5.666925426289552e-05,-0.2999205384268835,-1.8055122582443213,-0.10043442646103197,0.5182145062148293,-0.002953315455348152,0.0
CLI00669,1,0.5604,0.372758372434783,-0.07467528466422682,0.22516650463818436,-0.050592543636987695,-0.031908619125228,0.2816665503881144,0.02661916957888608,-0.0478700923641164,-5.666925426289552e-05,-0.01696615362585136,-0.14267400891591409,1.6365178059922092,0.04830840791703133,-0.002124770923665325,0.0
CLI00670,0,0.1171,0.38806899632273734,-0.003243071795485129,-0.08098780188498099,-0.026133912370760105,0.02789595971606826,-0.3854834055922423,-0.095773103504125,-0.024243943122782118,-2.5176245964135975e-05,-0.19165208120892874,0.859471876150456,-0.3380667064911887,-0.16293182486750396,-0.005981185979557165,0.0
CLI00671,0,0.0371,-0.6736168273177825,-0.08422609657636407,-0.03594906040353681,-0.036076353480565974,0.0362567517555446,-0.29286080614321747,0.19997838500182433,0.14957883484773765,-5.666925426289552e-05,0.025978933884461562,0.09517054886091365,-0.2694928253246535,-0.3507676957694015,-0.038900589898335135,0.0
CLI00672,0,0.1263,0.4039897643533362,0.08143003253128422,0.008429825560740109,-0.06389612622941523,-0.0782490716597915,0.2706617822678679,0.17570726654816124,-0.05657827791958376,-5.666925426289552e-05,-0.03361660512359819,0.04071227053316606,-0.3481750352084655,-0.3513579922610903,-0.0017244421455031853,0.0
CLI00673,0,0.133,0.3059079214965402,0.03783092729832084,0.04023595533294245,0.024595361793765952,-0.027416933665220744,-0.18622909171938937,-0.11497790811699644,0.02275113744900866,-2.517624596413597e-05,0.31465224571804545,0.14246203809589622,-0.6469052908072968,0.19538803274938318,-0.0018343901526914356,0.0
CLI00674,0,0.0213,0.20918683261745186,-0.14270609967130765,0.06686276464500358,-0.003448837196901931,-0.03555819077318562,0.15836747431959228,0.028957933125585752,-0.036424795577205946,-2.5911968853409744e-05,-0.05110187447643948,-0.5227565498577927,-0.3593295311391009,-1.1562232160758121,-0.001955736748517409,0.0
CLI00675,0,0.0122,-0.5240889019256589,0.0036240010192496322,0.06495618024898273,0.0462689608495168,-0.022449293385960137,-0.32701410102235023,-0.009523214234538417,0.18489349032018476,-5.666925426289552e-05,0.2211631536948347,-1.6091812463661546,-0.32538666430449087,-0.11643752967724742,-0.0019062618682133563,0.0
CLI00676,1,0.6895,0.44151061687754933,0.48009356776879736,-0.007838505703672075,-0.015012960547172525,0.023628455990494634,-0.36260299085004544,0.49708148168495925,0.013408428383895934,-2.5176245964135975e-05,-0.025412435967054444,1.059665525141164,-0.036816859674776034,0.7234668831188413,-0.011920910632959818,0.0
CLI00677,0,0.0868,0.274303182908603,-0.11197391734754665,0.002776646706365514,0.01500655506550135,0.003132701663555361,-0.08400838193630358,0.003483044402813846,0.013898002152953544,-5.666925426289552e-05,0.3605163660558576,-0.2204535164931568,-0.37383629107049887,-0.2528652329249259,-0.002425048559635044,0.0
CLI00678,0,0.0348,-0.8982846962827442,-0.118621565217903,0.04759724832098566,-0.007157813672938695,-0.08629894317392367,0.31143231877790706,-0.02732421313596866,-0.028984292105673996,-5.666925426289552e-05,0.01960921136646597,-0.740813097958637,-0.2351075356835151,0.432657479710341,-0.01007979976530198,0.0
CLI00679,0,0.0129,-0.4428246312773607,-0.23237239479360305,0.010824636794665912,0.006911050728193439,0.07858806093485451,0.22259697783519883,-0.06275112552594944,-0.01029490047767547,-5.666925426289552e-05,0.001738011689094391,-1.480208125074278,-0.25495753629292756,-0.18784172560618195,-0.00520690691782744,0.0
CLI00680,0,0.0968,-0.6660040158706464,0.17892041672372375,0.02437301304541463,-0.019491440831221302,0.08566811531622906,-0.18529798020652835,0.0681758735350327,-0.005073196513421598,-5.666925426289552e-05,0.18757910527111377,-0.2846490861083065,-0.3254434943959238,0.6966553951862452,-0.007651889205987304,0.0
CLI00681,1,0.3071,0.2900818575694616,0.5700185136018315,0.0049404354270092665,-0.00615667504806309,0.023872938992088803,0.10150752684643831,0.26068282624958455,-0.006453082447067141,-5.666925426289552e-05,-0.13197939844585513,0.22172860232511693,-0.18395178424486658,0.027914606310227186,-0.004649652809214062,0.0
CLI00682,0,0.1561,0.2501154714081021,-0.07660807062021513,0.004478118597088558,0.04596809348119083,0.01036936797233963,0.2778281312140348,-0.08697026126367,0.06920089084259173,-5.666925426289552e-05,0.0016814886025725503,-0.3417832753435984,-0.1254953910521837,0.2672010626248332,-0.002550709778977975,0.0
CLI00683,1,0.1969,-0.16824876430395283,-0.001372677788927832,0.037963529955806666,-0.036498069910524636,-0.07313557324057314,-0.10684900694659448,-0.1014996078800742,-0.0458607959565067,-5.666925426289552e-05,0.2526177979959639,0.22351017204527007,-0.15509118655123136,0.7523412972630136,-0.002173037570407045,0.0
CLI00684,0,0.0544,-1.0913982512728084,0.3292600483540907,-0.058674491415325165,-0.05410901034522452,-0.1566063434790608,-0.12655887388238724,-0.026662216869336106,-0.04514631805696496,-2.5176245964135975e-05,0.02487827798870379,0.6318802822674886,-0.23888112322549704,-0.09516606271100087,0.032116125140672615,0.0
CLI00685,0,0.0324,0.2671304104241083,-0.10252261466206715,-0.028250570789688227,0.02212394746220724,-0.045354473048191554,0.30004981105345513,0.1673318103337778,-0.008180941659844591,-5.666925426289552e-05,0.012151030258359573,-1.7090675060077603,-0.2529809185143621,-0.034557211123437584,-0.002164851463151965,0.0
CLI00686,0,0.1794,0.23202031765211267,-0.08977759536078204,-0.031284997270482374,0.042702993118150685,0.013973137702418073,-0.08785078245809598,0.08856689864513231,0.030747660698303314,-5.666925426289552e-05,0.04095688194450153,-0.3770826169824514,0.25767717685475083,0.3416217535696033,-0.001487439656780552,0.0
CLI00687,0,0.1356,0.3958489325855862,0.1688646606070309,-0.03637514616281054,-0.022085250814390753,-0.013657385458608002,0.29715049250339787,-0.1185026712839189,-0.0015362631148988896,-5.666925426289552e-05,0.016022200071469768,-0.23012775743381728,-0.5509861920041921,0.22764376460980806,-0.002981728779971527,0.0
CLI00688,0,0.0727,-0.47660215405040723,-0.03758415768433137,-0.012069491001949222,-0.031941234003577595,0.09475187063896262,-0.11522723100510178,-0.023402993130793824,-0.0341276572257393,-5.666925426289552e-05,0.07408472067095366,0.26494899231017066,-0.13216984251354993,-0.13082067208278902,-0.005170087137240266,0.0
CLI00689,0,0.0182,0.2012103301475211,-0.0633526013885338,0.04234075817373564,-0.003871416347017844,0.015387564721763102,-0.3176514563873202,0.018835747701169483,0.1391363007213431,-5.666925426289552e-05,0.004475705323209,-1.894924739934183,-0.32909696156950674,0.18206971961100543,-0.002341052659846125,0.0
CLI00690,0,0.0573,0.23767172875239798,-0.08692508650317567,-0.045157740319198995,-0.025569164104224086,0.018075980218697777,-0.09622865688752133,-0.01814509895024161,-0.03691374567543187,-5.666925426289552e-05,0.01635103002318487,0.028835494049661646,-0.5041680145407829,-0.30331812651387896,-0.0036580121020090874,0.0
CLI00691,0,0.0932,0.26798656599859866,-0.10707072700436632,-0.0375498363911745,-0.10466793151957994,0.018833106413172165,-0.09043699893174488,-0.1358626920044875,-0.15255042418192208,-5.666925426289552e-05,0.023803159069444194,0.07665546826284354,-0.3476270367544555,0.29725707120826883,-0.003243704325898216,0.0
CLI00692,1,0.7549,0.283680628319132,-0.051842155294241576,-0.056123765867641694,0.027425650601930113,0.06307433162996462,0.5245662011699566,-0.09621064095883822,-0.002630237759176684,-5.666925426289552e-05,-0.10533179442552326,-0.06110849728339095,1.4674811666005274,1.1170933788708295,-0.003767598039819997,0.0
CLI00693,0,0.1534,0.3100155206669272,-0.12963301631779642,0.01008470251964545,-0.030877945719974095,-0.03284654711293978,-0.13769088935742377,-0.034938217000117476,-0.04313666921551928,-5.666925426289552e-05,0.2394221029703688,0.1282768153508227,-0.3144874485674379,0.31122215292213845,-0.0020177824223572513,0.0
CLI00694,0,0.0883,0.3226711202332896,-0.14596303202142236,-0.006661772838937964,-0.038707473144312284,-0.024033919683741876,0.109299174450606,-0.020109083026040853,-0.0337901612343226,-5.666925426289552e-05,0.09597196008488619,-0.3170745296780128,-0.16144056170581828,-0.1316914238766845,-0.001897616917247125,0.0
CLI00695,1,0.4901,0.29809938884099574,0.3487175105551986,-0.07976789059360634,-0.0030405802159529584,0.03887793877086587,-0.04378955874508132,0.09500291917713095,-0.02774420411410135,-2.5176245964135975e-05,0.07097717341462875,1.550768250476777,0.06802610054030495,-0.3707912018572684,-0.003659335373565311,0.0
CLI00696,1,0.9177,0.3763904747246312,-0.051326611488807725,0.4385427112730594,0.02507504302547367,0.024312025303089124,0.419092581478421,0.15860531440605588,0.09765550727682937,-5.666925426289552e-05,0.1547602833431414,1.3096503299330386,0.4351643974339509,1.0077837738837436,-0.0025755228647694898,0.0
CLI00697,0,0.0635,0.2584315469319508,-0.0993630366185367,0.02863894510188312,-0.05380916941651046,-0.02895983428456436,0.2658123987013374,0.010995457134076745,-0.05236011414242633,-5.666925426289552e-05,-0.008406382434961172,-0.7724546746787544,-0.4093725588755517,0.154738633844624,-0.0031988033373938616,0.0
CLI00698,0,0.1296,0.24350008610240256,-0.04551346326274567,-0.04184376952604706,0.030397830473318697,0.019450700487111325,-0.22800171882442316,-0.13346140083323974,0.05403862056212338,-5.666925426289552e-05,0.04490596215706722,0.1387609578105738,-0.2851668516565596,0.2830531854559197,-0.003243704325898216,0.0
CLI00699,1,0.8522,0.36307459378664625,-0.04979479086681018,0.027473551521175817,0.07888600833452018,0.012739365782196999,0.33610807137362964,0.04809058085475401,0.15899468219983445,-5.666925426289552e-05,-0.040779698163858624,1.1424368716877857,1.0008084381243458,0.6578008800708082,-0.0025288748957196837,0.0
CLI00700,0,0.0513,0.22049587518377273,-0.1292986429032867,-0.03849632884951709,-0.004694565193108561,0.020591763329128706,-0.11088800405721463,0.03462843567779923,-0.027319099681086513,-5.666925426289552e-05,0.039503239886191886,-0.29259586631708145,-0.45766752916646114,-0.18650422695941,-0.0036732221104922073,0.0
CLI00701,0,0.0221,0.2588776707754879,-0.10382983736127972,0.041655113589225745,-0.0019683167524824833,-0.02970164843216089,-0.1739225511317951,-0.009957856900002513,0.05224925456290485,-5.666925426289552e-05,0.08138310336339259,-1.799181559318969,-0.2875026579294906,0.16491123270271835,-0.002112535574230552,0.0
CLI00702,0,0.2789,0.2768154669859183,-0.11379306442779033,0.009359933478478558,0.015076074072642142,0.021593466808159267,0.3211840533465612,-0.08596985060040632,-0.012344909677822095,-5.666925426289552e-05,0.04241687697298811,0.23503257318103252,-0.29616595687894803,0.6209863689797898,-0.00266490678590685,0.0
CLI00703,1,0.6206,0.3811012194587721,0.5232127950397523,-0.001824214195944468,0.01300683065127471,0.029275286844651274,0.757322060298884,0.6528508611784105,-0.014257561970431779,-5.666925426289552e-05,0.48166878782786904,-0.1935212924987693,-0.4729813124110766,0.1497520485353452,0.16798631789298346,0.0
CLI00704,1,0.6967,0.39677660578511464,0.24470905783792363,0.18259069222822033,0.02073475955332641,0.009013685498862679,0.6177495629726599,0.2842259139200431,-0.038630644720642635,-5.666925426289552e-05,0.27051344146454,0.9185153280533764,-0.4159798419013801,0.3254465732941829,-0.002592670355096986,0.0
CLI00705,0,0.0881,-1.4602010963514254,-0.26290441633632317,-0.19993954193371083,-0.06639669852130493,-0.1155351777057711,0.19368702215350353,0.06450536493345226,-0.06093111633869569,-2.5176245964135975e-05,-0.21523235899846602,0.7122752676836861,0.9925286939549254,0.07467404507092508,-0.012786723355507996,0.0
CLI00706,0,0.0994,0.30303194396272715,0.5581658286495252,-0.020345052742064596,-0.09649334870586167,0.019678301091873334,0.16929979489032232,-0.0944488197095991,-0.031877442202833166,-5.666925426289552e-05,0.28234942565916654,-0.1217196764627325,-0.2414810597393374,-1.013260756410439,0.06415287138099306,0.0
CLI00707,0,0.0597,-0.5540357975838747,-0.052475280614333084,0.007213191398288735,-0.024340539323397598,0.0944301288063991,-0.16425743494192724,0.027640733207939593,-0.040305053666304214,-5.666925426289552e-05,0.046603738959876524,0.5440345545060721,-0.45902306637210877,-0.19668675164881716,-0.005133202448682842,0.0
CLI00708,0,0.1244,0.34584327603580806,0.07124604319005287,-0.03435695793219086,-0.02292805651335309,-0.011584187609172595,-0.34453284977255805,-0.16516491964895363,-0.010936984889844206,-5.666925426289552e-05,-0.017216932792555355,-0.23214861683554514,-0.1967504236655669,0.6512184548948061,-0.0024888733966710254,0.0
CLI00709,0,0.0336,-0.47858219873719876,-0.01343097593304773,-0.027253903344118636,-0.11780951137960011,-0.10723244492478817,0.23800100181190084,-0.10161474556497184,-0.09375931749337924,-5.666925426289552e-05,-0.0066361473637236495,-0.5109577078479338,-0.22033011287181886,0.06504826035387383,-0.0029774702901965355,0.0
CLI00710,0,0.0387,-0.7975552898500136,-0.141037711364811,-0.06012979341433317,-0.040931873743794964,-0.12780261819614266,-0.1626046933778703,-0.21356429655802164,-0.045979450958422555,-2.5176245964135975e-05,0.06642861672435436,0.7490782813783838,-0.49143359686263427,0.037077343441372604,-0.0026543247146480135,0.0
CLI00711,0,0.02,0.30845046439806184,0.058299542962299535,-0.028179759130481086,-0.08316968641909625,0.004144931214154687,0.24490231694801218,-0.051084197037289954,-0.05935825664995336,-5.666925426289552e-05,-0.21706765797667357,-1.6418475258017982,-0.28152315431977576,-0.15862659621292696,-0.006130942612497175,0.0
CLI00712,0,0.3213,0.4682140411002829,-0.09987276879022951,-0.02900081589098406,-0.06932349981105182,-0.17271502316335904,-0.7675973866618869,-0.18123513106323352,-0.04934808486116711,-5.666925426289552e-05,-0.010388450405762,0.8134961850604048,1.1479158923772408,0.1855021895707424,-0.002142260791457969,0.0
CLI00713,1,0.6144,0.43690186192214503,0.7440711041451694,-0.02944961204241535,0.07416589890008976,0.012665358349361536,0.0597781180352238,0.00946142303626094,0.09539904031049648,-5.666925426289552e-05,-0.1446550190255673,-0.4290173361001942,1.5547919486511805,0.0670333807167787,-0.004098601873614621,0.0
CLI00714,0,0.1983,0.33991362818126575,0.4713541831254367,-0.07566309571873932,-0.0231855916020939,0.03717071333159253,-0.2516333826293693,-0.056885645039452565,-0.021501471619914708,-5.666925426289552e-05,-0.0845607419727288,0.6239911302465572,-0.347023982294978,-0.09181621525595371,0.06400711125956414,0.0
CLI00715,0,0.0141,-0.7263353426905614,-0.14523813925619689,0.06549834423637144,-0.018116999001773843,0.10944815931975449,-0.2970108331825403,0.19333642509572915,-0.002419853366188432,0.02308756424838809,0.2013104424784352,-0.1137251068220284,-0.3727964399234894,-1.1679877968802053,-0.014170706606432248,0.0
CLI00716,0,0.0284,-0.5271850163073656,-0.11265722517565054,-0.050542123749321155,-0.0784071245927053,0.012578254562152962,-0.09017211328855529,0.18782072724383442,-0.02760543685513353,-5.666925426289552e-05,0.07148374975965181,-0.40509123187968066,-0.382930474931658,-0.14628643743396008,-0.0025801039930949286,0.0
CLI00717,0,0.0375,-0.7174099643876407,0.08313172402994531,0.017699271297689567,-0.003590016166633914,-0.10956271728118594,-0.1734256164054806,-0.014501687133637467,0.02065182895122041,-5.666925426289552e-05,0.04409070531195592,-0.20186191577192278,-0.1688584576051442,-0.037079861835799026,-0.0020308165659165653,0.0
CLI00718,0,0.0302,0.2500440117101255,-0.06946702833331773,-0.003791068017189548,-0.003087257233023198,-0.0035082630624503866,-0.21374452967187105,-0.03207267911903369,0.14066453927750233,-2.5911968853409744e-05,0.00036641619743878564,0.21031796406964653,-0.383893497677947,-1.378951550592408,-0.0024678928787936656,0.0
CLI00719,0,0.1115,-0.6498630716089028,-0.18583675689415313,0.23802852469301825,-0.08313579472237259,0.0675873585970974,-0.18685681862350323,0.3973709856231817,-0.10787606612288364,-2.5176245964135975e-05,-0.2803517276357064,1.4556086429833437,-0.17720423075143057,-0.568643408624417,-0.012630634531352247,0.0
CLI00720,0,0.0116,-0.682571443009877,-0.05474996997071199,0.00812440221534322,-0.00623416982679467,-0.10798205911066655,0.10839504551095448,0.017602493862153287,-0.03685631459022168,-5.666925426289552e-05,-0.007963576314694987,-1.5687107287229634,-0.16203210894151662,0.03894370799720145,-0.0063340707384468035,0.0
CLI00721,1,0.9259,0.43237400704033074,0.09922325815132352,-0.04101613466177988,-0.04239099073292789,-0.0378494411336818,0.3139164057140207,0.2212341635809217,-0.04147077021108683,-5.666925426289552e-05,-0.06585809819862111,-0.057628115156680315,3.3651484677183268,0.3630921205550568,-0.0023276986022732135,0.0
CLI00722,0,0.0291,0.2561609994235051,0.008916805740835332,0.03534211030399778,0.07000809777734275,0.017320171650374788,-0.35349090532711613,-0.013162654949233,0.15805069181005638,-5.666925426289552e-05,-0.031194904726528413,-2.1116511883019324,-0.15356290679839577,0.5934082520353183,-0.0036270270089113553,0.0
CLI00723,0,0.0352,-0.45346977836409147,-0.07453374169886814,-0.031249451521582355,-0.04804141005081702,-0.1276376055217779,-0.2173503351918806,-0.01717105094338426,-0.045515529559443664,-5.666925426289552e-05,-0.19649350803264923,-0.05271518315653123,-0.3012176112258195,0.23819768106212164,-0.002778606209802782,0.0
CLI00724,0,0.1681,0.3778825693141135,-0.11545258764272565,0.2222298638704865,-0.04435699712296963,-0.02548217607437745,-0.15909354331241765,-0.009682104084784303,-0.047058363194627806,-5.666925426289552e-05,0.05094685228465481,0.7685774646119845,-0.4577319393320093,-0.1763735613041502,-0.0019549633719780496,0.0
CLI00725,0,0.0159,-0.35771346303244095,-0.05021528216190346,-0.024566744072028204,-0.06566939534840104,0.05286143729324004,0.19987882510152413,0.004765425831469025,-0.013036497031600296,-5.666925426289552e-05,0.00301159654074617,-1.4779811970498484,-0.3852317191672928,-0.023240419290946737,-0.005620625573877217,0.0
CLI00726,1,0.5359,0.3763661159435914,0.09636080559919576,0.0225941680386728,0.02856519352589988,0.019440865834548827,0.42974014109712494,0.2708407709779048,0.00045130448429505255,-5.666925426289552e-05,0.02677738458324602,0.12439773284271925,-0.13576393490504263,0.8680889389016708,-0.002569581165068199,0.0
CLI00727,0,0.0635,-0.6605442075230729,-0.06253696659252804,0.020515277808556477,-0.06423508813679095,0.07705648810493755,0.17459015797638422,-0.015270751630642163,0.02954979021332591,-5.666925426289552e-05,-0.26488538197755374,0.5178770528541726,-0.2069879252070605,-0.24785136602353072,-0.0076110570888798254,0.0
CLI00728,0,0.3597,0.3954938700963577,-0.12556146467258908,-0.019586247856508577,-0.03511401858153492,-0.01816766860184537,-0.2624081135475521,-0.05317069629648669,-0.04737278850860937,-5.666925426289552e-05,-0.05324901767699322,-0.21820668365794396,1.522723763050683,0.3211453813259577,-0.0017023700042537004,0.0
CLI00729,1,0.3015,0.406906356131088,0.1254245334255204,0.0056285837417800345,-0.0516783161016175,0.02950822121269845,0.29447795727897375,-0.05570499220507722,-0.046087386139276196,-5.666925426289552e-05,0.4064488793121626,0.11288916881479355,0.12058462728140673,-0.20440387993139925,-0.002679469008382069,0.0
CLI00730,0,0.1549,0.42119768785477874,0.004179145801099904,-0.07386974112991723,-0.025062569847214937,0.022812244212180473,-0.36935920229302793,-0.034068367359986876,-0.022303867535504323,-2.5176245964135975e-05,-0.26339951484965224,0.7915589895324827,-0.37744492583038364,0.21593137568542928,-0.005914724902635014,0.0
CLI00731,0,0.0339,-0.4208509939271489,0.08826415124140599,0.029856141250295863,-0.027111468964402568,0.0909198859855724,-0.21118305854916114,-0.020739225453233312,-0.02400406391146702,-5.666925426289552e-05,0.07907304739150042,-0.5778563522226912,-0.21376658998465137,-0.15514798111340564,-0.0052321699830447915,0.0
CLI00732,1,0.4839,-0.6194308159769762,-0.017382459599365255,0.24126439244414194,-0.03175595209908726,0.06271446962791179,1.0215967855450379,0.3223957683302046,-0.041902292978137884,-5.666925426289552e-05,0.2422670189072477,0.9113535896099251,-0.15689170585272205,-0.012235257044314139,-0.005142984876681445,0.0
CLI00733,0,0.0418,0.2679716284831861,-0.19924016798853253,-0.05475706997215632,-0.03962469710546654,-0.03198511167165034,-0.08965711645101652,0.019081619946179885,-0.04111720878862021,-5.666925426289552e-05,-0.28162564675492535,0.12988783477916774,-0.5936648847701994,-0.23343575764512917,-0.0021338301016357235,0.0
CLI00734,0,0.0936,0.3054059368239606,-0.20754661655896206,-0.04240853284523084,-0.025557734289700172,0.005217982010204737,-0.08463550844181011,-0.0465274692153668,-0.029289777673316825,-5.666925426289552e-05,-0.20912073500835934,0.12540337183746195,-0.3637018976563848,0.2896752194140564,-0.006143382045755794,0.0
CLI00735,0,0.059,-0.44869031740442294,-0.05983809427233038,-0.07277481686385198,-0.025410621437895624,-0.16199956435207427,-0.23023411726056342,0.09586168346210869,-0.043995523241481,-5.666925426289552e-05,0.2205100487853229,-0.026650913055941385,-0.2761706656963992,0.24419819452063302,-0.002804585782599551,0.0
CLI00736,0,0.0486,0.2180647458163863,-0.13675754431482495,-0.034568314571931255,-0.10084068299898827,0.01521575021793694,0.12100086590489874,-0.011740258471324419,-0.062006295959633896,-5.666925426289552e-05,0.03417555800987511,-0.6555081065522742,-0.17977045460692453,-0.19553547589173353,-0.003974556310169911,0.0
CLI00737,0,0.1343,-0.4437805777974771,-0.02941708902573861,0.023200795740180514,0.04018917005435733,-0.11293368833869197,0.3376175557521031,-0.028962281123833818,0.0353328816163999,-5.666925426289552e-05,0.2538721656566712,0.008670174481545438,-0.2593071181951138,0.29566686976249174,-0.0027482317269240833,0.0
CLI00738,1,0.6669,0.40133089180700754,-0.07065013758105766,-0.0391879845935933,-0.026889373888642654,0.024725461108572093,0.63929621031568,-0.18473939779829884,-0.04099349209579628,-5.666925426289552e-05,-0.08005059331004998,0.11782390853457773,1.500292774376355,0.4374758558447496,-0.00303580546234328,0.0
CLI00739,0,0.064,0.36914143538883853,0.045488499964421635,0.08082896606984033,-0.04516481788530257,-0.05495488773018239,0.2644607231397366,-0.0216456738639026,-0.042910514136516226,-5.666925426289552e-05,-0.016814473731089782,-0.843634760310288,-0.2805074128373612,-0.15395496922167504,-0.0021973889897990333,0.0
CLI00740,0,0.117,0.2788716130047922,-0.14232453944555706,-0.008496822551552829,-0.07823400912989324,-0.033873217480110886,0.15774036216537152,-0.021177016556260992,-0.09264370255034708,-5.666925426289552e-05,0.2622166713273002,0.2531941776890827,-0.4485096098229323,-0.16496748845729342,-0.0018516259744637252,0.0
CLI00741,0,0.0805,0.2603228809808775,0.038084665378387235,-0.03758487455504534,-0.003007701591195599,0.02353610561099657,-0.2916867384608562,-0.058537746814418375,0.04044880848784371,-5.666925426289552e-05,-0.18329805495345786,-0.8285316257689866,0.2401044526844022,0.34950071446977965,-0.003835111083221858,0.0
CLI00742,0,0.0257,-0.6715368923311366,-0.0325472526007231,-0.02753153276091204,-0.08040804714409054,-0.15635387469017467,0.3064882753307373,0.13395633357175782,0.005276429182867007,-5.666925426289552e-05,0.03735662180970596,-1.7640338542117686,-0.18710718576397653,0.7865232159580071,-0.0038417328794752795,0.0
CLI00743,1,0.286,0.32074378236419365,0.4828951439121482,0.03201945920193034,-0.01764096978152081,0.09048336116270228,-0.09852493936429096,0.0108066458496771,-0.010171141823209499,-5.666925426289552e-05,0.29200125153634454,0.10958338700850731,-0.315949999083302,0.17506495670394884,-0.004895982873800122,0.0
CLI00744,1,0.5051,0.41492524695841126,0.1432966560697152,-0.033653171415923624,-0.056341425096200305,0.11908401691677736,0.4103357269057199,0.4349534304348905,-0.03922259017485979,-5.666925426289552e-05,0.1775600893784903,-0.20230877444556858,-0.18877784291889893,0.8244433638768418,-0.0026477407933265876,0.0
CLI00745,0,0.0471,-0.6906570509103085,-0.1735096447608354,-0.03697813769942319,-0.0188038498644995,0.08616259766574358,-0.19274780987313953,-0.03647286547742209,-0.01422416252329258,-5.666925426289552e-05,-0.1901243678279102,0.16739508263192932,-0.2275897848661754,0.33224109129794954,-0.031658222196859716,0.0
CLI00746,0,0.0669,0.28654972038163734,-0.1315070935537636,0.015200156461271501,-0.0836784911049049,-0.02874655450593554,-0.19320053301943801,0.0720810513283251,-0.05642245915431539,-5.666925426289552e-05,0.025613377927549193,-0.3840848694320075,-0.4193310682913357,0.24553339951395972,-0.0019635924356193706,0.0
CLI00747,0,0.0635,0.3973735702495977,-0.03798953164455436,-0.012633506661036211,-0.02679404393129164,-0.03916739335165822,-0.45690500201655054,-0.04210188182079809,0.0410381946920906,-2.5176245964135975e-05,0.04449642078062366,0.7103493036687598,-0.12534161671563368,-1.1605092060799134,-0.001884290714590837,0.0
CLI00748,1,0.7619,0.3425301718606069,0.01993525066041686,0.2623826623628055,0.0838045642902619,0.019244094736862227,0.36738169504512425,0.23222563661141007,0.21401829022211719,-5.666925426289552e-05,0.008302842824581533,0.40026780470787543,1.4429444926799253,-0.24985989424594832,0.001196270882006783,0.0
CLI00749,0,0.0273,0.3051032915722746,-0.17209595246141657,0.01869259072010295,-0.0621650504606593,-0.0345987851189104,0.1322636432741677,0.003051033164699121,-0.0473318345649052,-2.5911968853409744e-05,-0.009335488815007419,-0.3217818321163884,-0.24831710781569696,-1.153680661691757,-0.002207907897277572,0.0
CLI00750,0,0.086,0.4169562032447175,-0.0747117136236235,-0.07189662427094318,-0.027770038095339268,0.0004541812982416375,-0.767589242152688,-0.555342899644189,0.06827706586052386,-5.666925426289552e-05,-0.03893137025782741,-0.13861157189102202,0.5077081147886263,0.3015147383831797,-0.002368727228636353,0.0
CLI00751,0,0.0276,-0.6810324173274838,0.01047768380183253,0.1624173478267169,-0.00888317742350481,0.07562412803446894,-0.1535756595175124,0.13084068753053624,-0.00995161213140548,-1.6163270081987056e-05,0.001061252398095254,0.708636572173701,-0.3384314623210124,-1.4729629616049253,-0.005373898436684197,0.0
CLI00752,0,0.1216,0.26414663547268297,0.4754035070859712,-0.031590962675186324,-0.01578383833198354,0.03662582881682797,-0.30946206990993996,-0.04687193218822729,-0.01502213128183321,-5.666925426289552e-05,0.11710398597843032,0.11911813209149849,-0.39444636778415415,-0.2606002010258462,0.06528914926113329,0.0
CLI00753,0,0.0454,0.17172993045687257,-0.14130387074402218,0.027618683343592236,-0.008563855998862257,0.0022614896063049388,-0.29122946054994536,0.0202707873492289,-0.006910066902548223,-5.666925426289552e-05,-0.21362373493999517,-2.0605691099244217,1.1457755454179979,0.2941705387742372,-0.0029945088620827506,0.0
CLI00754,0,0.0927,0.2906099569390102,0.002239503674710118,-0.030387146484367127,-0.03045624280592369,-0.07658248729754924,-0.38115060632448144,0.14181200918859999,0.06270554394120856,-5.666925426289552e-05,0.023957352210976706,-0.2323309694871366,-0.31383761511230984,0.24548653999929565,-0.0022431391678478974,0.0
CLI00755,0,0.0504,-0.7108018464893667,-0.11097795764834308,-0.04531883570421789,-0.007351079126166726,-0.1276055463102804,-0.09141357604142857,-0.21444817985133025,-0.013694858277015125,-5.666925426289552e-05,0.03670899786192926,-0.02985582758996479,-0.44307195630396423,0.8059884583356265,-0.002873469934748923,0.0
CLI00756,0,0.2026,0.3299344694285161,0.05929908044442778,0.009310603110060042,-0.004780559729994483,0.009578843751238826,-0.21265561075714284,0.04651922856269074,-0.008493453489645905,-5.666925426289552e-05,-0.19623955007302896,0.12359386444458159,-0.41096277368961526,0.8709479337167587,-0.004884671737675218,0.0
CLI00757,0,0.106,0.3674079009438328,-0.09517233999910221,-0.030552470156585725,-0.04081641926251252,-0.019097212733994257,-0.20432942175632876,-0.15532017982335458,-0.030912956916605856,-5.666925426289552e-05,-0.03719605311812849,-0.321004470126326,-0.08053956067165004,0.4985027891822082,-0.0023058395552798083,0.0
CLI00758,0,0.0385,-0.5201763031718228,-0.029808857054327748,0.01503604535950611,-0.02102086454990518,0.09139681000284045,-0.16042442107517751,0.02913276057381904,-0.053998198713823164,-5.666925426289552e-05,0.01124956737885726,-0.17729010608861756,-0.26809096171029184,-0.14625702940278298,-0.006156487093944412,0.0
CLI00759,0,0.0607,-0.6729869708522229,-0.06157177617502332,-0.09625633047044241,0.0002617744456804245,-0.0748925934869759,0.08593333777890892,0.002572796089452448,-0.05267982160577401,-2.5176245964135975e-05,0.007603791131455601,0.8254695278345479,-0.31929573333187194,-0.3988905247752809,-0.0029217927875646284,0.0
CLI00760,1,0.9558,0.30946263860666356,0.15344690120925372,0.27604486454221694,-0.021286259620793023,0.03159796801598682,0.6547253137636998,0.5706419345493856,-0.014370981116230471,-2.5176245964135975e-05,0.1591966286627655,2.2891958614288392,-0.35288985558462815,1.0015785263039774,-0.0026794823825103922,0.0
CLI00761,0,0.0428,0.2663884113099148,-0.0957565742733942,0.14498191927002363,-0.06313651433934664,0.01194916684474444,0.1494135651925265,0.059775523840149745,-0.05364925411141201,-2.5911968853409744e-05,0.007951896721366373,0.020711313490579118,-0.14086780642914362,-1.4308379509941573,-0.002664489849125212,0.0
CLI00762,0,0.0427,0.28692208796430835,-0.20823143364498248,-0.03246545022933809,-0.021926854732711318,-0.08081048523605076,-0.1400215982937075,0.05826904817281704,-0.03440488152907545,-5.666925426289552e-05,-0.19875842009028133,-0.25000329991720094,-0.28740847219385973,-0.21877090146754283,-0.0022105274074863106,0.0
CLI00763,0,0.0438,-0.5030639588487937,-0.09608222852190239,0.01425761496825644,-0.115595682998515,-0.11595632106779148,0.2744317007130773,0.15526590895084263,-0.08986907132621445,-5.666925426289552e-05,0.08721661001691161,-0.4788580656470577,-0.18934259439701345,-0.04222725563583349,-0.002703203120594285,0.0
CLI00764,1,0.9538,0.39455490499383766,-0.011661915365976504,-0.049266897276041194,-0.05212506325736816,0.018721197436090728,0.21741056611582052,0.21135617492173786,-0.02972850258841311,-5.666925426289552e-05,0.4638460933565731,0.11122608778373386,3.3530090522113576,0.3924618492181212,-0.010992886688647258,0.0
CLI00765,0,0.3651,0.4372399884709021,-0.10739325639737417,-0.050401668459893606,-0.002202537354875033,0.0008831163639318866,0.2946741016212081,0.183196578482963,-0.04711578768362598,-5.666925426289552e-05,-0.01785306767721052,0.8732993917765319,-0.3816828233966098,0.24787693084089507,-0.002343705827441656,0.0
CLI00766,0,0.0482,-0.3539966121388422,-0.040420715903875165,-0.041681577772202265,-0.016680503420007917,0.049979050102116666,-0.15598225838549815,0.009592790889680694,-0.021248565812649653,-5.666925426289552e-05,0.3016473236579137,-0.15593072079804488,-0.33355826689348966,-0.23715849963365118,-0.0056197283695758144,0.0
CLI00767,0,0.0238,-0.46055862821215593,-0.02832803034617536,0.13742151620517545,-0.01767985930361761,0.10956815563823227,-0.22317731085198467,0.21082128879340445,-0.016120455643342982,0.02308756424838809,0.14421883477554312,0.1071135950051396,-0.4437817479688275,-1.2633291940682663,-0.013464312737385383,0.0
CLI00768,0,0.1021,0.3683974003592851,0.5479886565490402,0.004169341319593352,-0.019598892476324042,0.014238289267624165,-0.08164498359926556,-0.030774072365277273,-0.016693909993788558,-5.666925426289552e-05,0.21486619217408148,0.11812821337307347,-0.265758722876921,-1.0946147616947917,0.0480748461407306,0.0
CLI00769,0,0.0153,-0.640204480067934,0.36992568344918075,-0.05503625939337982,-0.0404685648007954,-0.16875764587954606,-0.1789005318769052,-0.1889667499149069,-0.03694278514667772,-2.5911968853409744e-05,-0.1452594727381081,0.32632357050101773,-0.25949298838414514,-1.2166564492949223,0.05359558960352682,0.0
CLI00770,1,0.1494,0.2899642492928734,-0.06468890390463607,-0.03450837941812898,0.07975136387623628,0.010855771802351113,-0.17205769767699827,-0.05302212267351387,0.10818991696609098,-5.666925426289552e-05,0.06119518481074796,0.03833177840245794,-0.08504114861911806,0.06647623036953547,-0.003702939722529732,0.0
CLI00771,0,0.0207,-0.3321057997455949,-0.00920391211741015,-0.02676740634678628,-0.06026389437122663,0.08565796976983732,0.1441960272750603,0.018367594253389356,-0.05102159620347599,-2.5911968853409744e-05,-0.0017661593147789887,-0.07886990390411304,-0.28569091484984127,-1.2700504787432172,-0.00662139756461331,0.0
CLI00772,0,0.053,-0.02259904987913411,-0.1609491907448571,-0.05170784797485712,-0.06812791699272185,-0.035480073917131406,0.20112289370983533,-0.034931988955662414,-0.060568264949423946,-5.666925426289552e-05,-0.20910597942713946,0.1419173765646268,-0.30728758806845424,-0.291320749474685,-0.002173197132080935,0.0
CLI00773,0,0.1249,0.2344647324566642,-0.03253373911251966,0.018765150425601604,0.02590007126125036,-0.012424942467774853,-0.2640162736817615,-0.02770364551996049,0.06732311848972657,-5.666925426289552e-05,0.00521692825539016,-0.1715622718168345,-0.09631835902351575,0.28933112021938456,-0.0018222423283640859,0.0
CLI00774,0,0.0277,-0.42653599034521866,-0.0015176221185868469,0.13636522366116152,-0.00989328420662651,0.0648734371302252,-0.5101163042397515,0.14789545816239527,0.053383427241032455,-2.5911968853409744e-05,0.03203393020688623,0.5253775673052008,-0.35058052027459763,-1.233010416934833,-0.005463796377193693,0.0
CLI00775,0,0.1689,0.3424360580753031,0.46890203603359343,-0.03500405771342369,-0.043290837991573176,0.0328702090246037,0.2765611893228331,-0.19254390071610716,-0.028538173674473852,-5.666925426289552e-05,-0.17905072970108926,0.04493855909283573,-0.2801133127763475,-0.07582462683168528,0.056345961221005075,0.0
CLI00776,0,0.0225,0.23176280567072716,-0.20204512583586653,-0.03036279535040378,0.032431149516184615,0.0063033467344041395,0.08690004412172841,0.15757002285126243,0.0005389201691140646,-5.666925426289552e-05,0.03742902115320076,-1.6721399871596287,-0.2821012072760506,-0.15497801623659277,-0.002083288705379761,0.0
CLI00777,0,0.018,-0.7754624096897533,-0.24248054118253315,-0.07304216331652938,-0.04665091423333017,-0.10391686474351892,-0.2109179664136143,-0.1592008794554217,-0.05805324079527475,-2.517624596413597e-05,0.07225559567324732,-0.1738400679739582,-0.37498783905275423,0.12856292789007445,-0.0027231504705763,0.0
CLI00778,0,0.1123,-0.3243463019664026,0.009665667700953354,-0.010313634758382024,-0.036466050818351435,0.056519737703165,-0.1644637554090304,0.020296849858229188,-0.027168030269945895,-5.666925426289552e-05,0.11004894492402369,-0.05820917104110984,0.046868858827948126,0.2968415163325301,-0.005101454247341723,0.0
CLI00779,0,0.0453,0.2005451691059711,-0.10816312649007419,0.02116836992842292,-0.031175716554773057,-0.026326479112128886,-0.004698359025850587,-0.00977515001707978,-0.03099616191988781,-5.666925426289552e-05,-0.010562220692071161,-0.6148117340317286,-0.3896605095003097,-0.060756769305041244,-0.001832106806734615,0.0
CLI00780,0,0.0553,-0.8185587653728901,-0.08554152339487053,0.024742233240543806,-0.05268977806263064,0.08958604600507679,-0.09994606178505153,-0.056090513161419456,-0.027909570166529715,-5.666925426289552e-05,-0.1866793301143115,0.6916859385600572,-0.34715672383408075,0.018746078599204644,-0.007432333906004938,0.0
CLI00781,0,0.0894,0.2468944284268698,-0.12210486744542488,0.0031513225677198857,-0.035224047574291435,0.022311541626967395,-0.08798670574501387,-0.020965685155769777,-0.038786360627448675,-5.666925426289552e-05,0.04173173362580327,0.21592035717886293,-0.3769906874830231,-0.18563528815875885,-0.0025096882014805457,0.0
CLI00782,0,0.181,0.3382427759680863,-0.10672214222201067,-0.07893834003212805,0.008303991388564238,0.016048039913765164,-0.18628032453492743,0.2897965198599045,0.0603701350241687,-2.5176245964135975e-05,0.04611582534758456,0.8830298245596057,-0.5133290174592684,-0.2712378527145176,-0.013638282639738082,0.0
CLI00783,0,0.1208,0.32079085792593565,-0.07981448033254453,0.005290545280894063,0.001777262553002709,-0.026639362484942787,0.2613060210287224,-0.02819425112275235,-0.036338940307570886,-5.666925426289552e-05,-0.008602434763553083,0.06417216841795353,-0.1501422956428432,-0.3254258831559358,-0.0021199761661032093,0.0
CLI00784,1,0.3096,0.1619085716094671,0.08607495343414719,0.01695029217529944,0.024208244411156297,0.026540396090289797,0.3886075017986891,-0.024702177694305442,0.07300720556597812,-5.666925426289552e-05,0.04066260973884231,-0.22027073451890133,-0.1069322678682467,0.7161458141501971,-0.002912959450675915,0.0
CLI00785,0,0.0803,-0.5899800769144997,0.52131888350411,-0.02839735169769706,-0.004528416560946227,-0.11722041561939153,-0.14560814948161924,-0.14216117071107162,0.0032807458907889307,-5.666925426289552e-05,0.044001385159157885,-0.05865744706913781,-0.11373793074787177,0.18374506707996643,-0.008797048718326227,0.0
CLI00786,0,0.0616,0.2910400848565078,0.12450253827106988,0.02137934010985621,-0.059127994998662656,0.02550944886682795,-0.31205053701919666,-0.06884288779386742,-0.032021086877899736,-5.666925426289552e-05,-0.23234021719976872,-0.6218639861028786,-0.25343709238480583,0.3816244297228915,-0.0059433032059575735,0.0
CLI00787,1,0.2893,0.4181367424977149,0.28619948791507066,-0.030028391876437643,-0.04629439936662257,0.10709150080177966,0.2737371855592324,0.46960727794153284,-0.04282667645195445,-5.666925426289552e-05,0.18076815065059426,-0.5494784790360032,-0.2829684724494791,0.30066434181098434,-0.002266546194432668,0.0
CLI00788,0,0.0718,0.21256092625370324,-0.12542581454562837,-0.030247210223513746,-0.02677490214301475,0.01951488252595071,-0.15492222810171147,0.017062820199261496,-0.02305421659815371,-5.666925426289552e-05,0.03537195443297639,-0.6944202813504416,-0.24164340624699032,0.43907159571798743,-0.0049097517287391675,0.0
CLI00789,0,0.0183,-1.08054971569466,-0.03888762702686531,-0.11080390271492621,-0.06407992583402113,-0.13434082524549953,-0.877089416393581,-0.048272232498106166,-0.13167821843232236,-2.5176245964135975e-05,0.022601202877253514,0.6597181628445498,0.12931583563686347,-0.3177754870729253,-0.010394779225380048,0.0
CLI00790,1,0.74,0.3708695062234468,0.06779809732201425,0.26296367190181313,-0.020733286515806262,0.06497959271038266,0.023637889551862253,0.08513037333208591,-0.013077160282538422,-5.666925426289552e-05,-0.20973363400642728,-0.11924893716007544,2.167372837580478,0.3500855280435083,-0.0030402886294963113,0.0
CLI00791,0,0.0615,0.23198841891019975,-0.09435452719574816,0.013121979552684158,0.06698028076613512,-0.04138702954722391,0.38690450386588854,-0.0584613170807988,0.08511202569015298,-5.666925426289552e-05,-0.06601144034325186,-1.9701854025967058,0.4380657232826061,0.2670690629163842,-0.0024131359709530192,0.0
CLI00792,0,0.0543,0.29907235655748654,-0.08129228568860865,-0.03221701961686055,0.011941241804283999,-0.029088551575454202,0.34528575623203955,-0.0582638350806613,0.061711488748134036,-2.5911968853409744e-05,-0.004867841941342472,-0.15315578026741214,-0.10061367223882489,-1.130997408411338,-0.003027028675905599,0.0
CLI00793,1,0.3773,0.25546817346681655,0.32101975939909616,-0.016666347724166638,0.07037034401361918,-0.022571328490193474,-0.24998066485481388,-0.003233674403330955,0.08010152755147891,-5.666925426289552e-05,-0.03626449958374054,-0.28382425578034587,1.27744316531925,0.08995907209194541,-0.0017013066819909445,0.0
CLI00794,0,0.0795,0.30114228465206866,-0.053585435162877185,-0.005112572666187725,-0.11366708560351968,0.024889544245655145,-0.15223877635099653,-0.04515549584135106,-0.1470860114426889,-2.517624596413597e-05,0.008716669067483897,0.12433724302944463,-0.43875199976504875,0.030766485436619837,-0.0026653132897146515,0.0
CLI00795,0,0.0239,-0.5013346042833857,-0.04337728278495573,0.023016976208493283,0.07497283905793378,-0.04024701746055586,-0.32905968727579604,-0.04419004325586028,0.10081014034441073,-1.6163270081987056e-05,0.08625976732812088,0.48126577732467524,-0.19760561651900552,-1.3371635888485052,-0.00243370881853527,0.0
CLI00796,0,0.0637,-0.7183220395359259,-0.06678145251892596,-0.03189292835749391,-0.024047083924720082,-0.126878266744631,-0.23683731789945703,0.07944244573509868,-0.044022738741750694,-5.666925426289552e-05,-0.253457363579664,-0.16612313424519937,-0.14731178372583156,1.0384482599067693,-0.008163667343003469,0.0
CLI00797,1,0.7299,0.371903624371376,0.125139449886069,0.26409144671166124,0.06289292771594028,-0.00466401838794296,-0.30270873424135025,0.5668987974917035,0.4563719046704694,-2.5176245964135975e-05,0.3969236446247942,1.3687536253263162,-0.15501986653119595,-0.16539967457728663,-0.010053256536935938,0.0
CLI00798,0,0.0951,-0.41990870141078074,-0.009946553698369791,0.16524581621997775,-0.018061998239835418,0.09564297142637292,-0.17664055329226921,0.12627168730434907,0.005238501249752058,-5.666925426289552e-05,0.11096258471985967,0.10277770056794451,-0.47939923274504787,0.23087415515463186,-0.005119034090880734,0.0
CLI00799,0,0.0059,-0.4520653445940208,-0.1370524236729999,-0.1887130533731332,0.0034399891807020975,0.011538768717704017,-0.6281117407340813,-0.2436145881268588,-0.001155811032910454,-2.5911968853409744e-05,-0.2239798976369106,-0.5222615315284107,0.2636199813415233,-0.9957212711850855,-0.031223347058948973,0.0
CLI00800,0,0.0407,-0.5475046082372574,-0.04725658281150185,-0.038292707053454014,-0.00921122477597694,-0.10854707836795098,-0.09837383520793756,-0.19631800790812445,0.02815897765486649,-5.666925426289552e-05,0.2321307615832536,-0.1354426644968091,-0.5325883169548153,0.27749502879968413,-0.002563360505661721,0.0
CLI00801,0,0.0888,0.36791187695890093,0.00522801199304258,0.028741501372574817,0.02025160922608818,-0.0160735613411864,-0.1845785454364589,-0.07129142213112499,0.024204144432204373,-5.666925426289552e-05,0.022224026414322858,-0.7061427493434115,-0.2509080603531471,0.4163569317390096,-0.0031936704045297604,0.0
CLI00802,0,0.031,0.2931103063517724,0.10192372945169152,-0.025637297782361845,0.09257665034029362,-0.042675476575883775,-0.2241050713796957,-0.10243025760326331,0.1926018460822174,-5.666925426289552e-05,0.0069550255201796295,-1.7252420757401945,-0.23780210812436847,0.21315189228537354,-0.0022130724737740347,0.0
CLI00803,0,0.0498,0.05000403847810194,0.03993715206394563,0.023971562728885572,-0.00691902251916321,-0.0008058507269594564,-0.2522147801715073,0.02759176668463927,-0.0030787824852870458,-5.666925426289552e-05,-0.21803211108011403,-0.7444782242641473,-0.3801260734845005,0.5016791539258065,-0.005885891209954079,0.0
CLI00804,0,0.279,0.33121015460450987,-0.08041583022699907,-0.07349673821272931,-0.06820405908605429,0.023805157907255462,0.3051124762750928,-0.1864308506183706,-0.06310072250147665,-5.666925426289552e-05,-0.11509603493141818,-0.2585679642820578,1.3055930532980324,-0.08546340925280368,-0.0030443906054369984,0.0
CLI00805,0,0.0095,-0.45515220389570765,-0.09152961863717646,-0.022599121898149256,-0.04003262178925959,0.012585999321229089,-0.30241259560051875,0.01318715722350722,0.009432432990495182,-5.666925426289552e-05,0.021163592072164353,-1.555924581940474,-0.2919833057326981,0.04597578709437681,-0.007485999296442685,0.0
CLI00806,0,0.1227,-0.9186339462626018,0.16417284912262683,0.028384074019277866,0.0052595877218035185,-0.08398621127879288,0.44483801210999174,-0.023070257828637704,-0.025382157293360616,-5.666925426289552e-05,-0.1593465874697216,-0.053594050302586294,-0.1737727639220727,0.8209818825556034,-0.011265717568562681,0.0
CLI00807,1,0.5277,-0.11154717866707868,0.6041323822262601,-0.03450712699023315,0.11590845116713393,0.08527384907767482,0.634812971653531,0.023448362812675264,0.012571010181290162,-5.666925426289552e-05,0.08252130215674154,0.1757397452249676,-0.18116638498970275,0.7024058326658896,-0.017405580323626952,0.0
CLI00808,0,0.0808,0.32529852771667556,0.0515858306116447,-0.031286319282330076,-0.037880347495496486,-0.010133711297402186,-0.04678054400905644,-0.007529471745736418,0.02410110780909544,-5.666925426289552e-05,-0.03289121897473986,-0.26193680885433296,-0.24171735314203235,-0.17684782577706393,-0.0036601170749528547,0.0
CLI00809,0,0.0637,0.34900518976254863,-0.0315985640178336,-0.03852028018465771,-0.02603292118810733,-0.015246361648839366,-0.2680514345274289,-0.07677686947877602,-0.020638851483185866,-5.666925426289552e-05,0.01958360114333371,-0.19386072694296544,-0.19320624887793475,-0.20857006581412504,-0.0028456990982743315,0.0
CLI00810,0,0.0096,-0.6557812213777445,-0.04540944168564823,-0.022474961261908594,-0.04077996345517399,-0.1106440629342842,-0.166859630415015,-0.11743722351776902,-0.043060761299238526,-5.666925426289552e-05,0.06102196625371163,-1.47549301515969,-0.18167365625968857,0.15473172550466704,-0.006135571161999865,0.0
CLI00811,0,0.0524,-0.7611251936952759,-0.03862321534540771,-0.08647408780210547,-0.03984537612913183,-0.12139318693397635,-0.19300781123892152,-0.7100795175841438,-0.04866773931473737,-5.666925426289552e-05,0.23990219033480198,0.564226547984488,-0.2843615852998497,0.5683487994846591,-0.0028936909465532164,0.0
CLI00812,1,0.8607,0.4415042858649986,0.7812139395095059,0.13041709992006084,-0.01993200934221747,0.0737214766479668,0.35417137943584753,1.1732710470447045,-0.021342639910316236,-5.666925426289552e-05,0.25268829487341543,0.9218991777520024,-0.4064835874371016,-0.048278596001041,0.1691941157996058,0.0
CLI00813,0,0.0096,-1.2801542689047753,-0.056233111611564954,-0.031116982136931554,-0.012358777529765514,0.3972680846143791,-0.14617450333778287,-0.8238814863245264,-0.02264311725570221,-5.666925426289552e-05,-0.03185222429382631,-0.6037755438135184,-0.4851345105653416,0.4532114496790165,-0.00852231272576406,0.0
CLI00814,0,0.0381,-0.5728565792780271,0.2868118805377872,0.02850394837288349,-0.05847716514315658,-0.14835909863904742,0.18223225506074736,-0.05209389825610265,-0.047233101406372914,-5.666925426289552e-05,-0.16196949028939495,-0.6056276405950063,-0.3276923594272886,0.17904196010886556,0.05151125844117031,0.0
CLI00815,0,0.0391,0.20549762924155504,-0.09218352841381727,0.021465480877891404,-0.018980889989001753,-0.0012943555552323064,-0.1508699818211934,-0.03080169050932171,-0.013331258749096155,-5.666925426289552e-05,-0.2222409086903413,-0.6336778843978917,-0.30008140079944073,0.0206644555569635,-0.004804495619530273,0.0
CLI00816,0,0.0481,0.17777153176258909,-0.07257710136367358,-0.038350509100794586,-0.03324423816196811,-0.026940140237510624,-0.37429928691756575,-0.7127723809741999,0.07716297205683238,-5.666925426289552e-05,-0.1260968851419335,0.23668627240933066,-0.3633864769258902,0.2547068174755976,-0.002151108929373576,0.0
CLI00817,0,0.1134,0.3217035390665739,-0.22035622005421124,0.012966790516078429,0.08980294572764867,0.020099016630930604,0.15503060429240273,0.27678865311921946,0.11534036216196637,-5.666925426289552e-05,0.1394670909346743,-0.06975863107753796,-0.17048543217847004,-0.7344770111283505,-0.0114410615089628,0.0
CLI00818,0,0.132,0.39994145315660007,-0.15996935896494288,0.017479690265267668,-0.0408308072746434,0.0548489342442068,-0.2502047996153349,-0.1879647536818347,-0.04877691910742839,-5.666925426289552e-05,-0.4758720904706099,0.6895149129629148,-0.1109997028722172,0.21294031306272157,-0.0018407616589100255,0.0
CLI00819,1,0.5583,0.46470548496369923,-0.030965625843881007,0.26240250481536437,-0.011157383683521914,0.0204377755918916,-0.19829327707682465,0.6180300882327303,-0.009238844856779685,-2.5176245964135975e-05,-0.14480279756447356,1.456262697763747,-0.16388173664864464,-0.03603938515506797,-0.011746631399774492,0.0
CLI00820,1,0.253,0.23797869006307376,0.0186826553423759,0.025759128109848956,-0.030179258316577563,-0.0693494210333073,-0.14793842485141553,0.09478662153231239,-0.025976593233632262,-5.666925426289552e-05,-0.010407080528272201,-0.5288126350857921,0.9239973405124484,0.4137177310791021,-0.003513922533942887,0.0
CLI00821,0,0.0661,0.24257139467253847,-0.07027083277076118,-0.04519517895195411,-0.023662870804859286,0.002433414400881268,-0.0789917713461006,-0.03544213949545695,-0.02568643708785267,-5.666925426289552e-05,-0.20440524643712144,0.08262972554471623,-0.35318323249557015,-0.15151890001987836,-0.005927569988880898,0.0
CLI00822,0,0.1787,0.3661700151888675,-0.13035152799760225,-0.11143144048962324,-0.022994604542293275,0.017132188932314597,-0.3004158902302734,-0.06283065128183918,-0.022146130674505958,-2.517624596413597e-05,-0.1557772538832123,0.22528454134986592,-0.301497853303098,0.9609670996324892,-0.006147987526520426,0.0
CLI00823,0,0.0682,0.23206292170110282,-0.06086074752669564,0.08295025512291974,0.0013606228436342824,0.005231447951834513,-0.22837671282152355,0.19277010510298842,-0.004539920822203635,-5.666925426289552e-05,-0.23140925752334449,-0.3358499173840761,-0.5467496599447678,0.2721072410845999,-0.012795123140025245,0.0
CLI00824,1,0.7881,0.8486464633214179,-0.15431157055918804,0.015834252938122118,-0.003198760998474225,1.1568439255674219,0.24635286587644029,0.20168923912525857,0.05999178556910672,-5.666925426289552e-05,0.6728700949764496,0.18836369560346142,0.12371295645351889,-0.05996505607472986,-0.0018542886503766108,0.0
CLI00825,0,0.0568,-0.6354248799839239,-0.04999827168391782,-0.026285391987689265,-0.05578398520867723,0.07832929287255877,0.2437683840095113,-0.04492167416535886,-0.023165822512272904,-5.666925426289552e-05,-0.239997912000845,-0.08864979097853555,-0.16839092547346324,0.21921962718618054,-0.037911513058206205,0.0
CLI00826,0,0.0829,0.251452848174105,-0.0583825629761265,0.01843410039469257,-0.032174571310996276,-0.024575101137356205,-0.21662231396974824,-0.011270723269447573,-0.03501612836370342,-5.666925426289552e-05,-0.008860757244431151,-0.21833888644524949,-0.3279182740859877,0.24328063969428618,-0.0020256855419013555,0.0
CLI00827,1,0.8814,0.5162732691881249,0.09045744209074569,-0.1209195724137794,-0.002699900263081542,0.1617137456585737,-0.11666993139726456,0.20021999575318478,-0.03425338068198613,-5.666925426289552e-05,-0.07419554499311444,1.3008719482081943,1.4555613582112745,0.6134146355382765,-0.0023790443964103293,0.0
CLI00828,0,0.208,-0.7356475236999395,0.4497701394118411,-0.11439945614288985,-0.07694850038939194,-0.002314065782781476,-0.3524460924072558,-0.18489955984140466,0.1191215422894605,-2.5176245964135975e-05,0.040300398665262784,0.9764077334833452,0.6660098201451834,-0.13429543445628742,-0.006161442878924708,0.0
CLI00829,0,0.1415,0.37042689758676717,-0.09536993985824281,0.009849662785166472,-0.04715055815676736,-0.026045126240075933,-0.16594084589764524,-0.04577383066879053,-0.042844227881649294,-2.5176245964135975e-05,0.12955896460063146,0.831528231589895,-0.4040223644187473,-0.33387841277735514,-0.001954205809554029,0.0
CLI00830,0,0.0668,0.29834958722134525,-0.15147996522475773,0.054416011066141134,-0.049745736064733814,-0.02236362387818401,-0.7964489459544496,-0.008175495559147802,-0.037929567348927426,-5.666925426289552e-05,0.1785339112214174,-0.4883745829938924,-0.32425327931393694,0.694108621966597,-0.0023883049017961143,0.0
CLI00831,0,0.338,0.379778522770496,0.0859816383240987,0.004530120429421223,0.11341244528726843,0.009001210478939195,0.4698985040261252,-0.12966859783880108,0.16975850255432717,-5.666925426289552e-05,0.04510500337592422,0.15174028708490386,-0.29532432194531727,0.3069082584443684,-0.001936293770880282,0.0
CLI00832,0,0.0454,0.2129168541082797,-0.07073789635991823,0.019298704070227428,-0.0799555642078752,0.011995339767309645,-0.1354632037689932,-0.030953300526755288,-0.05769314641850246,-5.666925426289552e-05,0.00017263580900544204,-0.6177434937903992,-0.18345390847208876,-0.12950627924214853,-0.0025158073667960823,0.0
CLI00833,0,0.0376,0.20629623500693184,-0.15395599095128037,0.009207201283243037,-0.04923005521380571,0.01684534056495544,0.0754974842264097,0.007522625342483893,-0.04507754477464049,-5.666925426289552e-05,-0.03259214714667117,-0.6386170654932266,-0.46985237089070914,-0.1836005741104915,-0.002540504619648879,0.0
CLI00834,0,0.0713,0.25825950325233565,-0.08256219636672586,0.023106500544131322,-0.03328649805273616,0.020362861307975332,-0.09272571162752037,-0.009131177629482916,-0.02439759318508361,-5.666925426289552e-05,0.019099055743800542,-0.24826355710483738,-0.20713273135268284,-0.20572323266340473,-0.0024723792706948158,0.0
CLI00835,0,0.1016,0.2343846000431823,-0.12389063425209702,-0.030219533237293476,-0.05354022430835513,0.019871506328868953,0.2039978645296076,-0.0011810368351880562,-0.03539261751439472,-5.666925426289552e-05,-0.005798919569351203,-0.7708176465542318,-0.13701760926708614,0.5069613970856169,-0.005184308680440302,0.0
CLI00836,0,0.0419,-0.7235487269557432,-0.08678744008321139,0.0427147228081195,-0.032520197094109624,-0.1585175852922616,0.22984755436537416,0.006551714829747246,0.0013472319835333602,-5.666925426289552e-05,-0.26345345878378573,-0.08997366515789883,-0.2824075583543379,0.21421750629542496,-0.004728399592240088,0.0
CLI00837,0,0.1512,0.2909547097281963,-0.14931353656914342,-0.025226153195322662,-0.030157704297975162,0.024967714872009925,0.008037363795705504,-0.036692374922900034,-0.017324766139339105,-5.666925426289552e-05,-0.11201541862346899,-0.09599860963122982,0.5196475230438511,-0.11865376040342084,-0.0022120953859181367,0.0
CLI00838,0,0.4097,0.19907746977314691,0.130388552725644,-0.06474636677291688,0.04899814477257764,-0.03736428690140056,-0.0895060696505931,0.2573030094500515,0.08344637211811057,-5.666925426289552e-05,-0.11341328481059718,-0.11532857207639881,1.0020038432765612,0.3175699948259454,-0.0021627628547231438,0.0
CLI00839,0,0.0966,0.30285403433004526,-0.0952675069699846,0.0064041137318415,0.04325941028181497,-0.02647421553762227,-0.15726364501515888,-0.015110618717941,0.07063607640286819,-5.666925426289552e-05,0.08972971523369562,0.024489993036715778,-0.3242925274003185,-0.17142960040736455,-0.0018824329255361547,0.0
CLI00840,1,0.7472,0.5345036276738441,-0.17811208676605045,-0.1064643994190269,0.018642423130020232,0.005645688151612478,0.023243926193334975,-0.06910697979173244,0.03710066104035226,-2.5176245964135975e-05,-0.19910162050764776,1.220778740977669,1.5836076945590385,0.1984544208462408,-0.004099519698655279,0.0
CLI00841,0,0.0124,-0.6319122177874751,0.3485865976301498,-0.033701280563711716,-0.0012847820524445213,-0.09026933750899396,0.07344897598338927,-0.16602252434328874,-0.02570202827438844,-5.666925426289552e-05,-0.15744202927763756,-1.4158543516337052,-0.169647414700383,-0.11783996040073866,-0.005112854493028426,0.0
CLI00842,0,0.0548,0.31721739713977415,-0.17389855142249366,0.08056223657901378,-0.10272399519166636,-0.02536956738167097,0.2516770465872738,-0.022360728993522108,-0.07627449100209654,-5.666925426289552e-05,0.01490483311758937,-0.6020706264843739,-0.3455565570317031,-0.18091820334405778,-0.0019936216139123638,0.0
CLI00843,0,0.0927,-0.7866316917695929,0.3190923423563734,-0.05515533810590139,-0.00956241089648221,0.09598283490157114,-0.24711148209428677,-0.047873705147186654,-0.022889818603309138,-5.666925426289552e-05,0.03369970184448844,-0.07294551190409351,-0.15212426377812382,0.679912344691547,-0.033965336887344925,0.0
CLI00844,1,0.8619,0.4574092048710162,0.12356737905397785,-0.05210823708660726,-0.04815352807463207,0.002626971698531058,0.035902467563881844,-0.10665916755325477,-0.05052672126196892,-2.517624596413597e-05,-0.05154274169478434,0.4209168578998734,2.575167082162904,0.5079937011257684,-0.0018507121054759015,0.0
CLI00845,0,0.0731,0.34057221372696944,-0.16063994814418106,0.06813740677657648,0.015367440132887333,-0.020984462971666753,0.05115976084093833,-0.05950149663461188,0.09832487192149515,-1.6163270081987056e-05,0.14941824218735247,0.8230262536178284,-0.10285776542670405,-1.7587054093023409,-0.002112151838753649,0.0
CLI00846,0,0.0844,0.30851015122728515,-0.18819896845417633,0.006635042153175309,-0.033883555751899296,-0.03459773660266437,-0.09725438698501909,-0.03167124158882608,-0.04524982446641193,-5.666925426289552e-05,0.3568536637871292,0.00912365408906679,-0.337498836412537,-0.31317579360353137,-0.0018966012833382627,0.0
CLI00847,1,0.1699,-0.7070318117860546,0.0025510401386305086,0.020367715855978727,0.1744927743651512,-0.03448627963033929,-0.19220073260802437,-0.0470481972544703,0.40341739946069405,-2.5176245964135975e-05,0.24062925851376074,0.8641485474590992,-0.251980918773695,-0.0764702495648141,-0.0017691393426355765,0.0
CLI00848,0,0.1228,0.2993762658328912,-0.10488624042740631,-0.03978070547289308,-0.01886403887849443,0.019407751376492383,-0.07120345652028609,0.1512955393940322,-0.0501550175292711,-5.666925426289552e-05,-0.07199654002976301,-1.7803906268845116,1.6134384269776785,0.07233840118569326,-0.0033474928181457114,0.0
CLI00849,1,0.6633,0.45262693425282924,0.005661343725523236,-0.08075285988462937,0.08768454089148509,0.02407708286807182,0.1814560735484133,-0.06112099707586933,0.21550206760755874,-5.666925426289552e-05,0.07718933271437092,1.0665336135804755,0.8613663663472142,-0.1673635917791424,-0.0036724054654789957,0.0
CLI00850,1,0.8638,0.4171165565935877,-0.14122822219465586,0.19140562826818952,-0.04895129193764051,0.7088784686372521,0.22106793677738557,-0.17013740465350805,-0.04868288127242469,-2.5176245964135975e-05,-0.41543047887654544,1.5851916370272268,0.10395224251831817,1.4269285985087412,-0.002035631976384826,0.0
CLI00851,0,0.0802,-0.3811928690917731,-0.0217062528791095,0.010804004336164534,0.15714484211007432,-0.03516709442739706,0.3052903448582872,0.025911395711565605,0.136980853220354,-5.666925426289552e-05,0.215022296299798,-0.5126308804900399,-0.23649408552142612,-0.11953119479763297,-0.002700515941798167,0.0
CLI00852,0,0.0735,0.1537187850926678,-0.05833140485063681,-0.03410955888464038,-0.06774719147775196,0.04014613883444749,-0.3341754843706592,-0.06631870426693783,0.09376239911030566,-5.666925426289552e-05,-0.31491494546988086,-0.435589886830086,-0.11669718039527306,0.5913856417317881,-0.004210244538038281,0.0
CLI00853,0,0.0282,-0.8499048774353071,-0.0937019064457625,-0.07185457734579831,-0.03802252415389285,-0.12718362869888794,-0.24102391439871937,0.05442362974744593,-0.05801172040011691,-5.666925426289552e-05,-0.18264641433358333,0.43785613676030544,-0.2925943803750941,-0.09030090134328043,-0.005164259835734076,0.0
CLI00854,0,0.1106,0.32166740195590904,-0.18084149074016237,0.07771654495673982,-0.022102978343820016,-0.033873418597281414,-0.15226879660399928,0.07667435827744709,-0.02003776226951281,-5.666925426289552e-05,-0.0781066390586778,-0.40833911033826026,-0.48085435800205,0.7988650625616619,-0.002089507438292667,0.0
CLI00855,0,0.0654,0.343814469808897,0.6597673641128611,0.03367767438641257,-0.035472814960792,0.012776384791234193,0.008000840118606658,0.05600109254546935,-0.007390969812174708,-5.666925426289552e-05,0.32596201432662164,-1.5331447763033859,-0.46176154507902045,-0.07527673585320262,-0.004701712489638372,0.0
CLI00856,0,0.0805,0.22809313766410141,-0.11592029201254696,-0.03236750634179605,-0.005472088028076662,-0.015088972401682884,0.23181378231211705,-0.01992075140063092,0.030991314237146714,-5.666925426289552e-05,0.01423748386634368,-0.16714420191518223,-0.34800640420065343,-0.2518590031398746,-0.003712589140937419,0.0
CLI00857,0,0.1781,0.41671861794621845,-0.17053058068472535,-0.06356057456082098,-0.0515072396134555,-0.038438715617833796,-0.11577534153803123,-0.00686184452467704,-0.041891052206539166,-2.5176245964135975e-05,-0.486829532893806,0.6742603041679757,-0.34654634834368014,0.6856472691382821,-0.002471408021734264,0.0
CLI00858,0,0.138,0.29972857053653773,-0.12793965556529208,-0.03588927781546016,-0.027238187651212713,-0.04562447225100467,-0.2879432987423403,0.20557819533201901,-0.03754179003698095,-5.666925426289552e-05,0.2646695592067612,-0.21127725108341316,-0.09097048634540485,0.24568986281726063,-0.0023588150651762995,0.0
CLI00859,0,0.0169,0.2019321559436486,-0.09057262812963127,-0.037174392805681744,-0.03631094647130454,0.005447464096306761,-0.20580096339511186,-0.1076957150802014,-0.03441050322346896,-2.5911968853409744e-05,0.02360061512320311,-0.12977263619799875,-0.49704965470293094,-1.1679940470547154,-0.0036590537526900993,0.0
CLI00860,0,0.1034,-0.6761958027133768,0.0036428455170653363,-0.086165871990409,0.03415560275920724,-0.03743649505388115,0.33708809935734235,-0.1215922386501101,0.12451000660189256,-5.666925426289552e-05,0.04716295221640255,0.6505518270863389,-0.48380620095319987,0.035198444851259086,-0.006316358570162515,0.0
CLI00861,1,0.582,0.40696890759843457,-0.019687051272074114,-0.05742949075679484,0.15232736848333187,0.023665179719103317,0.5418823915281149,-0.012317001670718655,0.18718283219672222,-2.5176245964135975e-05,0.1754259182892035,1.1807341376416958,-0.0706005704948664,-0.19238555067602106,-0.003659869891063769,0.0
CLI00862,0,0.0655,0.3368285298525586,-0.24894681214065004,0.10359672299586477,-0.04196744092352384,-0.03614472127407167,-0.10853839114747414,0.030049550932990884,-0.041249738911025145,-5.666925426289552e-05,0.32309300684307135,-0.2509240227463714,-0.43139780248707654,-0.30994665491633466,-0.0018852954609039428,0.0
CLI00863,1,0.4586,0.42492554576677743,0.12668674982784833,0.34260553281255574,-0.015451927645826933,-0.030442889791179303,0.28933848771929854,0.03263658228039399,0.03519684095900776,-5.666925426289552e-05,0.09619390298765011,-0.21463937878730116,0.5177671152420392,0.2123434335280007,-0.0018962797957891295,0.0
CLI00864,0,0.121,0.17736076756516633,-0.10760841205843007,-0.0928653556749388,-0.05566470253314079,-0.0152691171844283,-0.1889958962193608,-0.32538093625040104,0.09253867518707509,-2.5176245964135975e-05,0.07192840345011474,1.2583333079870136,-0.5260331938008527,-0.2882486177984638,-0.002138263843127692,0.0
CLI00865,1,0.8624,0.512305033811107,-0.10856720037960678,0.08250511448116461,0.0680988569728534,0.16184520214593073,-0.12204030243590783,-0.036285741825181704,0.09466242889855733,-2.5176245964135975e-05,0.2066159443410273,1.544649234653231,1.1415111281165216,0.2731373692401449,-0.001963507918368823,0.0
CLI00866,0,0.029,0.25613510509037574,-0.05811423797528652,-0.04225644185896034,-0.03638240278960044,0.0037167000344932536,-0.21290706707176008,-0.15283309618835766,-0.03977304483035738,-5.666925426289552e-05,-0.007412825306556201,0.020183198289368754,-0.15273113611548939,-1.104579124022486,-0.003089697097723937,0.0
CLI00867,1,0.6314,0.38408585361525455,-0.05962378072892724,-0.042393755241395555,0.11707736704634575,0.0028876992534138542,-0.03674868042511648,-0.033149671845296755,0.2656010231514199,-5.666925426289552e-05,0.03404302491887412,0.8162856813374438,1.4630718839354389,-0.3890335469876607,-0.002440629519759896,0.0
CLI00868,0,0.0817,-0.683525001810118,-0.27040563556335623,0.18430650393667336,-0.04864245260508446,-0.1419336015143683,-0.14706251731679276,0.03837804960851346,-0.06718777590611705,-5.666925426289552e-05,-0.11256558176013177,-0.13563552374058951,0.7444418138009593,0.20366757505145877,-0.002642675872210728,0.0
CLI00869,0,0.049,-0.7573096675334698,0.014508989516217822,-0.03626092841260615,-0.04578875770552654,-0.10912193880142596,-0.18941544460924123,-0.16020616292877035,-0.04358144161380602,-5.666925426289552e-05,-0.0008526558398829221,0.08796098266248449,-0.1657736447253907,0.4302668332602165,-0.008666816009133325,0.0
CLI00870,0,0.1561,0.3159559463544162,0.3274988130699986,0.018837193161700697,0.004790929896066324,-0.0002963507302483855,-0.16549072144729124,-0.06480106953027474,0.015653353447224457,-5.666925426289552e-05,-0.20787523741998154,-0.22202532717526569,-0.29101136796653143,0.567097093947427,-0.0044011368853249955,0.0
CLI00871,0,0.0438,0.191191905096589,-0.06744945852064892,-0.04180490924311146,0.08098728171211292,0.0054852823402607885,-0.20349500766320414,-0.16955055625653215,0.16100663279545646,-5.666925426289552e-05,0.0036660024006651215,-0.6455878466337749,-0.4638271630017563,0.05021118245001481,-0.0029743492161708315,0.0
CLI00872,1,0.5647,0.39710700590565273,-0.1252050372625757,-0.049260121930001705,0.12230717854438512,-0.025557685990987393,0.4487789338962988,0.16872737664371357,0.1746392261597894,-5.666925426289552e-05,0.27360003775285857,0.9694440375912665,0.005570337664379102,-0.11629829923979487,-0.002394243335705458,0.0
CLI00873,0,0.0867,0.24706455566381572,-0.058845926135775994,0.005719185001459231,-0.006881474507211703,0.008700455059062213,-0.26234221784606493,0.24735960300401086,0.18851092788961749,-5.666925426289552e-05,0.29058878648262704,-0.19378204454086126,-0.5547482252672946,-0.2715525934389424,-0.012791678398805106,0.0
CLI00874,0,0.1449,0.3731090887550802,0.5539020822768218,-0.0382690260564031,-0.04589859288998167,-0.058164860028918235,0.2991896253781905,-0.17644147282645328,-0.036459643573408515,-5.666925426289552e-05,-0.16174965851617024,0.029333700832237766,-0.3083017941739417,-0.2650641310673102,0.04091549227057074,0.0
CLI00875,1,0.9474,0.4758679559060668,-0.09324962267402988,-0.04935829226008095,0.055316732207316616,0.001527445931650553,0.02036697934450014,0.005315093802675627,0.06760234448724656,-5.666925426289552e-05,0.30107212996745236,0.7430921280167814,3.0631490584224763,0.2843333899144403,-0.002225243427423053,0.0
CLI00876,0,0.0508,-0.5349613610191876,-0.28101772146385434,-0.041717690127067115,-0.018350218386922176,0.08059118491612294,-0.17469816032526084,-0.014481094444072891,-0.005040897034564126,-5.666925426289552e-05,-0.20069411033322077,0.06653343583843058,-0.304893010951281,0.49199877734605363,-0.008871540817446387,0.0
CLI00877,0,0.0318,-0.48254240684433336,-0.0820387141047656,-0.037855102503291896,-0.01225463533229211,-0.11125047414211818,0.299217724983884,-0.24048551265631735,0.03520621428044443,-5.666925426289552e-05,0.10432139130796843,-0.3980189454577321,-0.2587848127463449,-0.2469820090559614,-0.00298694194492856,0.0
CLI00878,1,0.3128,0.39177997813061244,0.04837421915332611,0.017315596818049818,0.006649727895603399,0.02928143781866682,-0.071382054759019,-0.0393744706161949,0.03051167391591888,-5.666925426289552e-05,0.45839540413620045,-0.14819642179334347,-0.20873216592791535,0.6822277211732911,-0.002720365502211249,0.0
CLI00879,0,0.0196,0.10763952662754436,0.04391494879732694,-0.03210023328041741,0.01227370143285593,-0.021855040780299113,-0.15130875981067216,-0.03715039363268813,0.03255150309008285,-2.5911968853409744e-05,-0.24492131216356344,-0.12437387081321928,-0.3113448606442968,-1.2000631012410305,-0.005911756102963684,0.0
CLI00880,1,0.6099,0.32305757506431215,-0.06332667233494767,0.017824285047238583,0.06820631765899718,0.011013808923301347,0.32361141013616695,0.025221654195982896,0.11170418593616595,-2.5176245964135975e-05,0.0553831783005109,1.0891234310431406,-0.35930723725997527,0.828442867477607,-0.002615165811855249,0.0
CLI00881,1,0.765,-0.6009960944828897,0.0256596625345841,0.43894941929955467,0.21620026073860218,0.07452770720343427,0.6483681102141644,0.19288486700618662,0.2811747362807927,-5.666925426289552e-05,0.15606816263926945,0.8146083465508512,0.5135459703357965,0.40561903930987125,-0.005213392290287045,0.0
CLI00882,1,0.8623,0.5208417910173245,-0.08417743159417626,-0.052183266274974556,0.3493400484073052,-0.03267608851929492,0.013927941289108755,0.19630249608614855,0.2871947603527945,-5.666925426289552e-05,-0.0631470693872704,0.07031529586811615,2.6596564818051838,-0.04786512199725191,-0.001973733186887242,0.0
CLI00883,0,0.0282,0.2944716335788018,-0.11969602679751026,-0.001843014683229657,0.04690545547897752,-0.04422535669481481,-0.105963689713156,-0.04277588200557649,0.0814992739602602,-5.666925426289552e-05,0.2383674583029714,-1.6052593893876794,0.4564593885995509,-0.7531831671381107,-0.0016658201983592799,0.0
CLI00884,0,0.0864,-0.5245398225168639,-0.18803326097388628,-0.09438291997193847,-0.018442691176200485,0.1048743485942273,-0.13595545438497936,-0.38665120970830114,-0.039199646424188946,-2.5176245964135975e-05,0.048946124123987286,1.138556324664602,-0.43797682692459694,0.16198955955394256,-0.005845691133304759,0.0
CLI00885,0,0.1064,0.1645412567799748,0.07643429597242603,0.14657817197479686,-0.04643462174928253,-0.022624816797086805,-0.08592718868618106,0.068231167059109,-0.049110201516445955,-5.666925426289552e-05,0.009177309080588551,0.05791754560600689,-0.4548308113803143,-0.009380431333054337,-0.0018490561236240955,0.0
CLI00886,0,0.0178,-0.5319750623119632,-0.15293785273776153,-0.054627097707358754,-0.058774053384550565,0.007968796492468065,0.45548258096978295,-0.04954964678610646,0.029287164906298513,-5.666925426289552e-05,-0.24597742359815802,-1.8047937782823409,-0.36328735823944414,0.749705132396529,-0.009724822333159373,0.0
CLI00887,0,0.1089,0.1975820286939048,-0.06933901428020037,0.10950575520732644,-0.035657219415245696,0.07365825434025303,0.11934579533098699,0.1303631495860465,-0.010616450955422374,-5.666925426289552e-05,-0.05951174736467776,-0.5630898903639088,-0.10721557419605203,0.10404144889167843,-0.00963850609188336,0.0
CLI00888,1,0.7822,0.44908919110613693,0.2145571672951725,-0.09927195778786124,-0.06420912144358432,0.02667742099494016,0.3180252120138279,-0.09533246465140208,-0.03933615001540005,-2.5176245964135975e-05,0.03840266453507067,1.261631719720401,-0.14265514121014647,1.3963921225797495,-0.003891825171081702,0.0
CLI00889,0,0.0139,0.2905787884704875,-0.23974151271059752,-0.07505427765522961,0.02883676628172677,0.11771543585774343,0.06906729397894253,-0.7840880471095054,0.012232948543428773,-1.6163270081987056e-05,-0.3803354967977502,0.6804140066991032,-0.5254795698041697,-1.4755874796388702,-0.0021938802906672104,0.0
CLI00890,1,0.8443,-0.6215341281933133,-0.06250014703686452,-0.1102673732580679,0.04018330138378783,0.1015553199474716,-0.1153762658930392,0.6739279595421618,0.054315081823404596,-2.5176245964135975e-05,0.5830058630025473,1.3616953571977408,2.0429126331707637,-0.26371048798618346,-0.012028075845965868,0.0
CLI00891,0,0.0137,-0.37566679696497524,-0.021882500118827492,-0.03634885338319537,-0.02063665561936323,0.06666047775610295,-0.09256941000192152,-0.028589771223371776,-0.021773110355351694,-2.5911968853409744e-05,-0.22249935718707778,0.07679679269848427,-0.29389079947572033,-1.3174906091840806,-0.008615335757096975,0.0
CLI00892,0,0.0581,-1.0352868257046839,-0.11269450271563144,0.012126503849768927,0.14416785353936365,0.5509746564236986,0.21953581047151083,0.1733902254380044,0.12583936092287293,-2.5911968853409744e-05,0.25014992374499273,-0.015753492675246353,-0.13727144027157911,-0.9770086376409182,-0.002409027328427683,0.0
CLI00893,0,0.0607,0.24591992018826206,0.13010475248905023,0.01704008829074206,0.023765706032237342,-0.015307761144883981,-0.1576844540255345,-0.008652819427710816,0.02577146856615814,-5.666925426289552e-05,-0.02591997772866748,-0.5532423534138028,-0.37644908166456215,-0.06152571475506106,-0.0018603375003765604,0.0
CLI00894,0,0.1318,-0.37714965024617686,-0.04329983964200017,-0.050715818538625224,0.0627998604223932,0.028441736420652418,0.4341025530209988,-0.1421224602938361,0.06666745940746359,-5.666925426289552e-05,0.026633194962521815,0.0268030857650382,-0.24379140670528868,0.3134264759697467,-0.00586504033645152,0.0
CLI00895,0,0.0421,0.23639112653040145,-0.127100897611106,0.007737618644139859,0.037727092933611546,0.009873306372852836,-0.11462660125348881,-0.060592381244017224,0.020757462431166194,-5.666925426289552e-05,0.06274062703369314,-0.5376636659258455,-0.22134576597761682,-0.4544965574551076,-0.0025150498043720612,0.0
CLI00896,1,0.4075,0.22057971465790974,-0.14939844554751494,-0.0319818658227953,0.13115673353634122,-0.020491720867852836,0.8843426562727301,-0.12687199465238533,0.16038197558022307,-2.5911968853409744e-05,1.1225468818934015,-0.17428246019540916,-0.28155291366576246,-0.12527593946042345,-0.0022056859683019076,0.0
CLI00897,0,0.102,-0.7756695208533742,-0.030249026223049032,0.2097965376422158,0.09199353285669393,-0.03398812309516177,0.22622043240659867,0.03684061222177008,0.1491854606618811,-5.666925426289552e-05,0.23686318260206793,0.4927437076010375,-0.4710802529422525,-0.32505992333168504,-0.0018051192178908744,0.0
CLI00898,0,0.0784,0.24342666775082547,-0.05906444957090458,-0.03878073703990232,0.04425566037942452,-0.026448307561622093,0.0410045787499542,-0.02714531761748173,0.05717550294420353,-5.666925426289552e-05,0.03875347983076044,-0.258506326838673,-0.31630908830235427,-0.17927021111497998,-0.0027530873185012874,0.0
CLI00899,0,0.0509,0.3194480831891134,-0.19633883949774852,0.018389009173523353,-0.03388047804824774,-0.03715168331520718,-0.07608970581056891,-0.00042746104404079317,-0.03450687021078792,-5.666925426289552e-05,-0.015726820283222333,-0.2618474775621935,-0.3796065095364038,-0.24457727152750508,-0.0018852954609039428,0.0
CLI00900,0,0.0764,0.2846242776404407,-0.08684586326442215,0.021982829591794446,0.0318638572497723,-0.027086978284649316,-0.09070868405615642,-0.007529018654917385,0.05864214256615411,-5.666925426289552e-05,0.013116007776727286,-0.28286001194439053,-0.3713876262425902,-0.05219789653190856,-0.0019557450733655927,0.0
CLI00901,0,0.3802,0.3405105145391309,-0.1287154858075802,-0.07182460683359895,-0.03172799541288327,-0.007278280453408345,0.06649987527055441,-0.2509976046104119,-0.00031490143190274607,-2.5176245964135975e-05,0.13332463582371085,0.8983918040942477,0.3153350918343144,0.2310800791774786,-0.0017783458172296914,0.0
CLI00902,0,0.0668,0.27784583900547916,-0.11862589472775217,-0.032243986218895626,0.004839844738427919,-0.028222779511360135,0.20571531394471088,-0.004178472941806131,0.023224172276825144,-5.666925426289552e-05,0.03178028599798647,-0.5796879343578876,-0.2834063947498944,-0.15027486351137528,-0.003110168255340076,0.0
CLI00903,1,0.5443,0.3570322028366673,-0.08190118617947696,-0.037155233430081834,0.016496267662811533,0.018900971034418054,0.09352255136998484,-0.05481001475228855,-0.001430533209964432,-5.666925426289552e-05,0.11823574285144127,0.9465092848896098,0.09081137570632616,0.6959152627639204,-0.0032596080210468064,0.0
CLI00904,0,0.0613,0.28268623548016125,-0.16280249870612273,-0.02704406936076637,-0.05374373960626336,0.08430590447074747,-0.2284660491294424,0.04728780361200819,0.04966289192446154,-2.5176245964135975e-05,-0.6309130112257075,0.7163797916925959,-0.4315939444811627,-0.3910991916075,-0.0017276647693814653,0.0
CLI00905,0,0.0232,-0.628109014223822,-0.04676341543786755,-0.03519563726417467,-0.062131403332081496,-0.1107377486797108,0.21240324302356928,-0.18971597188103578,-0.10315255081119472,-5.666925426289552e-05,-0.0037981687707370803,-0.1567650457911491,-0.45560620852324846,-0.17437338665098082,-0.006098439074222317,0.0
CLI00906,0,0.0587,-0.7596481805738424,-0.16975968305988526,-0.00847045054612219,-0.02485425974801414,0.08629505460308406,-0.15422558473801398,-0.03337763471635882,-0.01474472119637623,-2.5176245964135975e-05,-0.23554454862887164,0.6184497424267744,-0.29378025760995163,0.20391893139802697,-0.007501532011391095,0.0
CLI00907,0,0.0389,0.35757865071815936,0.47250287692433657,0.02594195426086022,-0.014412427939451977,-0.06015063213933723,-0.047862222577178266,-0.05446837013896466,-0.007908397815377438,-5.666925426289552e-05,-0.1874749694125917,-1.64324385267517,-0.30831799116726494,0.20316535274749356,0.03753290517920415,0.0
CLI00908,0,0.2057,0.24465974494374873,-0.08506238253406649,0.018773736826511688,-0.051815407528530276,0.018593427826232717,0.29754076067006796,0.02012018316245035,-0.036210004576079376,-5.666925426289552e-05,-0.048482905385091056,-0.31224293652672463,-0.2956828006469516,0.8630332590475922,-0.0026798919383023796,0.0
CLI00909,0,0.0626,0.22717457615578,-0.1355437220757792,0.02195763593046168,-0.04105336577356706,0.010387853714645288,0.2027786529268068,-0.015122119632103243,0.015365424505878845,-5.666925426289552e-05,0.01809445612756133,-0.5450695095388941,-0.30574324883814435,-0.17636884986811452,-0.0025341322750674846,0.0
CLI00910,1,0.5027,0.25972232092565745,0.6751256805379283,-0.03800226795670888,0.01206233271074627,0.021546643457718822,0.9723301542522014,-0.01868700823637976,0.04348473182014568,-5.666925426289552e-05,0.14779446385959102,-0.01714737659754987,-0.2136467628935342,0.15111681698158566,-0.003715484888352105,0.0
CLI00911,0,0.1123,0.33764102890157677,0.2795883759135129,0.12004926398443794,-0.007711493187379233,-0.028413825923080206,-0.13777777171305128,0.05468858305233499,0.006879844703856503,-5.666925426289552e-05,0.243296141552385,-0.10861191437096411,-0.5822355260852025,-0.2617198786672126,-0.0018842321386411869,0.0
CLI00912,0,0.1189,0.253509712636075,-0.10251434402289969,-0.050673380293078114,0.11241861180711815,0.008165022821395123,0.17496145871533988,-0.04753298767560854,0.10510599572829937,-5.666925426289552e-05,0.038933627791696616,-0.1245237079716776,-0.13157466044466978,-0.2537333105713216,-0.0038919574878131555,0.0
CLI00913,0,0.2249,0.4377091266404534,-0.15222303449109342,-0.08128383436232864,-0.043365526183585364,-0.03195289488849423,-0.2612458845584815,-0.22075414839825555,-0.04134952221579578,-5.666925426289552e-05,-0.11455345727345305,0.6876751089204238,-0.054078598480751965,0.6216839021082021,-0.0024479202291299647,0.0
CLI00914,0,0.0622,0.28270336277025604,-0.04280308593568263,-0.04951298572679882,-0.05325939297882345,-0.017936711359010395,-0.3239948823183187,-0.12788745603228224,-0.06194664057603113,-5.666925426289552e-05,0.27577322727121695,-2.4383539426458305,1.8374018896311484,-0.009021107438563882,-0.0033501799969418294,0.0
CLI00915,0,0.147,0.20533920304359576,0.035612537622688,-0.034505710302782884,0.009657037917180568,-0.0009636127378503199,0.29190605519884844,0.23625231721337728,-0.030805235625113447,-5.666925426289552e-05,-0.0654042636130933,-0.5161068364112341,-0.24328088410224402,0.33788136741292474,-0.002363755791684512,0.0
CLI00916,1,0.3718,0.15114528123738524,0.23460293069023685,0.0001443866140070701,0.16355817756786678,0.05831725653437065,0.4452535598883455,0.029105733400070066,0.32334270811302557,-5.666925426289552e-05,0.032759034397403825,0.1392238034290761,0.0644968548254685,-0.18272912345853223,-0.0024719511314365253,0.0
CLI00917,0,0.0204,-1.0404817688166692,-0.10483753374526546,0.02516259349315175,-0.020633519251084073,-0.10010858640049265,-0.17996121961917766,-0.08496704563891046,-0.03198255276201449,-5.666925426289552e-05,-0.03825985789700642,-1.4557457280070285,1.320320834464319,-0.1747848987597274,-0.001866193453963576,0.0
CLI00918,0,0.0187,-0.44365259280562197,0.00417559086435171,-0.005135189124927967,-0.032312030623078095,0.07326849819451992,-0.1634492188792921,-0.029656440799731162,-0.027251102559432673,-2.5911968853409744e-05,-0.007498681870246827,0.15511819193146198,-0.17513476048606344,-1.3248808914734842,-0.005181890816036238,0.0
CLI00919,0,0.0717,0.22979996422426935,-0.1093081990700735,-0.029302265469647922,-0.05745401684617686,0.019617703882302467,-0.07163060478938385,-0.012771490519840256,0.007335660090844609,-5.666925426289552e-05,0.01007076377315233,-0.43284416902351397,-0.30300062366521874,0.17376108484875016,-0.003595897324145359,0.0
CLI00920,0,0.1311,-0.8034591548438088,-0.08384663498361111,-0.07715906766910383,0.12611348197970546,-0.030042406532914883,0.4488903406488917,0.2179939832992548,0.09268103898928252,-5.666925426289552e-05,-0.16166535033908036,-0.07153402849115655,1.4282870894830473,-0.9936455260200563,-0.0026878422751926223,0.0
CLI00921,0,0.2208,0.36567585000943703,-0.12713200160310703,-0.010370885604454868,0.013735526014225658,-0.02154336773366407,-0.29510588506039237,-0.07399883029694397,0.043501369697591184,-5.666925426289552e-05,0.304671252970445,0.7651166448750508,-0.18530132578209144,-0.05701080666527871,-0.001912410486867148,0.0
CLI00922,0,0.0432,-0.9287414325739406,-0.28553514972199806,-0.05665396198487808,-0.06777097412096694,0.08192955185103361,0.0798280294077153,0.026232376483134846,-0.08375381890957102,-2.5176245964135975e-05,-0.21019332583341288,0.5950918202516506,-0.4453620114413693,0.21318571924073118,-0.03558195840503859,0.0
CLI00923,0,0.0177,-0.39850795612526224,-0.07752804813764479,0.14530062606099228,-0.058011858492880604,-0.042620332631654885,-0.5665178559637034,0.22678039962047303,-0.05111321405472889,-2.5911968853409744e-05,0.10665813279862607,0.09042842014675487,-0.3288092377935747,-1.0761269946885141,-0.0023941887859801167,0.0
CLI00924,0,0.1003,0.28294517354832766,-0.1661801720343235,0.05653162088912936,0.0030711392432419644,-0.03437250527279102,0.2965541653461142,-0.006337329191380844,-0.041206031713352666,-5.666925426289552e-05,0.17827085205436818,-1.0838048533103344,-0.19977850813156975,0.5052170230264019,-0.0031536764152097344,0.0
CLI00925,1,0.9199,0.5224189609003647,-0.07439997889741524,-0.021294583949463212,-0.07602263590734495,-0.0053539802622163775,0.171711335074253,-0.09536913194367327,-0.051869209981769374,-2.5176245964135975e-05,0.0027488813324184685,0.8008147839420129,3.149409380750857,0.10149872457270502,-0.0018831582750836696,0.0
CLI00926,0,0.229,0.27112457501679493,-0.10031928447459282,-0.0018378004405377748,0.12969205714893847,0.012108366981088565,0.35094445876676866,-0.003322126176898016,0.17333420201392258,-5.666925426289552e-05,0.003770012477848551,0.183097299361377,-0.06880989569186474,-0.17963638744580493,-0.002661802670329094,0.0
CLI00927,1,0.4294,0.4069246188776049,0.3257448455778351,0.018428322850371964,-0.0639907805495249,-0.023982803407325747,0.3934927696278886,-0.03571387637930994,-0.060147706564989675,-5.666925426289552e-05,0.23986480991419973,0.184694158885238,-0.08969274737090512,0.40351020347808514,-0.0022790426683856244,0.0
CLI00928,1,0.7191,0.2937606986290747,-0.0796331877887883,-0.06261191150515145,-0.0020853361029222616,0.01023930061337015,1.5755379650155636,-0.1449568690944219,-0.012653940054892843,-2.5176245964135975e-05,0.18462782106370831,1.522272276227128,-0.053842769558606146,-0.3055097437000954,-0.0036740382488658773,0.0
CLI00929,0,0.059,0.2380456249164808,-0.08980657052375757,0.02187531845169657,-0.008265232902063628,-0.022959123736048734,-0.21721941099963185,0.017253987717733173,-0.03276817333083102,-5.666925426289552e-05,0.032760428185272465,-0.09548822279831091,-0.4225759344136313,-0.2067549600935021,-0.001864266132107215,0.0
CLI00930,1,0.9651,0.29679245625707296,-0.0744837796058903,0.3090553212586778,0.0335964757893197,-0.014332980230682715,0.04223673437808154,1.3173857140691638,0.043700046706033814,-2.5176245964135975e-05,-0.15042262280048269,2.534608377926439,-0.34421085887253194,1.320314683118409,-0.014333895893885503,0.0
CLI00931,0,0.1353,-0.620944204598992,0.003707504593881792,0.05250442278140654,-0.07617690348063647,0.08349463383577822,0.20836600916785702,2.8607483694112086e-05,-0.04956463783933678,-2.5176245964135975e-05,0.03489395775614322,0.6567732224453774,-0.378081225318428,0.21706366471647226,-0.005300022362615914,0.0
CLI00932,0,0.0463,-0.8382657894489928,-0.17249006654666255,0.1451173072995684,-0.024693692540966067,0.08498562215105293,-0.12301528551224934,0.2053540237954347,-0.017060699476682137,-5.666925426289552e-05,-0.1487485618317925,0.24672581950675618,-0.2733650730574665,-0.11349685053412836,-0.013883347090084557,0.0
CLI00933,0,0.0907,-0.24440423144782725,-0.1125366847040335,0.04888878445653783,0.021583448875178532,-0.004986243793644864,0.17647354767041235,0.14478587704699153,-0.020835290396289563,-5.666925426289552e-05,-0.21861612517016538,-0.005887801188330196,-0.050617074714621166,-0.053938453405355614,-0.004293149042853578,0.0
CLI00934,0,0.0847,0.24396753794975548,-0.19334698231513925,-0.0013026426827625935,-0.017579597275304438,0.008873502739090726,-0.23480750969915004,0.057713889448447395,0.036644238396233764,-5.666925426289552e-05,0.03499497549787462,-0.05037493053410139,-0.320896824988804,0.03910553278447923,-0.002421319730157915,0.0
CLI00935,0,0.1283,0.37093617547409025,-0.08944597730001051,-0.09749611230377843,-0.06869951983007903,-0.016948194536403893,-0.7016119844988957,-0.11812668058852432,-0.06093006883025221,-2.5176245964135975e-05,0.06458470026398393,0.733635770803365,-0.12974954623605686,0.18293666022387067,-0.004104025273923383,0.0
CLI00936,0,0.1061,0.32326267942986586,-0.04933586832815522,0.016406421241645264,-0.03633069754022476,0.01816574289555111,-0.2726103108210309,-0.021030260145954993,-0.044204379362820054,-2.517624596413597e-05,0.04011290987155301,0.150114225444338,-0.472034091646448,0.20066433003130818,-0.002637990758656095,0.0
CLI00937,0,0.0214,-0.6516117314117402,-0.18331242541230924,0.009844012905702844,0.04517811785475188,0.012211603304246263,-0.24075070719879818,-0.03980308977250352,0.05970126291140394,-5.666925426289552e-05,-0.21215652707060684,-0.6240923025110008,-0.21666407416109681,0.2105591283379343,-0.009457541098128885,0.0
CLI00938,0,0.2076,0.417233147057495,-0.22139250617988007,-0.0604164362194236,-0.042119777588242875,0.046264824977472016,0.17896183952031935,-0.602442295106802,-0.030202566242827664,-5.666925426289552e-05,-0.2041843555193833,-0.15200060886996367,1.4340557708022572,-0.1200819025497863,-0.001956052942935909,0.0
CLI00939,0,0.0619,0.27367294832958927,-0.10584743884711177,-0.04174578257313755,0.0034170759921820643,-0.027810046076428434,0.07702952480246755,-0.0020612313523751436,0.02395889413299605,-5.666925426289552e-05,0.016332142419715912,-0.6144784532218083,-0.2834194328132676,-0.05254418392503649,-0.002888085958754153,0.0
CLI00940,1,0.7831,0.4050742384345864,0.07409510217907297,-0.0437561771482837,0.03634955353338657,0.02626755950706229,0.4959115976600954,0.29043016620371775,0.004125424354175017,-5.666925426289552e-05,0.886288934145569,-0.036447122077608474,-0.18117455989781933,1.3198590178800436,-0.011945541644680766,0.0
CLI00941,0,0.3689,0.36950763505586914,-0.10393584011271813,-0.06554018879981403,0.05616556965689566,-0.03938405724027172,-0.3541521545341338,0.19975991616422975,0.08552704181590845,-5.666925426289552e-05,0.13082767675980653,-0.32364900792094414,1.0514175219624817,0.43995439401385006,-0.002124232784287967,0.0
CLI00942,0,0.0113,-0.43997031891860755,-0.002031003528202715,0.024305110177897025,-0.003132247160050205,0.07555709951314633,-0.10087221366126874,-0.026592891760137568,0.05175514988001612,-5.666925426289552e-05,-0.3063536476939151,-1.4680509041244652,-0.26018332059515625,-0.031153500703339478,-0.007470030139631742,0.0
CLI00943,1,0.7799,-0.3201520461912312,-0.0032260569068486154,-0.02890138894600773,0.0930328412931471,0.07635769231552746,-0.18575060989106798,0.07216554687665047,0.18082071103370445,-5.666925426289552e-05,0.04329638550742367,-0.056227855020145226,3.2891860932777015,0.09129635443631948,-0.005531468543161038,0.0
CLI00944,0,0.0901,0.3610050188511513,-0.061585237317188096,-0.06703803201697557,-0.05050719074561399,-0.026057255522529715,-0.2957531615549232,-0.13841318741780484,-0.04916249962887233,-2.5176245964135975e-05,0.04444274813608854,0.654759548959876,-0.3757516852353927,-0.3251529843955852,-0.0021540560574631637,0.0
CLI00945,0,0.1089,0.3065831169408311,-0.12114475094191934,0.02344028082754257,0.07960697006098724,-0.035827880738045687,-0.1523130451139324,0.01191010357925718,0.16707929361655147,-5.666925426289552e-05,0.32579617013546247,-0.6403267893347535,-0.2531499328737289,0.16971156673929652,-0.002140626572727027,0.0
CLI00946,1,0.8751,0.5204429844303549,0.4980263787827824,-0.018211404117858723,-0.02527968691938292,0.027928192944475794,0.0017615402319635762,-0.030950658720453886,-0.021625800332090602,-5.666925426289552e-05,0.18227272204191824,0.6185549020340527,2.109410795893352,0.0687039158795154,-0.0028823700421984504,0.0
CLI00947,0,0.0623,-0.9503136791080262,0.24360125334221144,-0.12524886744711752,-0.12209360644839228,-0.133712964639716,0.19453837477368624,-0.03184562080059293,-0.06403071958549551,-5.666925426289552e-05,0.041256961544213544,0.07619273882021597,-0.17098669018424664,0.23521512182164495,0.07737135419236026,0.0
CLI00948,0,0.1878,-0.6468786027366968,-0.13090727010835893,0.15529285466428197,0.11688541387323258,-0.033615449190129806,0.40402242083505235,0.06848495236689785,0.10904757675419888,-5.666925426289552e-05,0.02838692350350953,0.3041830645296612,-0.17784962046472969,0.3255805278470056,-0.005453960682365459,0.0
CLI00949,1,0.7395,0.403912888982465,-0.11631540413953691,0.22947709784910275,0.027853805089389398,-0.02093751097863513,0.25482040443638476,0.42437979571772877,-0.014738482911778225,-2.5176245964135975e-05,0.0514406237864593,2.045576954216234,-0.37861949159500136,0.11953052905360886,-0.0018454030014845042,0.0
CLI00950,0,0.0573,0.12028181186158897,0.06343541513725635,-0.02979059487542576,-0.0839682250149405,0.01713816867956875,-0.06427730088365938,0.00408207868168778,-0.06255142457741672,-5.666925426289552e-05,0.04786651993337462,-0.6319736506294763,-0.4682353296956368,0.27314055159543194,-0.003702481848791366,0.0
CLI00951,0,0.0987,-0.6629890945966179,0.006378287430292412,-0.002132765827676745,0.11018071409934062,0.09654190168172251,0.09105165356864181,-0.033966306537523513,0.211445786175815,-5.666925426289552e-05,0.09707319834446396,0.3964375552225518,-0.2888567726083216,-0.24606749363731567,-0.005355667559810121,0.0
CLI00952,0,0.0183,0.1989947646203422,-0.10917349422428475,-0.02889492388596759,-0.027047858957724404,0.003023801108568437,-0.09703629124932629,0.010442898424312412,-0.03408376234391191,-2.5911968853409744e-05,-0.01578051981119927,-0.4353059515457693,-0.4024299695352141,-1.059477932415915,-0.003716650206593474,0.0
CLI00953,0,0.0793,-0.6227082220696548,-0.012858374559225783,-0.05850082703131715,0.08315919206201965,-0.02874624749510121,0.527977563554351,0.13434116268987933,0.10167517862476566,-5.666925426289552e-05,0.3065381631530711,-0.581372827926967,-0.34092512444843703,0.06418505452595127,-0.04310358607459056,0.0
CLI00954,0,0.1665,0.26895660955914785,-0.1624101188374411,-0.03869150152993227,-0.0448053631848364,-0.03490186186535463,-0.3319655302730808,0.14429375420831583,0.05735674972890874,-5.666925426289552e-05,0.27990650190274946,0.28421297156608333,-0.34201965690388514,0.2931616398219686,-0.00209283113209614,0.0
CLI00955,0,0.0515,0.26975981701933865,-0.1402517325854778,0.018571121826060268,-0.029433838326305403,-0.03004380410035234,-0.09790203713540312,0.020654543954437814,-0.031419506290419195,-5.666925426289552e-05,0.050717486704291374,-0.5185019728756899,-0.3046770168342641,-0.13718724060969445,-0.002012583964844946,0.0
CLI00956,0,0.0368,0.22316185025062188,-0.10001239428178943,0.033576289703496257,-0.040698562224544606,-3.059461498963451e-05,0.25997871798692107,0.11278620674712964,-0.004893378420401736,-5.666925426289552e-05,-0.28070517820333635,-2.1066703161940494,-0.20821750917037418,0.8403751527069913,-0.011089642129244463,0.0
CLI00957,0,0.1464,0.3542034119126434,-0.12986974628023087,-0.04146288674344156,-0.04859592539534605,-0.04622795456682101,-0.10316596591804635,0.1542181606251116,-0.04773845971968942,-5.666925426289552e-05,0.22656842852884837,0.09580873442835401,-0.20208938677863453,0.008626295044058917,-0.0022003692568054465,0.0
CLI00958,1,0.6198,0.3202232415845387,0.0599776472889359,-0.06311287844601525,-0.0485636097325506,0.03753942362148953,0.46943942891689444,0.37433411512482057,-0.040469384343825694,-2.5911968853409744e-05,0.9078816797109484,0.007844144470577564,1.3009261731350348,-0.845300619418663,-0.010835482530957412,0.0
CLI00959,0,0.1682,-0.6793150769763726,-0.07105238037108726,0.13998101087669373,-0.06400990513335438,0.08638486647826085,0.21572152039550152,0.17039775542956656,0.010520186943053853,-5.666925426289552e-05,0.018850142251588518,0.25259757156667106,-0.42559077895113007,0.7339968748288688,-0.005417904244483788,0.0
CLI00960,0,0.0583,0.2863951600127867,-0.10853896071136317,-0.03430208577871521,0.011036469727579467,-0.03777355819888597,0.2969213654302117,-0.6778443340773793,-0.03268133665268528,-5.666925426289552e-05,-0.1606241169628392,-0.19130507327372293,-0.387058160962263,0.23676407303303695,-0.002510150038005676,0.0
CLI00961,0,0.2108,0.2659813487608199,-0.10659288035570524,0.010802820413917159,-0.04691323683938621,0.021022852238255972,0.0660026644265015,0.021701199737038886,-0.0412195974045894,-5.666925426289552e-05,0.007177811121691032,0.10323634428329047,-0.2893741964892872,0.6520462727818335,-0.002751784019655769,0.0
CLI00962,0,0.0446,0.29064637229171675,-0.09601083914655693,0.009926715652157254,-0.03318836071413408,-0.030120635134436288,-0.13378714198328343,-0.011030457685480975,-0.04217849163098127,-5.666925426289552e-05,-0.011068251788592155,0.002511777254360872,-0.3657527704751115,-0.6619944659962282,-0.0018923069879600285,0.0
CLI00963,0,0.2517,0.4221884730842747,-0.07334473186158995,0.14401658581843024,-0.015533312251735324,-0.0340638913279972,-0.12895562228266272,-0.055236740279593015,-0.043586439024471964,-5.666925426289552e-05,0.03632276888957594,0.7800435428354532,-0.47986905556909026,0.3414470597551517,-0.0018973588457622834,0.0
CLI00964,0,0.1574,0.30905506476683436,-0.19894330891240314,0.015743085424125766,0.07648733024299632,0.011676070685192603,0.32565359500190716,0.001750173179550619,0.07144150775010134,-5.666925426289552e-05,0.027764712053030795,0.1746124680531173,-0.3539980809508204,-0.15465664057767978,-0.002687805778680504,0.0
CLI00965,0,0.0662,0.3763207200550882,0.0524477695148032,-0.03202464853363815,0.0043357332719475014,-0.0802395234514034,-0.055524411906208895,0.21624576710723703,-0.02505686549382066,-5.666925426289552e-05,-0.035030825487442276,-0.6132525087558607,-0.33231444646230984,-0.1389641824518163,-0.002260070683652588,0.0
CLI00966,0,0.0935,-0.3616134481827601,-0.045974453022263495,0.018603130792445945,-0.06085372539835242,0.09038231886514417,0.2721883692748552,0.03600627280306564,-0.03230584613318556,-5.666925426289552e-05,0.007418610575447558,-0.15086422403169836,-0.2814387009367683,0.22385326970421238,-0.00540550139894949,0.0
CLI00967,0,0.1625,0.4205841040649794,0.06536791860891057,-0.019418777691606288,0.003184147362654944,-0.10629438430921266,-0.7760541920717118,-0.13094006198465197,-0.01220452161013067,-5.666925426289552e-05,-0.08332399251782277,-0.20963301866030007,1.1076936117496168,0.08536911760550646,-0.0025308250879972406,0.0
CLI00968,0,0.2843,0.3986081938209868,-0.04312340046697838,0.22765677890512137,-0.01881703539655896,0.03029595332656232,0.0720489967178094,0.23896904933758809,-0.007321371218181669,0.022432035154045158,-0.01337576148835886,0.9203548350971978,-0.4756571831769087,-0.2821784802033707,-0.011656231157233306,0.0
CLI00969,0,0.4592,0.3484926987060309,-0.10252079157022129,-0.04460032818904739,-0.06680577466232503,-0.011270508323764082,0.16782301055789267,-0.046275442123781006,-0.060131145153804334,-5.666925426289552e-05,-0.03383738493042694,0.07900546864141225,1.6186501530162227,-0.028188689679517546,-0.002435496285455233,0.0
CLI00970,0,0.0742,-1.0270980897318798,-0.017079964946244072,-0.14538795804292207,-0.0022413546020861232,0.06640120691674702,0.09773834754740279,-0.02514851945050412,0.08453026086257397,-2.5176245964135975e-05,-0.2164740207851949,0.7682512793586983,1.1938669741583565,-1.3133409844963413,-0.007003043452886324,0.0
CLI00971,0,0.1277,-1.0648150459041792,-0.06625897029470436,-0.060416352140521476,-0.01940910003421896,0.0771680139924629,0.25098965837510245,-0.035289537935828716,-0.00462961522374351,-5.666925426289552e-05,-0.20406607668442306,0.05901157043655024,1.2208839942413907,-0.057095369938236655,-0.03615677368428072,0.0
CLI00972,0,0.1273,-0.5714072966716834,-0.05276806630818944,0.20753187063199216,-0.06284207158392087,0.09454447838198789,0.4420074016230082,0.23719376017674043,-0.0009551463240501165,-2.517624596413597e-05,0.08816370564440668,0.09860559049008324,-0.6050176792632256,0.1865228218532749,-0.0053811941671708845,0.0
CLI00973,1,0.7496,0.83127232653422,0.1034697487897196,0.00812595003865527,0.08572680193701669,1.1369668099373642,0.1013629092498765,-0.05655803321422014,0.09491274001913538,-5.666925426289552e-05,0.6690488492923652,0.21311952375589102,-0.1071676157815207,-0.0005627207802675977,-0.0018879294218060066,0.0
CLI00974,1,0.5837,0.4683685943482131,0.029183413870598057,-0.09874168064828831,-0.027202048514024465,-0.02330752998946258,-0.22372593227329132,-0.20341238600141395,-0.028864265144355167,-2.5176245964135975e-05,0.06280549521173993,1.0843619716802115,0.9471830068039837,0.33446245349068987,-0.0018670372173237543,0.0
CLI00975,0,0.0655,0.2175106744844481,-0.1019068570738177,0.004088960311448192,-0.04163347867887965,0.019585733587415114,0.11074670129175858,-0.019155134144842607,-0.03808896052097041,-5.666925426289552e-05,0.00010706113562863472,-0.2314098768690292,-0.3694269172103824,-0.22427684381505655,-0.0024348609369840885,0.0
CLI00976,1,0.6845,0.3641973332686609,-0.10703195730739982,0.09530591460075936,0.02375609203931649,0.008480843661970838,0.24925891483029788,0.4758328785076392,-0.004492951897915574,-2.5176245964135975e-05,0.08720008161479292,1.873782799525696,-0.3375928404455778,0.02987575687487929,-0.0026759784294640614,0.0
CLI00977,1,0.3576,0.43860235714725215,-0.04587875059913825,-0.042995412643990025,-0.04118347239520776,-0.024601911759255343,-0.05628542237760401,-0.11883301895700589,-0.03653060962840963,-5.666925426289552e-05,0.03991047146924224,0.8962844067709314,-0.24580426547310197,0.6351977310583984,-0.002388593005542299,0.0
CLI00978,1,0.3718,0.3617845761964299,0.28109208125558766,-0.028895551385222852,0.13735421853621244,0.17892874370533027,0.46674656303089246,0.4887071621523964,0.19633756422308665,-5.666925426289552e-05,0.1774487548913338,-0.37324589436843697,-0.28942170157585423,-0.1377136122202689,-0.0022649490839104862,0.0
CLI00979,0,0.031,0.2448387552431807,-0.10212522982357031,-0.040194506075365524,0.028987178400339386,0.012739877350508673,-0.1232041883476222,-0.030913013890132606,0.06276325760390242,-2.5911968853409744e-05,0.029118242933607697,0.03884354265409844,-0.2707467126659009,-1.3084342994172895,-0.0036580121020090874,0.0
CLI00980,0,0.3181,0.2273101808150686,0.07964040845145383,0.018604989202275424,0.0021557826795708993,-0.023693213395544997,0.3045087482159343,0.03906047225737868,0.010598812753592089,-5.666925426289552e-05,0.0072532107766441626,0.20235835550625164,-0.43220214193107054,0.7852698073277079,-0.002180997319300471,0.0
CLI00981,0,0.026,-0.7976239534465329,-0.14979051018113576,-0.07701587489911904,-0.044506780781813686,-0.08582454469848037,-0.38561463006197766,-0.06943221165911449,-0.05182481430231499,-5.666925426289552e-05,0.05636924832573391,0.4268648560050096,-0.2077396182093449,-0.25154560568594714,-0.0033070720618782663,0.0
CLI00982,0,0.159,0.22488451822639507,0.062095242243863855,-0.08288887601725947,-0.01547799993143593,0.039259108622058045,-0.274446490388441,-0.21559039941442368,-0.027743735846924435,-2.5176245964135975e-05,0.04230971059888945,1.2270759283954586,-0.3361394563876944,-0.32395955884113287,-0.003730848308289716,0.0
CLI00983,0,0.1155,0.25674049287960155,-0.10440270992880189,-0.031107520769880014,0.007676463450048083,0.056622749215131565,-0.19912091115104888,-0.01208131699692218,0.046321475003176155,-5.666925426289552e-05,-0.31981876012176846,-0.23138242790025687,-0.26310827073387233,0.7451214262361119,-0.006176986959640206,0.0
CLI00984,0,0.2619,-0.7636077185223208,-0.12541399924976698,-0.1062119331285975,-0.16863423095335345,0.03310281801115133,0.15712581885633378,-0.2853341249428158,-0.20418409338128243,-2.5176245964135975e-05,0.03080165413361639,0.7753092422721249,1.1502940611750965,0.45819039425476865,-0.006507071496859644,0.0
CLI00985,1,0.8363,0.5298973965182414,-0.16814692555173538,-0.10792701002176384,0.052047745667855326,-0.030098217963847936,-0.011400526860939805,0.21294163991988654,0.12907567980968296,-5.666925426289552e-05,0.3180562417080119,0.8272108481554169,1.9289726171335664,-0.06633135926690788,-0.0019577198054348353,0.0
CLI00986,0,0.0254,-0.484338220531248,-0.239942547954912,-0.036996281746713724,-0.02863751252684446,-0.06604367721609626,-0.11198957326104907,-0.21234254631495036,-0.023152039697989887,-5.666925426289552e-05,0.047149804331101934,-0.5012750874568163,-0.4115444615976842,0.40552920379571594,-0.003812256601139191,0.0
CLI00987,0,0.1247,0.3154346372350618,-0.07088449630696357,-0.04511914284201061,0.0034008237861243326,-0.0683683682308453,0.12761843974066459,-0.15452148632231658,0.035864584662215836,-5.666925426289552e-05,0.02631813474202779,-0.23954279865732037,-0.14608943601403662,0.25075905576070817,-0.002509805985026728,0.0
CLI00988,0,0.0237,0.28566563585383015,-0.1482483093992607,-0.041489556822206015,0.02706821072579664,0.0025558209291517016,-0.20672063849966169,-0.03143630353858154,0.020371199345307546,-2.5911968853409744e-05,-0.008929676488825951,0.12220096537389948,-0.4542733556121299,-1.3010128646221855,-0.003659075424271843,0.0
CLI00989,0,0.037,-0.6316174318365695,0.3196329274338485,0.026231466872091845,-0.11075060218582967,-0.12303198643562209,0.2114967852381158,-0.07275225918813838,-0.05002123424177997,-5.666925426289552e-05,-0.14781553068440118,-0.4844392244552038,-0.24025313169886586,-0.024487857889536013,0.05018363172172668,0.0
CLI00990,0,0.0139,-0.5411233961675677,-0.16496801697124794,-0.029856223664250992,-0.011712837921832576,-0.10435343082940904,0.11309001847695282,-0.1396230600749905,0.03338628227737189,-5.666925426289552e-05,-0.03228378279593066,-0.23370489041407683,-0.24618819138710096,-0.917080983803388,-0.00270998075748964,0.0
CLI00991,0,0.0567,-0.3536997267005833,0.018450085137645122,0.018139747435644303,-0.033452623049893056,-0.07032762150613048,-0.1484061251115451,0.006641028523319439,-0.044611294222374476,-5.666925426289552e-05,-0.01920156637904005,0.074999944998151,-0.10409004948929189,-0.17340644067340752,-0.002278133661642482,0.0
CLI00992,0,0.0883,0.3255243328383725,-0.15066409285763321,-0.11710822375511021,0.06505614741829893,0.03353301851610474,-0.5244690509484279,-0.7797105963818243,-0.005982945734552314,-2.5176245964135975e-05,-0.6550994908828708,0.9415574633042043,-0.3739680767304075,0.8903257198371753,-0.002594126711155713,0.0
CLI00993,0,0.2914,0.4237824792845337,-0.20336692370682086,-0.09538966498388649,-0.0591143024024803,0.023467618829940126,0.3079937544209735,0.29317792813300353,-0.03834413602954928,-5.666925426289552e-05,0.07624454397066115,0.5739053970087844,-0.4629477829384721,0.2664232356968721,-0.013311042947832608,0.0
CLI00994,0,0.1282,0.4156335876698181,0.2584531755283053,-0.06798729950745355,-0.03527986509121963,-0.16310822426993463,-0.8311111353491147,-0.24779461718545157,-0.027639472392713867,-5.666925426289552e-05,0.15364897524526255,-0.3800598214954233,0.8055838029068546,0.18668081475378123,-0.002430421795161216,0.0
CLI00995,0,0.1504,0.3644235233187515,0.09294004369001971,-0.04698634319058418,-0.046246641263334054,0.025495408137155808,0.29434501890205034,-0.07908756733863206,-0.03205546830936718,-5.666925426289552e-05,-0.20974735794889343,0.22738251923368247,-0.14315938734871606,-0.19098130306045477,-0.006171767717475531,0.0
CLI00996,0,0.1309,-1.1495867761277887,0.0039118660862545685,-0.032638063264515176,0.008882642357756555,-0.10858341505348586,0.152739519165482,-0.04094310252746452,0.011410218202649165,-5.666925426289552e-05,-0.0004780462469346701,0.005438044696112699,0.8694724616935084,0.3765691069871309,-0.008205471614535251,0.0
CLI00997,1,0.5028,0.30010894614121375,0.9168391039191072,-0.023157877383741157,-0.006930099266372598,0.0891430883295771,-0.08944244479673344,0.5575343921386482,-0.005961837358539587,-5.666925426289552e-05,0.42952147561149684,0.1163177971688578,-0.3688464635378749,-0.12022098143610213,0.19776984535476516,0.0
CLI00998,0,0.0489,-0.9434701056743423,-0.24630531207190476,-0.06427483259199976,-0.03599055592854438,0.03603595050487165,0.13326756791129366,-0.3244748939840039,-0.0731587537220761,-2.5176245964135975e-05,0.037609975004028594,0.8168939052709845,-0.30028313681639157,0.009715896182135001,-0.031433379424784906,0.0
CLI00999,0,0.1759,0.3723470453387076,-0.05342158366346286,-0.06466485673661582,-0.05010071630002629,-0.02606122658104522,-0.3117868555189753,-0.07090590836057231,-0.05508590271755408,-2.5176245964135975e-05,0.05097018196944061,0.7393371602233698,-0.3535043427235078,0.26264379457696524,-0.0029978613027983126,0.0
CLI01000,0,0.0974,0.24637405276754715,-0.08603250553991947,-0.03835138850339089,0.018576620877355152,0.022073439787356073,-0.0845840627992106,-0.06116866410022718,0.02931915448312337,-5.666925426289552e-05,0.011382734903435346,-0.2319573934521134,-0.33024721463353707,0.26361945218025895,-0.0038022895525778337,0.0
CLI01001,0,0.0389,0.15586588605474022,-0.0059888347056366,0.01741835132552338,-0.11803101550269685,0.051794117740428254,0.01641842020881487,0.2168318186106404,-0.14594034757197272,-2.5911968853409744e-05,0.335641714746068,0.04504591619842083,-0.4492089366758073,-1.3333849409799516,-0.011214740587382664,0.0
CLI01002,0,0.0672,-0.31581170670995246,-0.04100298997322252,-0.02745217712427685,-0.04534423552364712,0.09600454818786537,0.027039755574369922,0.08456471715603538,-0.003305222335205501,-5.666925426289552e-05,0.09939883335926185,-0.6949176755645293,-0.38171546316319027,0.5603785245057497,-0.007546735380076965,0.0
CLI01003,0,0.0341,-0.4954598437755389,-0.2580032765999272,-0.002151950592126812,-0.027544520565557635,0.09653892899526005,-0.14826927067879744,0.0012120228488738136,-0.03200654221068859,-5.666925426289552e-05,0.06906506517474735,0.11502461166651913,-0.34106326965962813,-0.33340150563508236,-0.005199969285443726,0.0
CLI01004,0,0.1515,-0.7029637932628813,0.02094115987363254,-0.021349455656224342,0.02076340071001393,0.09055423073875277,-0.20385039665655058,-0.009588682336738312,0.0774002163355173,-5.666925426289552e-05,-0.1826579557466083,0.06226854638640475,0.9791269044107401,0.1327136443470648,-0.005101035769841389,0.0
CLI01005,1,0.2383,-0.32971163184158225,-0.0045844556974017105,0.06849471523269474,-0.021844885648724225,0.15756364851587876,0.339155227584403,0.09568231587095002,0.0591096216593513,-5.666925426289552e-05,0.08168932808531101,-0.03263783142736829,-0.31523441305002664,0.7268706191139825,-0.005415896337428612,0.0
CLI01006,0,0.0679,-1.0598992317128615,-0.2757082514307243,0.14321346519034203,-0.03831845270557602,0.3270997583769324,0.2798860805156559,-0.009165246162561562,0.02289354454177566,-5.666925426289552e-05,-0.2543209854601431,0.22672216469512407,-0.20878614559018852,0.211291171672976,-0.0027638851688720776,0.0
CLI01007,0,0.1131,-0.7116679935939898,0.04532962846453366,-0.11576725015285658,-0.05034292613176346,-0.06200530848954431,-0.22456581526230476,0.3001733980128327,-0.060456573557299845,-5.666925426289552e-05,0.05892029001680148,0.6295621696975386,0.4374262823808905,-0.3222822024049342,-0.0024763309583068394,0.0
CLI01008,0,0.1009,0.3363194710296787,0.11708109675203486,0.006416599916508567,-0.012874231879689606,-0.010025568177226763,-0.3075215488049469,0.08275912493392598,-0.011221578080991534,-5.666925426289552e-05,0.39770477197399867,-0.3319714117077615,-0.27602360669688636,-0.19369376585312456,-0.002469997851737432,0.0
CLI01009,1,0.8794,0.3873761259912138,-0.034303508687246714,-0.09846395996354541,-0.0051662417873897205,0.007848384691798061,-0.35222143823001867,0.0074086446797227866,-0.011427671568967188,-2.5176245964135975e-05,0.4778533865760312,1.2890526712342765,1.4709433947349095,0.8327315978528619,-0.0036262527938896224,0.0
CLI01010,0,0.1158,0.29182085517933026,0.2201235698722348,-0.0006938224871998214,-0.021991333334501432,-0.03668790154339599,-0.2139172648781689,-0.04248435380546677,-0.013912559997522353,-5.666925426289552e-05,-0.3228002424257345,-0.38886344949999224,-0.06487908085867712,0.5125631237178797,0.030455388095989588,0.0
CLI01011,0,0.0368,-0.49695973604961985,-0.014704080669191613,0.012035810973343922,-0.05521302342119661,0.0793529438864186,0.20054665400679603,-0.04649462266442839,-0.02936428599976195,-5.666925426289552e-05,-0.00201279488183232,-0.5139684090270844,-0.2741827113168518,-0.13261507700798356,-0.01045910320854887,0.0
CLI01012,0,0.044,-0.5808067406396188,-0.045759158067911886,-0.030373772939306626,-0.016873250885611313,0.07918362260913994,-0.1293331541000351,-0.020868420970745066,-0.046570008190014,-5.666925426289552e-05,0.32230830092406226,-0.14910732647173408,-0.2712177398646108,-0.17818146789252404,-0.030679636572659597,0.0
CLI01013,0,0.0171,0.20414422255317569,-0.12781244378941353,0.017701917363372458,-0.07365281051962136,0.016266254252484177,-0.07382871382365867,0.02244473029377842,-0.05955406200618906,-5.666925426289552e-05,-0.021905336215579264,-1.5345473201595203,-0.26365757171499427,-0.17115081498868098,-0.0024488580563349557,0.0
CLI01014,0,0.0878,-0.5026152435546453,0.24664423354712603,0.023994492512018687,-0.013718705155796873,0.09581892714219603,-0.2816649434079561,0.1894586537688113,0.004747112941553463,-5.666925426289552e-05,0.17826109732649034,-0.16472657080739422,-0.3424128707515702,0.21991983453782535,-0.01359340400254626,0.0
CLI01015,0,0.0666,-0.7832937822287123,-0.14833322669616048,-0.02884631849262727,-0.021698422832797076,0.09649043906101627,-0.2905714011215192,0.19206712437058948,-0.005081919240956999,-5.666925426289552e-05,0.17706541446392476,-0.13199394631952172,-0.17940783566746454,0.5068939474501724,-0.04185817352009312,0.0
CLI01016,0,0.1107,0.28178076402517943,-0.18443166742560949,0.0822415063548101,-0.040276774285816844,-0.03297308275966861,-0.029483112451526062,0.03241150459249444,-0.039790648275374985,-5.666925426289552e-05,0.27112438174631753,-0.27776755203509146,-0.4162919275083549,0.25253722024850106,-0.0018596816705979038,0.0
CLI01017,1,0.4397,0.30262131457649744,-0.024420218904673288,-0.05008008052512677,0.08950130163212972,0.02738898771283111,0.20009544527884082,-0.09736386281252542,0.07388340168723964,-5.666925426289552e-05,0.17631359493461274,0.35972179760030265,0.44366201058072335,0.2408323325233038,-0.0034450372567104356,0.0
CLI01018,0,0.034,-0.9240424484665212,-0.23460777497042637,0.006950009416626689,-0.05320522625663295,-0.024311513463514102,-0.27191905010077616,-0.022834521982572624,0.1462511247527289,-5.666925426289552e-05,-0.14924424742239875,-0.4981732616600154,0.7518281404585133,-0.08997817311671613,-0.001540829797333984,0.0
CLI01019,0,0.0503,0.23992171877093763,-0.09283881006801259,0.015876084212849712,-0.031427909260223284,0.01747353373003719,-0.19692751557661423,-0.060363973456425954,-0.020711384533155262,-5.666925426289552e-05,-0.021768010339904158,-0.9896955056560574,-0.24066843709206895,0.4282113455473843,-0.0037242207561004824,0.0
CLI01020,0,0.0235,-0.47611242817045685,0.44544961887043394,0.030126767642128908,-0.014071000483986183,0.05568737756749712,-0.23135663822225763,0.011818884728980556,-0.002454394970232641,-2.5911968853409744e-05,0.11275040301227372,-0.2463328269156139,-0.41479127232536583,-1.0097491618114032,-0.00741919912657145,0.0
CLI01021,0,0.0122,0.20607475832545574,-0.12079309414988591,-0.03700842520252884,-0.06374639800518238,0.010885561051236557,-0.06727096120635416,-0.16749402532410582,-0.018759108735884145,-5.666925426289552e-05,0.0023625933456022314,-1.508234224656677,-0.5095512671125876,-0.1326096763768314,-0.0028661984176752116,0.0
CLI01022,0,0.0712,-0.66962953188905,-0.03503098766728895,-0.06251894365895048,-0.041536962305450474,0.02996798780546114,-0.17705557752843948,-0.01290919446119027,0.06910349756156534,-5.666925426289552e-05,0.08628714364386571,0.24000821758610089,-0.22418381950616595,0.24042891899789884,-0.030414852610742508,0.0
CLI01023,0,0.0165,-0.4638497636654457,-0.03420108808558616,-0.04577418181297726,0.00831200820102444,-0.04544074513192069,0.07626293734953506,0.050957003031192744,0.07587199827057015,-2.5911968853409744e-05,-0.0447506313355222,-0.21164980466259306,-0.41536899596550864,-1.0533145416164071,-0.00491554536260891,0.0
CLI01024,0,0.029,-0.5191101227073592,-0.020408559381535466,0.00751445095202851,-0.01809280949388902,0.07596852716130982,-0.13970751344078208,0.00923859060531606,-0.04711486144042438,-5.666925426289552e-05,-0.23293159931360935,-0.1248584714578596,-0.300594282393853,-0.2127530667871369,-0.008396590466156822,0.0
CLI01025,0,0.1549,0.26202639426146374,0.3963431988082969,0.03562190984481191,-0.02278505874146293,0.023532080782370367,0.3393848653680755,0.04692592818506046,-0.010820863784890195,-5.666925426289552e-05,-0.16428393504357094,-0.887529969784407,-0.4221845311434408,0.6236107928748333,0.06487010794743131,0.0
CLI01026,0,0.1021,-0.43483036495775595,-0.042341777348748486,-0.04029563253403644,-0.04904690677027582,-0.0661827692088192,0.38760094528168626,-0.2393608431047168,0.0019059505105734034,-5.666925426289552e-05,0.006564277679669086,-0.12508709538023732,-0.37768446426635277,0.7887092539223333,-0.0028378532688594694,0.0
CLI01027,0,0.1497,-0.8211274028839332,-0.13808794334107552,0.3270260640341512,-0.05065116224778686,0.07867475610204168,0.13542898932120767,0.07371713710861405,-0.021975096645033266,-5.666925426289552e-05,-0.2728740441369975,-0.0645054565877698,1.1961961844910114,-0.19186595337145443,-0.005778214142887013,0.0
CLI01028,0,0.0588,0.3229025137264404,-0.00895845929333394,0.005268285846957936,-0.043078420217190466,0.009543923571168357,-0.17443781918002246,-0.007852511064555466,0.023297689171877887,-5.666925426289552e-05,-0.27335168385400227,0.008875855149027077,-0.34931329638460373,-0.299731679987093,-0.004680459760286492,0.0
CLI01029,0,0.0331,-0.3559549219370681,-0.07469382132348378,0.013727352891446306,0.14188281705748532,-0.03964694611341718,0.22903370391260555,0.029848897450554038,0.12699980824490578,-2.5911968853409744e-05,0.195712144420955,-0.3089466591759026,-0.23313231970417933,-1.115148379130489,-0.002717531088942899,0.0
CLI01030,0,0.0878,0.40141211816098027,0.10987516456834649,-0.0374302252521459,-0.014325457345383546,-0.09471210965452204,-0.08175621235132832,0.10612392565456025,-0.02208107548296939,-5.666925426289552e-05,-0.00939269448237486,-0.22853611396313814,-0.29513101948900383,-0.19192363476484914,-0.0022166425875513214,0.0
CLI01031,0,0.0391,0.18438089779762626,-0.04069378230440798,0.06373223597106292,0.0193151674793574,-0.008806585254279868,-0.42600829887994957,0.015542423321020554,0.1728641585252291,-5.666925426289552e-05,-0.2557546987374391,-0.7747794791364495,-0.3903611683741347,0.22197379478216733,-0.002013873487273343,0.0
CLI01032,0,0.0752,0.2519038269252277,-0.16411543243841636,0.014972754834646117,-0.031366222162303135,0.022262197405586902,-0.13885858012475621,0.007612434317467969,-0.02235845073678445,-5.666925426289552e-05,-0.03499012197999682,-0.2765059068252119,-0.3356820142571565,0.18085773517775333,-0.002360549720366261,0.0
CLI01033,0,0.0539,0.22178595616160468,-0.1348245720526891,0.008251882728047751,-0.05987479516224971,0.01303427843419139,0.21025134398348966,-0.06165529385226876,-0.04780047376935244,-5.666925426289552e-05,0.03347152568324479,-0.7005234756239579,-0.21100783108997934,-0.15157935239374729,-0.002737647130146147,0.0
CLI01034,0,0.19,0.28148881701065365,0.08852354169676524,-0.0897271462064391,0.08171277525381816,-0.08051957716679012,0.5493072849487788,-0.1859679823575686,0.16145208167974634,-2.5176245964135975e-05,-0.20880357490314588,0.8253884607581861,-0.36096481120814533,-0.5245983974366968,-0.006161544447599568,0.0
CLI01035,0,0.016,-1.0992048828738452,-0.0786971467666686,-0.03956182501703865,-0.017646607352996304,0.32203876469011805,0.08678542734058252,-0.7770979701187423,-0.05535153017171883,-5.666925426289552e-05,-0.08744974134557774,0.26489657077294926,-0.5239490993734861,-0.13045268808171118,-0.0026130194826646117,0.0
CLI01036,0,0.103,0.2362448578799356,-0.10051330193912042,-0.053756357231287695,0.13752036611369398,-0.05781028596514677,0.23059398562186345,-0.044590125737864944,0.25044883617724056,-5.666925426289552e-05,-0.22417759626014952,0.12467380134108046,-0.4017541836506187,-0.2735762080939144,-0.0061712451522904985,0.0
CLI01037,0,0.0467,-0.3461560079504995,-0.1895434686608033,-0.04458882826041668,-0.07662043131526851,0.07722544215512239,0.10964863004109586,-0.0882733134839197,-0.04212198226741958,-5.666925426289552e-05,-0.25648327621496375,-0.11358461472799093,-0.3131459269737157,0.25685587984113445,-0.008788250467156058,0.0
CLI01038,0,0.3338,0.414807111488634,-0.05341518990854567,0.04182212386096564,0.06267189046231555,-0.024034455106328644,0.015820409677082755,-0.03588218521112848,0.1011697829902876,-5.666925426289552e-05,0.0884284301692805,0.7664261840792175,-0.37734682032791733,0.2917890647066885,-0.001909988063103512,0.0
CLI01039,0,0.0661,0.3366882683551404,0.003430593972464682,0.024633349554716556,-0.022853878540337613,-0.052305785228291074,-0.26107156280270516,-0.005023431275002312,-0.02420222975430462,-5.666925426289552e-05,0.0029249598850926333,-0.29493016070655315,-0.335462442986923,-0.037522851721925654,-0.0018994638187060508,0.0
CLI01040,0,0.2195,0.4223035830505274,-0.006639971893137779,-0.11510602061927229,-0.008762404492729223,0.026423568539285628,-0.22610125532205824,-0.13433674709488663,0.04054896536408197,-2.5176245964135975e-05,-0.3737908744253437,0.6094978267833178,0.10956025176243518,0.3731480924944714,-0.004285109638259305,0.0
CLI01041,0,0.1236,-0.7706527041600505,0.14714323247048858,-0.028012190939875177,-0.04097303267298966,-0.1181693362255498,-0.12411684399564751,-0.07746150645835535,-0.041318394951691956,-5.666925426289552e-05,-0.15586662391503353,0.6309498533906408,-0.32821564201177167,0.876839386074495,0.05247640152046174,0.0
CLI01042,0,0.1406,0.2749982706735348,-0.0850345154044464,0.0185383643066414,-0.0033108402884858288,-0.023076589250884343,0.2093948350274866,-0.013233823389556665,0.04178514973792263,-5.666925426289552e-05,0.02613998183645082,-0.23317001697097248,-0.32168021061137475,0.281316871208584,-0.0018145090226083173,0.0
CLI01043,0,0.3982,0.382190562560439,-0.030267332816141794,-0.024622035133859358,-0.004965601345557842,0.0164279191537073,0.28291562539941406,-0.019795523309479705,-0.025618845869101632,-2.5176245964135975e-05,-0.3068801236729193,0.923665089910861,0.08443801510433417,0.293657367642294,-0.0029553770555031107,0.0
CLI01044,0,0.0698,-0.5111191036542895,-0.13795894872826414,-0.039176908279949796,0.025910286483349327,0.08483059374279865,0.248056432712743,0.18186739606795677,0.01895216722400424,-5.666925426289552e-05,0.16695896385054265,-0.16019536736064646,-0.18869484448606205,-0.28407468421098864,-0.013348197400252932,0.0
CLI01045,0,0.1403,0.2743296680556616,0.11918232839255309,-0.006156017548073289,-0.0773483631281032,0.010277866705859577,-0.015312608910914755,0.08491360390528346,-0.10447379004028631,-2.5176245964135975e-05,-0.27976076080249906,1.245169025888225,-0.37399252853677445,-0.7040321141592304,-0.004666551351777853,0.0
CLI01046,1,0.8467,0.3444824121990503,-0.06363877824407849,-0.11381126113236462,0.06284360773123762,0.04673816657825767,0.43276999386935694,-0.21303464780206696,0.12984925289151944,-2.5176245964135975e-05,0.0008927295684888303,1.2696537358624413,1.1509952170442532,0.6451940337354723,-0.002919632647561867,0.0
CLI01047,1,0.7069,0.5929434582170285,0.22211956931421264,0.07514458066364975,-0.06904801271552749,0.048417474724147584,0.35471795639193754,-0.08451765969874038,-0.04773853358686189,-2.5176245964135975e-05,0.29008122548245846,0.93948389500044,-0.2596406124885243,0.801997732173961,-0.0023838491833093234,0.0
CLI01048,0,0.0067,-0.48199488734339024,-0.08871333868604135,0.07003521791725656,-0.045749385808281154,-0.08719196772807625,-0.5578959001135059,0.19498628476750612,-0.051779100626726145,-5.666925426289552e-05,0.06880905770742084,-1.5766645073656858,-0.2800848196950183,-0.180972442451948,-0.00277810252228019,0.0
CLI01049,0,0.1165,0.32828731817646334,-0.14726869887445004,0.0017004000315599928,0.0321394153896814,-0.03230811795525647,-0.10880205100634964,-0.13223039880742204,0.06614592137574697,-5.666925426289552e-05,-0.2584428221995465,0.17387262063526068,-0.3195393075985516,0.3532961349900678,-0.0017442603566862232,0.0
CLI01050,0,0.0321,-0.6202163058043805,-0.13087882686846522,0.015516536068634654,-0.09047882501585094,-0.12836674916149116,-0.12514074401220346,0.02317799461400297,-0.07112829196417216,-5.666925426289552e-05,0.044554984766227414,-0.5475343236612107,-0.23312717397264893,0.4423531748932671,-0.0037142111737738636,0.0
CLI01051,1,0.558,0.23283816170599816,-0.05900939383960725,-0.003589302579912767,0.07438982460761592,0.07465625901338029,0.11763360510092878,-0.005807643448712438,0.09286860643549256,-5.666925426289552e-05,0.1293840497140498,-0.006565450608227721,-0.12775194166380935,1.6991897586516058,-0.0038922424729824294,0.0
CLI01052,0,0.0182,-0.5895521177591183,-0.054380598264426344,-0.044178408990991444,-0.020864348545067798,0.08268904478814225,-0.1363350361196304,0.033594677131658986,-0.013345891421137564,-2.5911968853409744e-05,0.34401309837824967,-0.026027506954445542,-0.3224475892133272,-1.231796439937465,-0.03042445577387019,0.0
CLI01053,0,0.0566,-0.5522562282238395,0.37788162138016823,0.020994211277298717,-0.037401061772606305,0.1125238805150435,0.19167496522449926,-0.04557919950204625,-0.010272774650209522,-5.666925426289552e-05,-0.12240521865686484,-0.43479602073669826,-0.30923874818122804,-0.13495312862476677,0.11184006606079508,0.0
CLI01054,0,0.0418,-0.7421090073269191,-0.0752937546184125,0.010568287516750674,-0.031281011890144796,-0.11666806426691,0.07806343058283184,0.18131370287556395,-0.04776556795288685,-5.666925426289552e-05,0.02093844656291365,0.09874680149469803,-0.4126887542173978,-0.11438084555793869,-0.0013063288947787607,0.0
CLI01055,0,0.0123,0.2827050671277216,-0.20759706209307272,-0.030070864979338835,-0.04202775412617892,-0.05420042496983876,-0.15319974294414912,-0.5489942028317747,-0.03520026231319768,-5.666925426289552e-05,-0.1230734077272464,-0.3685855661695149,-0.35265055921013855,-0.7672862432589159,-0.002283947147478486,0.0
CLI01056,0,0.0536,-0.4096572936444461,0.04914014279639934,-0.07788249060155482,-0.020312601059868467,0.08225974669079109,-0.13340257491520477,-0.10804036038842824,-0.026140228640155857,-5.666925426289552e-05,0.04695882317792854,-0.116829807889146,-0.4673955249174455,0.2981819116832634,-0.00635063619339666,0.0
CLI01057,1,0.2573,0.28709656910410086,-0.1921136816406133,-0.037208780350482126,-0.021562401698991318,-0.036996847254989765,-0.15494160032203988,0.2757328889762019,-0.014209363070599798,-5.666925426289552e-05,0.9470306245630129,-0.1466108658487682,0.14613292609516362,-0.12886057943467974,-0.0021521505800545875,0.0
CLI01058,1,0.7491,0.4475688349451681,-0.014349274327245821,0.01010619457750411,0.06493155460001698,-0.022358192533394144,0.002371300431687369,0.0009139198526866285,0.08101570298412578,-5.666925426289552e-05,0.2253179698215961,0.17930558730477827,1.678266488188486,0.42404744545484085,-0.001843233559418143,0.0
CLI01059,1,0.7544,0.3727673524897936,-0.014716637299486577,-0.04442020594062073,1.26067424223401,0.01697334482884486,0.2103386742083471,0.2212651367881188,0.6296627607895434,-5.666925426289552e-05,0.18633739693569318,0.19919999834642907,-0.333202206312241,0.4121919715703339,-0.013341679319531102,0.0
CLI01060,0,0.0432,-0.46776165779775636,-0.07217877428273424,-0.053343984619598654,0.1752938873265258,0.08986338320853532,0.2948414978595204,-0.5495787422310213,0.16022116930442473,-5.666925426289552e-05,-0.2976776735560079,-0.07227644673250772,-0.08739627993827898,-0.23336869518743827,-0.0029165833180545943,0.0
CLI01061,0,0.0946,-0.635798589907398,-0.016781418116969867,-0.06894934624270467,0.0358908857092384,0.025751059263545782,0.28417489502237925,-0.12990077219190516,0.09598528819564045,-5.666925426289552e-05,0.07014612021541898,0.2374813760075664,-0.38429080338314925,0.2390215676213594,-0.030188119755367924,0.0
CLI01062,0,0.2162,-0.7868104532478984,-0.021112444886254068,-0.0022000497168727312,-0.07870653296382574,-0.1123075161546215,0.3028220745260517,-0.17050005080025601,-0.002426405782332279,-2.5176245964135975e-05,0.377276917242718,0.6177759338460254,-0.18355688465239975,0.7557348219729454,-0.002669206382243693,0.0
CLI01063,0,0.0308,0.307680831804249,0.07158877924813849,-0.026792993681201648,0.02947194230365937,0.006369224456053557,0.39905237811945676,-0.12052978645598902,-0.006964665314130244,-5.666925426289552e-05,-0.23662648754914256,-1.7154752948446108,-0.3222196754786643,0.15399285057864934,-0.005994411933539254,0.0
CLI01064,0,0.0521,0.25823600843842626,-0.05374069097501029,-0.030636708852573958,-0.01492744302876228,0.02542524021654449,-0.11113202430688807,-0.026975739577621696,0.02485907548051271,-5.666925426289552e-05,-0.0598147399079736,-0.5182402921338104,-0.2758515657545007,-0.1338136029406582,-0.003637666630060089,0.0
CLI01065,0,0.0112,-0.5534198614579919,-0.11035844537369968,0.09860241880763873,-0.03140193495391899,0.0583633766050849,-0.15246842151292936,0.11098438304099499,-0.02627798538649127,-2.5911968853409744e-05,-0.30979708573614645,-0.6156943826924688,0.10262428156948825,-1.0599157757439097,-0.009419707461546018,0.0
CLI01066,1,0.8144,0.41499636911620724,-0.13946855373299477,-0.027609698636317702,-0.02842179875737389,0.004981803863378113,0.11521918785807915,-0.06808379321347,-0.023251139763733376,-5.666925426289552e-05,-0.04827017021506899,0.04348046675628521,3.1873960315646768,0.03162992740956545,-0.002252714714339612,0.0
CLI01067,0,0.0199,0.26707216668650957,-0.17145088793075763,-0.029344297614330616,-0.09894876418181353,0.01489695494098483,0.21133734330906415,-0.006193889156666593,-0.0679907025926578,-5.666925426289552e-05,0.019370852328134524,-1.446974304760817,-0.4021237024818437,-0.20052625665517312,-0.0036610142792542597,0.0
CLI01068,0,0.0141,0.17539928985589054,-0.12040428067074437,0.043887892869229936,-0.07704737972786552,-0.004552999744996107,-0.1059725353603422,0.22279198444333623,-0.051078625398632505,-5.666925426289552e-05,-0.20517019730397465,-1.8882868535104915,-0.4015311534933843,0.15910152299572417,-0.011116924053845314,0.0
CLI01069,0,0.0922,0.14725609372740142,0.08208965541516225,0.009877092737144294,-0.02734480751803747,0.05392067609506395,-0.10568458799271181,-0.0162488279072149,-0.01650716447435022,-5.666925426289552e-05,-0.21678718452815335,-0.14760184708330287,-0.1838396070371076,0.12021500477910844,-0.004741179595142606,0.0
CLI01070,0,0.1263,0.23662748003059006,-0.07321347490960685,-0.019543627152585695,-0.1322626060123817,-0.0073482072982404695,-0.46449039942039655,-0.05797787565717208,0.054431940598322334,-5.666925426289552e-05,-0.09015376109328113,-0.44253737730916565,0.8621688984174332,0.1841630498071547,-0.002240193486612704,0.0
CLI01071,1,0.6515,0.3312345774384814,0.05421583192573103,-0.10221737924752747,-0.022809864824938377,0.10695291700707645,-0.3032740112900008,0.32746204634489734,-0.03155313930016083,-2.5176245964135975e-05,0.26354979712727666,1.2832687050492777,0.4108141736119409,0.29107168287294233,-0.0017495782054001356,0.0
CLI01072,0,0.1763,0.3589690264411371,-0.14744004228701435,0.01785625990834099,-0.00024036868593528126,-0.029135691175844865,0.2709356951588926,-0.04000772231046615,0.048383218605944016,-5.666925426289552e-05,-0.2584349048083026,0.06508662208371177,-0.08551171535345473,0.2412364001743073,-0.0023634061080942824,0.0
CLI01073,1,0.5446,0.3920058001895747,0.13006268816166214,-0.04268722007513472,0.020520997489383457,-0.047269456154285315,-0.0772709949276867,0.21567402676840486,0.07903013624337586,-5.666925426289552e-05,0.016499013077132793,0.4102415547630699,0.10735302607209049,0.958258875265656,-0.002353154167829764,0.0
CLI01074,0,0.1104,-0.6302541501378313,-0.13471620130209933,-0.06731189336681197,0.14611379164320146,-0.11522594064460091,0.1774012997160541,-0.08031614159528506,0.22405124713905508,-2.5176245964135975e-05,0.05424668638695506,0.8851151604198084,-0.08021333895670288,-0.4657146400028666,-0.0185160450619953,0.0
CLI01075,0,0.0193,0.20980778036579573,-0.12394645626275068,-0.02826369290100368,-0.07374872724508044,0.018089965997797948,-0.09242312749875367,0.014076904055376122,-0.05754162215084473,-5.666925426289552e-05,0.018827982233256334,-1.423812507939397,-0.26152905227254275,-0.14451996619055926,-0.0036631568062240323,0.0
CLI01076,1,0.822,0.3680280011524649,-0.03242868948374143,-0.024436540169398672,0.018377628144911222,0.011596535601555805,-0.21977318185138167,0.9332307370901454,0.033730722593896756,-2.5176245964135975e-05,-0.017310657826321876,2.0889062618281673,-0.0021728387802854962,0.36519115274051284,-0.01188702148077191,0.0
CLI01077,1,0.7061,-0.4869048174491528,0.0776204604103052,0.31277739865091736,-0.029028043166630324,0.11268594015042352,-0.11177416669121293,0.21028412809028463,-0.0305741731992715,-5.666925426289552e-05,0.7705623925615165,-0.09395917053345272,2.27685926255917,-0.1396448872221854,-0.011173112667457063,0.0
CLI01078,0,0.0463,0.30383083858510673,-0.014929196046098048,-0.038802856625486166,-0.0035349640303933053,0.028069161551434067,-0.6440753340168484,0.11032149933492996,-0.011330010289130023,-5.666925426289552e-05,0.1560093582551862,-0.1762127495790586,-0.4586552191375822,-0.28125889846223817,-0.013188511268663782,0.0
CLI01079,0,0.014,-0.6525157228317312,-0.0072431890292290885,0.023407241338792815,-0.017762645213295136,-0.14273147673161563,0.11531495091680108,0.020592775078045106,0.001653135454495759,-2.5911968853409744e-05,-0.0031341470883205413,-0.13256015482005476,-0.2100038102596399,-1.2654151705468466,-0.0019264234120973805,0.0
CLI01080,0,0.0935,-0.6012618571496222,-0.1170282817795439,0.011637714158815166,-0.05893005621759084,0.09285645679419557,0.2524789567801949,-0.024852957931584645,-0.04299830989753166,-5.666925426289552e-05,0.017677549962771332,0.158797005800291,-0.2885657273154457,0.3148521568069505,-0.005540889379657594,0.0
CLI01081,0,0.0456,0.21533581815329284,-0.10159479108166282,-0.0386789278913324,-0.10011604565657611,0.020825221987712934,-0.15036631151452937,-0.0066220046239100026,-0.14124116549780466,-5.666925426289552e-05,0.03633631493675817,-0.17870826830755873,-0.38508082750343364,-0.22626347721374943,-0.0036590537526900993,0.0
CLI01082,1,0.4531,0.3775779280052778,0.18815730824598376,0.006798511046403168,-0.006939176171098518,0.0298646154518159,-0.06355528350986213,-0.09518436693532989,-0.00928821329247415,-5.666925426289552e-05,-0.19586757945800953,0.34695790496634715,0.10474387977618628,1.1145728530414314,-0.004871917662723303,0.0
CLI01083,0,0.0553,-0.4657112165082463,-0.042323890382592357,-0.06839524908497076,-0.0473306554439685,-0.10794113770486793,-0.09183012872663085,0.17550692513168975,-0.046910465492145864,-5.666925426289552e-05,-0.04437364594449666,-0.07057135423307637,-0.32740674360578814,0.28234494860010584,-0.0026490417981882334,0.0
CLI01084,0,0.0098,-0.6304902304497373,-0.27192044403156274,0.028043143455708002,-0.033397668486281326,-0.08629532858791514,-0.13160384553005242,-0.09318446445782698,-0.06397124121223045,-2.5911968853409744e-05,-0.015167062679754224,0.03211735165433402,-0.15273983807010402,-1.217199073138128,-0.0012561421499842694,0.0
CLI01085,0,0.1573,0.27227407015432226,-0.12888766439883387,0.018594425623176383,-0.053864020975003625,0.0040855538257959,0.24190129552712822,0.10383878963749074,-0.04224019547246951,-5.666925426289552e-05,-0.2328844045951189,0.20107654896117969,-0.3844863024681341,0.30782238678329027,-0.00476813734941028,0.0
CLI01086,1,0.9546,0.5313147022252986,0.323246079436668,-0.034382850479346846,-0.024668619141837832,0.03268928727331107,0.10381202550910265,-0.19236373039909896,-0.01706114199125719,-5.666925426289552e-05,0.49223611282107926,0.0014300340430470706,3.726604089472789,0.053146612343054525,0.03208762672604231,0.0
CLI01087,0,0.0768,0.32974994301481586,-0.12604516928466786,0.007674415776013614,0.04432748577142139,-0.03464465348518551,-0.21450425597335437,-0.1300374377676183,0.07607385146809796,-5.666925426289552e-05,0.06170401388275169,0.061983760080551446,-0.41335051525971556,-0.16659976575183338,-0.0017203622212785805,0.0
CLI01088,0,0.1646,-0.8051263690273462,-0.008707716279228148,-0.07703157437167303,-0.02805149128140361,0.09918868293412744,-0.26978015323545856,-0.018382437424362873,-0.010503740694805754,-2.5176245964135975e-05,0.11817301169708885,0.7658191737626533,-0.2649510400688412,0.8905835494108133,-0.034077898931591216,0.0
CLI01089,1,0.5533,0.22267526233114185,0.1327118453512383,-0.04077549833264753,0.29249016546786893,-0.0412727678451304,0.4721171453058983,-0.07159083833664424,0.657962513242257,-5.666925426289552e-05,0.04418568079182381,0.18910896022722926,-0.042615353314215815,0.38382124655129557,-0.0035076204224456942,0.0
CLI01090,0,0.0317,-0.862914083004524,0.34669610481861,0.02328640279835834,-0.030760037778077922,-0.09093814229701408,-0.1442344449255054,-0.03442069027347261,-0.02108234190358694,-5.666925426289552e-05,-0.13271532255497387,-0.1140447727170381,-0.21261722611892164,-0.1605090559485769,-0.004056114410353267,0.0
CLI01091,1,0.4017,0.3817300768104694,-0.004442421053463527,0.017948914718374058,0.07594032601185972,-0.03434879053216644,-0.12393242134341324,-0.026627723086056116,0.10767038347521894,-5.666925426289552e-05,0.033733413416844826,-0.05969386266953941,-0.13565186691088918,1.3527568876959375,-0.002147508735641136,0.0
CLI01092,0,0.0455,0.3536216487893439,-0.07768296200047563,-0.031034818649968224,0.06990491916272998,-0.047984277115781036,0.33963566116437977,-0.06756307748777544,0.19962780400169577,-2.5911968853409744e-05,0.0045133528738321915,0.07952711779879612,-0.45195061585049806,-1.4292659398320466,-0.0037099236337230453,0.0
CLI01093,0,0.2148,0.3696194317395016,0.014082023047397434,0.069431013999345,-0.012423180419712455,0.01839341905071279,0.163006859715858,0.008344096900487624,0.037542434815431236,-5.666925426289552e-05,0.06426024276702508,0.5402557987507269,-0.391777108484933,-0.19325586519677812,-0.002464126804086964,0.0
CLI01094,0,0.0508,0.27082407052751717,-0.021058074100954123,-0.03415023202612737,-0.005446220636818776,0.056496485630177416,-0.26224713954021134,0.021517031361516163,-0.01439063899458063,-5.666925426289552e-05,-0.2405748428505988,-0.09936981594772258,-0.44395454798038403,-0.1683251737249244,-0.005929674961824665,0.0
CLI01095,0,0.0573,0.13208206322847213,0.1316671206075288,-0.036179021740395,-0.03540043412633481,-0.04606785727290297,-0.23547474116566608,0.02988548621651117,0.002788438521050742,-5.666925426289552e-05,-0.0565642826198986,-0.818519050243955,-0.5195764554365994,0.6351538140329113,-0.0033790567178073254,0.0
CLI01096,0,0.1774,0.4423230451220144,-0.16284623121923625,-0.1107650409923411,-0.08745754790836306,-0.03286874334251268,0.24085639488445698,-0.5927494275998161,-0.06885458305663573,-5.666925426289552e-05,-0.4703981354765817,0.5831177617663674,0.42846902270259757,0.28038066297642367,-0.00231482960237576,0.0
CLI01097,0,0.299,0.45520162939777115,-0.1912461577604,-0.003559756686882896,-0.0031175149721799377,-0.019896412518785066,0.3600008902007008,-0.03503683805047909,-0.04158167152459114,-5.666925426289552e-05,0.05474659260043716,0.6998103227777585,-0.3670725035983786,0.2231485474730699,-0.0021927136987843466,0.0
CLI01098,0,0.0314,-0.6993270194459638,-0.06548535066878343,-0.0650251537488855,-0.056154948548746565,-0.1110027738211456,-0.13392128646031273,-0.2221113964719337,-0.06517652035890231,-2.5176245964135975e-05,0.23488278982875455,0.5826205389812738,-0.5209766137608843,-0.32458123860641447,-0.002653261392385258,0.0
CLI01099,0,0.0868,0.2715591366799877,-0.17043965454577376,-0.03827160160326065,-0.05991536717620717,0.01909149100119441,0.2255818889146501,-0.021491052582140277,-0.0370336844097562,-5.666925426289552e-05,0.04308991020673122,-0.5794222314054852,0.15901177169313446,-0.18042355156888967,-0.0036402940649246872,0.0
CLI01100,0,0.0411,0.27962249883916057,-0.19979740464717494,-0.010624145324876343,-0.07181072992440567,-0.032350683783446486,0.21052479783746472,-0.10370247923037415,-0.04873747713745956,-5.666925426289552e-05,-0.3107430275330874,-0.2278202805166255,-0.3610399031657611,-0.2896059963850507,-0.0019238753062869524,0.0
CLI01101,0,0.1265,-1.0193491368046848,0.022018690905426717,0.18600814915899186,-0.013345983653613462,0.08499886599830023,0.1955785052615613,0.1627387420821002,0.043380287888736324,-5.666925426289552e-05,0.004819852724631468,0.5738340353164365,-0.3471223056864112,0.16895098738780595,-0.013130383250118048,0.0
CLI01102,0,0.1897,-0.3319892827571061,0.012316899692839042,-0.06501307941782948,-0.018303720874663917,-0.006175928082573687,-0.3054643845952622,-0.033040795676133924,0.021538118209249515,-5.666925426289552e-05,-0.00870987542114767,-0.03828143535892693,0.8637269338338267,0.4447584967037461,-0.0063045708817148945,0.0
CLI01103,0,0.1041,-0.7340870112530006,-0.011076375824735734,-0.0010711788254219906,0.11396703512524668,-0.017900458924187054,-0.28725324912382727,-0.009155363065146662,0.2369085385970972,-5.666925426289552e-05,-0.02141784160344486,0.12407713055625731,-0.22484195981662522,0.6631710995192431,-0.0030276015784097524,0.0
CLI01104,0,0.0454,-0.6341940523374313,-0.02167112135860438,0.009244295264202604,0.01629218043628015,0.0928194958352162,-0.14361494218008772,-0.017966471584295686,0.03668884837653943,-5.666925426289552e-05,0.09776831240361579,-0.16570377802785696,-0.16426992271226729,-0.1644975266222552,-0.006124185789942382,0.0
CLI01105,0,0.0176,0.2578157244835693,-0.10366669775261059,-0.0691371804108807,-0.019922207906219333,-0.019832909324879626,-0.648897230748375,-0.040931291315559344,-0.020066130104846768,-2.5911968853409744e-05,-0.3344290592577308,-0.07261713917372462,0.1406263644583754,-1.1038441442188063,-0.004400826843870409,0.0
CLI01106,0,0.0313,0.19389062343779354,-0.11053835890776323,-0.03224627487023563,-0.018405523656259536,-0.0010947220803854047,-0.12180393106185118,-0.03266457587179816,-0.01329857090933898,-5.666925426289552e-05,-0.23596850699554753,-0.6293560184006549,-0.2977740070917043,-0.14532168755532485,-0.00604355267038758,0.0
CLI01107,0,0.2299,-0.7392801452445604,-0.08311983668812213,-0.006477320471512631,0.0071717359282469995,-0.10749885605405099,0.30396339900214114,-0.006260231106209156,-0.024987546471183945,-5.666925426289552e-05,0.059663089704932254,-0.011790351145872395,0.9780289411513481,0.4058971381952328,-0.0026193786867225364,0.0
CLI01108,0,0.0561,-0.7236352185837575,-0.29387341471686645,-0.011521670388926524,0.014209878490030824,0.07682078570414444,0.2753183412427161,-0.03390868255782796,0.009134740456282604,-2.5176245964135975e-05,-0.19377340588762412,0.6195616404023655,-0.2198831033298586,-0.3532101929234083,-0.007621236911142436,0.0
CLI01109,1,0.6074,0.5124197262586552,0.2601645692910795,0.27243981584162585,0.024322413302735848,-0.009829128815890589,0.3401905502106321,0.062123118234753735,-0.028461519263735278,-5.666925426289552e-05,0.048172011403763496,1.0236434477804697,-0.38957664143067283,0.30408780608490765,-0.0018792511073869372,0.0
CLI01110,0,0.0592,-0.37012018535172647,0.07072302982186038,-0.028567636040630996,-0.014618168357050787,0.022388607078829538,-0.2354028506089608,0.07778207488329565,0.09139897784984088,-5.666925426289552e-05,0.0707809791595165,-0.4799227484776108,-0.24710117243500346,0.2637961849664207,-0.00648398955502848,0.0
CLI01111,0,0.0748,0.38121116697127033,-0.10683376953339775,-0.09721974256762625,-0.041247263312560956,-0.05467024714327375,-0.6121728788132644,-0.2731929778450632,-0.03351007553913431,-2.5176245964135975e-05,-0.19483307716496379,0.9506149746145585,-0.20892568564243227,-0.23740428599212016,-0.006240037490736237,0.0
CLI01112,0,0.0181,0.04387931996592316,-0.12792026683082702,-0.08497051977166062,-0.006381240210057807,-0.03386572378362052,-0.2742248675376092,-0.8387955215583406,-0.044038370737939314,-2.517624596413597e-05,-0.3684485486679795,-0.11270894217033402,-0.39580014267677965,0.23253242138943855,-0.002119921693127084,0.0
CLI01113,0,0.0576,0.34255467615093954,0.13726780327775956,-0.006209506990230392,-0.15666458948784995,0.014465616561314329,0.11980619623291376,-0.08151350295880061,-0.16148207851223034,-5.666925426289552e-05,-0.0007394395141012355,-0.5832495572325935,-0.22640269483734915,-0.2096267301824586,-0.002716998602194088,0.0
CLI01114,0,0.2445,0.37634451382786444,0.062291298426055,0.028028247089461684,-0.05632212229300043,-0.0952323504295484,0.3806116432737924,-0.005004251896298099,-0.04419408664857131,-5.666925426289552e-05,0.00351763814563807,-0.2133070532761055,-0.21133440935248107,0.6302874578730485,-0.0023644694303570383,0.0
CLI01115,0,0.1309,0.2274984391443047,-0.1734693667622554,-0.005203702090034679,0.12972606323265376,-0.01926245018085304,0.3044096846313906,-0.008901567826369155,0.1460060178027648,-5.666925426289552e-05,0.34902324866335815,-0.7538080807306822,0.15228756799661677,-0.25774982502232513,-0.0018911805869364952,0.0
CLI01116,0,0.1329,0.3233609212977788,-0.1578015239433516,0.14078784408943207,-0.0708289014515773,0.05657589843966824,0.2296944813864958,-0.015763227999305574,-0.058353087447640554,-5.666925426289552e-05,-0.3083719890756611,0.19100343217996354,-0.374826604740346,0.15180837300895436,-0.0019474852054248814,0.0
CLI01117,0,0.0134,-0.29762199707557907,-0.05421147452010154,-0.050923563369541444,-0.030193014497217455,0.09862514367546886,-0.21401099987618455,-0.10687166872148125,-0.03096697194095752,-2.5911968853409744e-05,0.04848452812303072,-0.038017671022844285,-0.43430063733009855,-1.2038332342201115,-0.006367491729994885,0.0
CLI01118,1,0.683,0.6357009634918376,0.24122066266416384,0.07772996670737861,0.043262254314346785,1.606736682956447,-0.17700918332551546,0.059535132934531665,0.04661428950889582,-5.666925426289552e-05,0.6330480777902873,-0.16129767470456846,-0.12144143660044558,-0.13330458352455765,-0.001937818471304104,0.0
CLI01119,0,0.3932,0.32093241499209485,-0.05842804280422975,-0.06866134332602253,-0.13733849631327366,0.024120804404809813,0.2983349509891864,-0.06956425388791872,-0.1681652509583138,-5.666925426289552e-05,-0.1096362773864294,-0.17285845649821238,1.3096905888840635,0.38277693185445144,-0.0038645817569396787,0.0
CLI01120,0,0.0295,-0.7756103129115217,-0.05584560234647298,-0.08079413005840072,-0.029894397004692323,0.08567207902324785,-0.10009996171730037,-0.22539818099104317,-0.02827975916357915,-5.666925426289552e-05,0.00519712649089321,0.4059157571985172,-0.49859328880258785,-0.20837847123068692,-0.0057245484823449785,0.0
CLI01121,0,0.0427,-0.5626576419837019,0.01494112586263695,0.11141602743598569,-0.00472559871590928,-0.07329756861315669,-0.1717615941568553,0.1368218215030846,-0.02555490769140061,-5.666925426289552e-05,-0.018002785642198937,-0.01694128327166066,-0.26551041843775947,-0.25098618491605584,-0.0011714419074506967,0.0
CLI01122,0,0.0409,-0.6402614773367319,-0.02670931065197651,-0.023156463559254818,0.01114626049598095,-0.11094459945355656,0.16884776110948377,-0.12472674491279226,-0.0012401786780650071,-2.5911968853409744e-05,-0.21155762784721965,0.1378616438805188,1.1028696448477175,-1.4541212670148485,-0.00241253345490936,0.0
CLI01123,0,0.0652,-0.43606819369077177,-0.0527800963296656,0.01905845510014566,0.014287098745585548,0.009938331846475112,-0.21271919256981497,-0.004409456846845938,0.005086253220686198,-5.666925426289552e-05,-0.25147984094609355,0.07352465904265792,-0.28544569210295523,0.4467591547128972,-0.007539051805104158,0.0
CLI01124,0,0.1185,-0.7399222807745139,-0.02159633201607538,0.01394512269539372,0.031590784621364595,0.09186603185776292,-0.10280339067104337,0.012892398686498767,0.14166477688949092,-5.666925426289552e-05,0.10607399818450199,0.5874104530995917,-0.3418299465630512,0.2006080197054431,-0.005260487494140903,0.0
CLI01125,0,0.1963,0.37808509369273563,0.03886480115175228,-0.043437511966347035,-0.05453050684320357,0.025465607269067807,0.27450257150286184,-0.053476240236060325,-0.04703259982198267,-5.666925426289552e-05,-0.24182370236834205,0.12972336711060364,-0.15939062598198148,0.3305428703488187,-0.006071037929311899,0.0
CLI01126,0,0.2153,0.31359684045550396,0.052862382209563734,-0.07718461824044576,0.06087569101217349,-0.0038015024083351587,0.24819080119408407,-0.05497044944815244,0.036635511749889924,-5.666925426289552e-05,-0.2800353873477535,-0.37745843174903215,0.25737893397105116,0.5163648092040963,-0.004376467137953574,0.0
CLI01127,0,0.0698,0.22026775465900655,-0.09262523350244367,0.008222000267289939,-0.02464695668311086,0.01865947246003636,-0.09620833776032002,0.03119960200988228,-0.03959061002362468,-5.666925426289552e-05,0.005760967068161615,0.031896572393367184,-0.4629759685878524,-0.20619534610988663,-0.002425048559635044,0.0
CLI01128,0,0.0353,0.2542630330626221,-0.05535194498028176,0.011770566192884635,0.05789282783224457,0.007479409966841719,-0.3129969765024157,0.10892054844841897,0.11377389703164684,-1.6163270081987056e-05,0.056009769354348274,0.4099616131975104,-0.3244205457180258,-1.6517919348460932,-0.0024816114351697977,0.0
CLI01129,0,0.1341,0.2689021314531803,-0.1160382176179833,0.13875374513273522,-0.05394319248443647,0.003700026314572669,0.1881961786992149,0.20860911578855829,-0.03081382192236001,-5.666925426289552e-05,-0.20067411910193014,0.18399713501750042,-0.4525260770494675,-0.009702144934267128,-0.011991213644305759,0.0
CLI01130,0,0.0078,-0.5714090575709397,-0.08582117920209047,-0.04425604941090587,-0.06520804413951896,0.057792172189427796,-0.7210254477259539,-0.6947146978924695,0.0446203044378092,-5.666925426289552e-05,-0.331532873269188,-0.6830004309476747,-0.29472554763074527,0.5301685093788848,-0.004231150636022844,0.0
CLI01131,1,0.429,0.2996073729830713,-0.0841417400998588,-0.006120828496238767,0.13395575065798515,0.036113575643051204,0.46468296310073953,-0.031038227814304684,0.20340484841418205,-5.666925426289552e-05,0.07340413955697453,0.29955513523298094,-0.05973360208767292,0.36758985021412427,-0.002014100385986476,0.0
CLI01132,0,0.3043,0.2557319509010978,-0.037279500357796445,-0.013125638511645544,-0.1094238139739611,-0.028039422635829783,-0.5308958943085046,0.0232252362120684,0.10689547542077915,-5.666925426289552e-05,-0.15915988640189713,-0.09800675396722534,1.5570089720095324,0.19065590599466295,-0.003006270263667119,0.0
CLI01133,0,0.021,0.28073203818146947,-0.01147346198028605,-0.03208315269127261,-0.00987604806642933,-0.008680753511317404,-0.16715511889104528,-0.04467309297685279,-0.013079678463974804,-2.5911968853409744e-05,-0.26503394574828026,-0.12597500546909213,-0.2944199404055884,-1.1643132811907373,-0.0059870195387469625,0.0
CLI01134,0,0.0299,-0.3251319877895924,0.02130246575916608,0.06808349267675325,-0.08043866880445308,0.04450144313245668,0.14485350603574745,0.19612856119905037,-0.062467563012186186,-5.666925426289552e-05,0.32219733123922,-1.5673796919680674,-0.04788442440740255,-0.2043453144183344,-0.00844123031883526,0.0
CLI01135,0,0.0791,0.21421805828536328,-0.16812812485397471,0.018428684540818814,-0.0023439392234986547,-0.008727855962861958,-0.31928485015021957,-0.05669443603981726,0.15246991844379432,-5.666925426289552e-05,0.28599539199924734,-0.8815798987068061,-0.2382390453763948,0.5341501164055815,-0.003134623133640273,0.0
CLI01136,0,0.0784,-0.7374989664096183,-0.010175217426293414,-0.06123099773865756,-0.022012382095607633,-0.12340895714427688,-0.3078302826698902,0.16839878804384242,-0.04374277962619495,-5.666925426289552e-05,-0.35077249241015807,-0.06078139780421388,0.9912113531880825,0.07794187567148905,-0.002503084696292462,0.0
CLI01137,0,0.2394,0.24737408308895076,0.04172758548270714,-0.019911967229622463,0.018587861211865564,-0.05457335307921438,-0.29430727556744846,-0.125177669268238,0.07021560164481762,-2.5176245964135975e-05,0.06823991908044716,1.4014232106431053,-0.35846153979802897,-0.1679675456321702,-0.001657215156919816,0.0
CLI01138,0,0.3753,0.4310955257703701,0.38018150428477404,-0.047846386358113537,0.05734917305165795,0.017617298934898846,0.28647583963928636,0.14601593174265948,0.04885070875633752,-5.666925426289552e-05,0.24585181600464434,-0.0322773959611959,-0.3498817914290203,0.3015367079481007,-0.013374656597816323,0.0
CLI01139,1,0.7331,0.3268540953643344,-0.14661135197209257,-0.010181018899972681,0.09156200933776888,0.05541704716260732,0.5221611458820817,0.33325276878020066,0.0361046294455988,-5.666925426289552e-05,0.5441126432351813,0.12105841410948685,0.46365231356405057,0.6565258278444934,-0.002033362352053506,0.0
CLI01140,0,0.0231,-0.5224737228141697,-0.05126011209595637,-0.038025770917942424,-0.06479246650297538,-0.12897734580662676,-0.8474791259841005,-0.07441457443786613,-0.0654644389683236,-5.666925426289552e-05,0.054992209145830195,-0.15175478618695912,-0.20238199277563157,0.3327018593994864,-0.0036284241300508675,0.0
CLI01141,0,0.0583,0.17049174415059537,-0.029686577898285577,0.0007461149170515926,0.0808402884429994,0.0013264888027579589,0.17818508841359054,-0.0541894104561829,0.0633697731884397,-1.6163270081987056e-05,0.08101458110599755,0.6939407455988978,-0.3067876920715911,-1.6773971883749967,-0.0024622504267455955,0.0
CLI01142,0,0.0512,-0.335419606083929,-0.029959043386590545,0.027985583875754217,0.08660861534460107,-0.037966838513441965,-0.2307635870396091,-0.03281257998229537,0.14635760271244966,-5.666925426289552e-05,0.25668034687003677,-0.44433675459843386,-0.28357430910745196,-0.05900685219584862,-0.0024032751587489344,0.0
CLI01143,0,0.4132,0.41069626535260145,0.0044584576644162,-0.0239510356721206,-0.0050847923785757795,-0.04667304384377722,0.3201822459919462,0.03668833920498528,0.10942313739383865,-5.666925426289552e-05,0.4298497922716435,0.5965147788370065,-0.5156869432272497,0.3164134454282733,-0.0023553113243661066,0.0
CLI01144,0,0.0122,-0.13276910455996732,-0.07150174466308219,0.07480921531342459,-0.027241468376403302,-0.0173500371016073,0.30361567076162865,0.1711380669998236,0.0006164577051809036,-2.5911968853409744e-05,-0.2564134759239475,-1.457753565454102,-0.10383291720675364,-0.889462804799632,-0.010498397474741305,0.0
CLI01145,0,0.0416,-0.44589755539531245,0.002527329220685766,0.024338657801221186,-0.07936731920004227,0.09135965319121203,-0.06602114742583477,0.003974541063564526,-0.06551689126757838,-5.666925426289552e-05,-0.04087117317738143,-1.7176848919215477,0.948801625373606,0.19320071548230675,-0.0048044702225310465,0.0
CLI01146,0,0.0851,-0.7326147330587988,-0.4913387355645735,0.17629900183851865,-0.02594421149201121,-0.023422078734518792,-0.2853636180693945,0.12965012991555133,0.12077158616370723,-2.5176245964135975e-05,0.03359702452356031,0.7967824509669823,-0.5107939961696677,0.4242536664241793,-0.005271574752212595,0.0
CLI01147,1,0.3405,-0.4263589048964951,-0.02758374780452499,0.024349059040875597,0.15027956420916716,-0.030359507746632052,0.682303631898584,0.1223028462838258,0.12693089421103287,-5.666925426289552e-05,0.0698651184068129,-0.06154232858884019,-0.07763215984158661,0.7703101449661763,-0.0028355243237306745,0.0
CLI01148,0,0.0368,-0.5916145258004408,0.45055929317127263,0.024236395735901247,-0.05571666160963404,-0.1287748244302653,0.18801617417609387,0.007455638320784817,-0.05108033334160015,-5.666925426289552e-05,-0.12118611653025181,-0.11089805823770088,-0.39563288244391354,-0.5475124553882603,0.04992767716982745,0.0
CLI01149,0,0.0149,-0.6163174749494397,0.37908465594452495,-0.02342852069842492,-0.027032186176066498,-0.16494544021030788,-0.13970856945221008,-0.1471593745104325,-0.03270590998787459,-2.5911968853409744e-05,-0.13204363007757525,0.025747659770179437,-0.2503597464043727,-1.1314485613990724,0.052932475780592125,0.0
CLI01150,1,0.4231,-0.3811015546359747,0.025971464004423756,-0.0017306241116577404,0.05890295758838493,0.09589614903652273,-0.2302026153663566,-0.01386385329481582,0.086709179111419,-5.666925426289552e-05,0.06780487370015438,0.06359935001666361,1.4587923235197644,0.445446742612381,-0.005086244238858603,0.0
CLI01151,0,0.0105,-0.371808294445167,-0.06996381751108106,0.02264709972799677,0.014770344701661673,0.058977280534360146,0.13470574125686005,0.01239245301724932,-0.015149635274956531,-2.5911968853409744e-05,0.24183688821962915,-1.2527213348583617,-0.3127131671240337,-1.0179923702920477,-0.00522269913216291,0.0
CLI01152,0,0.0867,-0.4540921946662058,-0.09390488607771275,-0.02376081901726972,0.10856881604418697,-0.03195116783537987,0.39701387931174326,0.14880439558715647,0.14700061106809448,-5.666925426289552e-05,0.24212806403701478,-0.640670167825637,-0.32756173538373756,0.16772182898690866,-0.01255511645325673,0.0
CLI01153,0,0.1018,-0.5024210851573506,-0.013680649997225226,0.019372883742288058,0.0031453315935249825,-0.11550624727387657,-0.040566405743626466,-0.004978049586898612,0.04861517052828448,-5.666925426289552e-05,0.2335757244198654,-0.24074632720599579,-0.19713875475559048,0.6172230338314125,-0.0026294054184341407,0.0
CLI01154,0,0.0739,0.27415594202086824,-0.2598695961648789,-0.0027945039805859257,-0.05084258911150778,0.01684195934978324,0.1799175218424215,0.21948721545282576,-0.05422915460320613,-5.666925426289552e-05,0.08955489026026144,-0.02351762825912455,-0.5456748283139831,-0.3785607981858431,-0.011904189762697302,0.0
CLI01155,0,0.0271,-0.4656644055668143,-0.06326398283443589,0.012541968420522269,-0.042576298984214216,-0.11050437788940817,-0.09454233269269342,0.02136702782144423,-0.04573546386047886,-5.666925426289552e-05,0.06060962095623768,-0.49218552172290175,-0.2266810949011344,-0.15013207064056128,-0.0025089425104244147,0.0
CLI01156,0,0.1316,0.33015090326902813,0.0171827929552738,0.07582743595451244,-0.01659472872743285,-0.04952362443291124,-0.30817934161413196,-0.038672861090225594,-0.01571614664529192,-5.666925426289552e-05,-0.02949435957014904,-0.40962991582492275,-0.2737931821882784,0.814783593440045,-0.002089507438292667,0.0
CLI01157,0,0.0256,-0.3411668728698134,-0.01869374297783352,0.05019829720657701,0.09882919769190705,-0.007648616882925969,-0.643306428655278,0.11422600606219309,0.05569204920568782,-5.666925426289552e-05,0.0010171366270982066,-0.5523793978853432,-0.31437539143162324,-0.09497811961344407,-0.005413766117778402,0.0
CLI01158,0,0.117,-0.8624388621571584,-0.4105113913738293,-0.05699168617197053,-0.030394987455107467,0.10931909558341983,-0.10269829396877458,0.12853928004749407,-0.05465226439532726,-5.666925426289552e-05,0.046726233351184115,-0.02100302921519309,1.4405167466749453,-0.21420823846067735,-0.01240531864740708,0.0
CLI01159,1,0.9428,0.4701039596897146,0.13646906978699433,0.11952808992212556,-0.04684073148466908,0.020086427341356933,0.3181071130765147,0.3106372430561651,-0.012175932518757572,-2.5176245964135975e-05,0.28751772260266834,1.2158878707450382,1.645652860687585,0.3214463462074019,-0.0032157318040474956,0.0
CLI01160,0,0.0346,-0.5835590107461188,-0.07132843476558588,0.10845579690987765,-0.017237816587333806,0.08887871521508774,-0.13285436898458572,0.04467060962058542,-0.021672129752360453,-5.666925426289552e-05,0.0011994212045646046,-0.2067759039402966,-0.37338065212516425,-0.18011370322372644,-0.005135307421626609,0.0
CLI01161,0,0.0264,0.3522286415233187,0.3507185592951844,0.029077817403235978,-0.06569280796350907,-0.05713200036128161,-0.2403592979807563,-0.03417465517846071,-0.042028000653720726,-5.666925426289552e-05,-0.023065896208386363,-1.6082247813557047,-0.23078466959078067,-0.05412331271086612,-0.001955678106239606,0.0
CLI01162,1,0.8643,0.26909493100443144,-0.016065610337707807,-0.059615091435790184,0.08987781179015404,0.015625569122312673,0.2765044278714549,0.27507608469698236,0.07401146627075127,-5.666925426289552e-05,0.9381561086646807,-0.06904955742802713,1.71413944625258,0.3358339137825496,-0.010970246826414605,0.0
CLI01163,0,0.1018,-0.736025979492235,-0.2735986065056925,0.07830867168832382,-0.06075632283331528,0.08153740656031551,0.2537606623305007,0.019626695959773937,-0.032750307629653065,-2.5176245964135975e-05,0.052359879225731154,0.36220078883217927,-0.4031907822820858,0.46775649709339195,-0.005388492312438422,0.0
CLI01164,1,0.4523,0.39722626873994504,-0.056849764103821226,-0.04216333811473107,-0.052875343050327796,0.031302501154556885,0.4160626921821165,0.22542234455060187,-0.04825831427671481,-5.666925426289552e-05,0.07122618159423923,1.0164926882311613,-0.03949486170255539,-0.12594606941482517,-0.0021837306635351253,0.0
CLI01165,0,0.0891,-0.4691306614893294,-0.22311542643875254,-0.0253535702042067,0.1501908388164106,0.026665581826204,0.43646953485565104,-0.015641025583140348,0.218886560526102,-5.666925426289552e-05,0.04230429755417028,-0.5244617658633646,-0.2595309928589209,0.3025356731798858,-0.0034073792873577,0.0
CLI01166,0,0.0287,-0.596109103132225,-0.16522716312797076,0.11034768998551071,-0.04972161740682699,0.08736118845090327,0.1282886936412254,0.062278052944082674,-0.021275051336100366,-5.666925426289552e-05,-0.2540291950446595,-0.29026179598030166,-0.29950990039169656,-0.2460099010600508,-0.007630803474974687,0.0
CLI01167,0,0.0296,0.2104329492388277,-0.08516144532317411,-0.03597859574860952,-0.0939945809611882,0.0041558242243052695,-0.3286418302283308,0.0009582825354730085,-0.1288882820773044,-5.666925426289552e-05,-0.21579185777846857,-0.2992766855144578,-0.36272494788908655,-0.16830019691930428,-0.005883636330687372,0.0
CLI01168,0,0.0473,0.2074164518032211,-0.14888330590733612,0.020620086549050388,-0.054214383311039754,-0.03578108352539759,0.3234303728361286,-0.03143536284672621,-0.048328411966969374,-5.666925426289552e-05,-0.036004160694584425,-0.20317380263501858,-0.4396239107021184,-0.5727448279908508,-0.002393459375614356,0.0
CLI01169,0,0.0193,0.1990866894093162,-0.0621772487441627,-0.024575029993790763,-0.03409561285855473,0.016429385147564726,-0.373523619700853,0.012198553935637112,-0.027471742357844456,-5.666925426289552e-05,0.03304163523819505,-1.7220644823080977,-0.1344098030182206,0.1747786505884176,-0.0037555842652336503,0.0
CLI01170,1,0.4646,0.4579341412487811,0.2376139522429921,-0.04220521156700414,-0.027076070984558515,0.12011026021914346,-0.02107351558008076,0.32789643677660757,-0.02523651114119176,-5.666925426289552e-05,0.02717463781463281,0.022038232645387738,-0.1535748016891187,0.9181487919370546,-0.0023473421670728058,0.0
CLI01171,0,0.0338,-0.6800477191378677,0.0011754138890076487,-0.0010275864345858912,-0.019637695774896876,-0.12116397384974927,-0.15778884655486367,0.0013785265008357194,-0.038314693216657786,-5.666925426289552e-05,0.09204464063976457,0.05913691573703308,-0.2470546468210111,-0.25841377542817223,-0.001279151464309721,0.0
CLI01172,0,0.4326,0.45181349639288054,0.3364665727884528,-0.04224040187785305,-0.03167922785189525,-0.0959447517452249,-0.08019583870516964,0.22719451204795532,-0.023866856032473793,-5.666925426289552e-05,0.46555403305367543,0.2722067073494134,-0.04384082102282063,0.24227982322108735,0.03225924327625361,0.0
CLI01173,0,0.1182,0.2659966634223094,-0.17270423702388193,0.013251129307944259,-0.051979041335099244,-0.0066303255507793,-0.3353722714172285,0.0632073697964866,0.03430546103493606,-5.666925426289552e-05,-0.2255019316749331,0.09013454053700232,-0.32031915694887064,0.6224864223356223,-0.004774339292859292,0.0
CLI01174,1,0.8703,0.3289142135513331,-0.09153845047648818,-0.08512453535032727,-0.0038522316556776804,0.010794557406426058,0.2227111980867673,0.7311938587209612,0.032063030817852396,-2.5176245964135975e-05,0.06237944996899627,2.062897913027298,-0.2914282791093617,0.9187178988408314,-0.012438014908492558,0.0
CLI01175,1,0.6729,0.3772621848643257,-0.06220411305659972,0.04360188131171527,0.01196675775012528,-0.025236335292561016,0.31652152654221194,0.031366621739901235,-0.03967729287898271,-5.666925426289552e-05,0.01249576570544857,1.1509203082455253,-0.32238181310205816,1.2099123171689647,-0.002126512277249805,0.0
CLI01176,0,0.0171,-0.5122662874051525,-0.01729414119068162,0.00952918204437796,-0.058954050653291415,-0.08692345775158926,-0.8163035056805865,-0.07027878722080289,-0.06605051687834701,-5.666925426289552e-05,0.21854976023416042,0.06878312317730483,-0.3523604033669648,-0.38390351166479386,-0.002741073946189328,0.0
CLI01177,1,0.9601,0.29722695235242624,0.19735323895322288,0.09411495308815365,-0.06425203608454377,0.03621864767277863,-0.3455321125933715,0.6030141910531088,-0.0911698021720472,-2.5176245964135975e-05,0.3589810304249789,1.5203596092368652,2.048869811612538,0.5169452334608007,-0.00907922197646041,0.0
CLI01178,0,0.0572,-0.604991488896073,-0.13468563537849262,0.011421916423006764,-0.01873058246298611,0.08445719386282209,-0.13097158566131137,-0.00017115624259754893,0.029400510295057466,-5.666925426289552e-05,-0.2322165123256557,0.060668321370528924,-0.36515678472964797,0.48833837003242914,-0.007694964436872289,0.0
CLI01179,0,0.1675,0.2578951145592903,-0.16822611330586784,0.013985115943263906,0.009743887841486143,-0.024422289084655987,0.26586754545369656,-0.04783760574350649,-0.028012364025603538,-5.666925426289552e-05,0.22693611817629425,-0.26098044509997176,-0.41707141257626484,0.5519388589246564,-0.002114493605027649,0.0
CLI01180,0,0.0197,-0.7600827501732254,-0.14012234543223015,-0.03742168172827114,0.04933094104335239,-0.03944770525114387,0.44073335759236165,-0.0892198373158584,0.1332273831563394,-2.5911968853409744e-05,-0.04076749395101632,0.06410505585142434,-0.22748271278825036,-1.244789622299569,-0.03543138432982356,0.0
CLI01181,0,0.0324,0.09932336087553491,-0.03277123752338972,0.02315001396177586,-0.053220542330952546,-0.03659299456878426,-0.04688062323556928,-0.09352585254008196,0.03164330588277213,-5.666925426289552e-05,0.2747828905330614,-1.5774124360055661,-0.24314076926921516,0.24045843089951932,-0.0010174209964977491,0.0
CLI01182,0,0.0499,0.2211897049966639,-0.13436209434825921,-0.043756574888285694,-0.05074841868544085,-0.03878515582393405,-0.39153069285819536,0.05106998527679164,-0.04523924767340056,-5.666925426289552e-05,0.25856149772331877,0.015088163399640073,-0.5136723054337454,-0.2900622820021754,-0.002089896443442197,0.0
CLI01183,0,0.0556,-0.8072064893257996,-0.10042466051366881,-0.03252929555252419,-0.012216725633178273,0.09060722586624156,-0.14527115572597263,-0.1772602894239007,-0.01085332160960225,-5.666925426289552e-05,-0.025624190283261992,-0.2569963697827729,-0.18397333763786314,0.8308041731210527,-0.020825456607983617,0.0
CLI01184,0,0.0701,0.2925569803425974,-0.20002579400036707,-0.046426555555256904,-0.0632358150103141,0.023864413091614814,0.20348983644681587,-0.13893147016448332,-0.057398225240482506,-5.666925426289552e-05,0.036758817959243316,0.020996119561891055,-0.33028005071298067,-0.34153802540235423,-0.003083554301796154,0.0
CLI01185,0,0.0716,-1.05558286953439,-0.0623109479436037,-0.0720064306365105,0.05647380740086038,-0.06669712666822378,0.23002542114805113,0.05956006963486075,0.166700793280233,-5.666925426289552e-05,0.0377871692410367,0.43874561739189993,-0.5542743504616775,0.24571314287593465,-0.005832694042650653,0.0
CLI01186,0,0.0129,-0.6129167130574233,-0.1490212537742828,0.01390757207229355,0.0076449265877471815,-0.14665389432866766,-0.12485019809395055,0.0025660004152038406,0.05957477143999343,-2.5911968853409744e-05,0.054147337845505066,0.11015959491639847,-0.2980176580456475,-1.2705159893486906,-0.0024691404376715365,0.0
CLI01187,1,0.2399,0.26816293115844697,-0.11299185239891299,-0.03946183828733553,0.026199085042972907,0.0003998884838398395,0.29517331283440873,0.028034068237383355,-0.017449806620200636,-5.666925426289552e-05,0.6437805778002824,-0.2073169607500386,-0.4008345143226604,0.3481871639087007,-0.0038699932986272613,0.0
CLI01188,0,0.0279,0.16522489615225344,-0.05016959821164807,-0.07760248876003642,0.01522098003012361,0.006213796363239567,0.19063985672314515,-0.059059995141171294,-0.00731185035504715,-2.5911968853409744e-05,-0.19487474677612088,0.44117970596943545,-0.37326674991605113,-1.6197361913483646,-0.005953485813576304,0.0
CLI01189,0,0.068,-0.6003446974343564,0.00258540310624295,-0.06950577544339202,-0.04028372538051045,0.08489719688075868,-0.22330454351948723,-0.04040859979429737,-0.03628062918759504,-2.5176245964135975e-05,0.04082700241953016,0.28999503661573256,-0.24809117777598774,0.21051354977407294,-0.006529245431607442,0.0
CLI01190,0,0.0805,0.404420928221707,0.010251045484061399,-0.09184458723990103,-0.014958211164287655,0.02492085470218064,-0.26795175527538573,-0.04773352940402634,-0.030152370897426346,-2.517624596413597e-05,0.010518409796526119,0.155873608316341,-0.5369573281993785,-0.06760896331733275,-0.003659335373565311,0.0
CLI01191,0,0.0522,0.28411293936960036,0.6094191220151938,0.013618541799853435,-0.03863564731360882,0.02746687930920732,0.264430141222615,-0.09042456123012033,-0.025075025217482973,-5.666925426289552e-05,-0.08460039004682124,-1.61376716523277,-0.28894055518087886,-0.026326043821873535,0.05116133428192685,0.0
CLI01192,0,0.2914,0.35039728619273264,-0.05828274228762672,-0.0441669702730522,-0.06606232934867327,-0.02368529329193715,0.27083347869896934,-0.15578674208866336,-0.049265574295790614,-5.666925426289552e-05,-0.02864513289803053,0.18182069295398304,-0.10201043945125553,0.8199743028725881,-0.0026188181742185465,0.0
CLI01193,0,0.111,0.16628954541478275,-0.08185133525706845,0.01838740511046409,-0.020109075474163716,0.016118977124039494,-0.31101580609489154,-0.008642015653729424,-0.022401778271454495,-5.666925426289552e-05,-0.11440745181142031,-1.0258243989002,0.8785680670864944,0.40789733496539043,-0.002612529371076437,0.0
CLI01194,1,0.2373,0.32088538091324414,-0.06570967400578696,-0.01965920053750794,-0.059871755482579656,-0.024598310174674936,0.32754275147092693,-0.06966464607631806,-0.0426576222000345,-5.666925426289552e-05,0.2109879121922498,-0.26070649568410287,0.6928452253942694,-0.19376126839262173,-0.0017906099763341007,0.0
CLI01195,0,0.0654,-0.4609785450368661,0.005219949669196402,-0.04227451002689096,-0.048082650786695796,0.0818761778593731,0.07911478002995087,-0.04232918378911639,-0.04108338548731775,-5.666925426289552e-05,0.020929922020570948,0.07963333872109678,-0.18492224930127804,-0.11947078177191281,-0.006419495873409188,0.0
CLI01196,1,0.6047,-0.7890427468904404,0.034911292587015925,0.1363589494658609,0.022838327769799882,0.09119881321109607,0.36864913292760343,0.34103919187151743,0.022189080551752068,-5.666925426289552e-05,0.2641407007156514,0.6546350532008005,-0.1891876230454727,1.465241273459983,-0.01641652106094573,0.0
CLI01197,0,0.0586,-0.7689233140144893,0.3097114533623583,-0.1638506112512456,-0.01972561066835637,0.12816490585028883,-0.08162971885953653,-0.021947428178652223,-0.007025278670916187,-5.666925426289552e-05,0.10681012985484614,-0.009515930887536987,-0.29764957826530863,-0.08290853548668298,0.11390687856129252,0.0
CLI01198,0,0.1371,-1.0558872660221585,-0.013047381956429438,-0.11779633080542244,-0.1353342521170253,-0.10781039824659178,0.20383963400066632,-0.2446634088645619,-0.1387887530635986,-2.5176245964135975e-05,-0.009561036624096797,0.30489809783673305,1.058211963196818,0.40076710398586124,-0.002821959576241776,0.0
CLI01199,0,0.4275,0.4088152048692343,-0.07175388191149544,-0.07474358057574512,-0.07086391882938037,-0.02266147282095106,0.2543658807035957,-0.0830586332997742,-0.0681754977403429,-5.666925426289552e-05,-0.08780019943387954,-0.048156224575854875,1.6055935266096986,-0.04955319346068949,-0.0027972459823626143,0.0
