cliente_id,segmento,meses_cliente,qtd_produtos,retorno_12m_pct,freq_contato_mes,auc_milhoes,churn,assessor_id,risco_saida_assessor,prob_saida_assessor,auc_exposto,dias_desde_ultimo_contato,variacao_freq_contato_3m,tempo_resposta_medio_horas,qtd_emails_marketing_recebidos,sem_historico_12m,cliente_novo_sem_contato_hist
CLI00000,Alta Renda,130,7,6.95,2.6315789473684212,3.268,1,ADV0018,0,0.1071,0.35,37.8,-0.349,8.0,4,0,0
CLI00001,Wealth,12,6,19.12,2.0,47.588,0,ADV0048,0,0.1202,5.72,12.4,-0.036,11.3,3,0,0
CLI00002,Private,34,5,13.98,3.0,14.924,0,ADV0037,0,0.1863,2.78,3.5,0.356,16.4,2,0,0
CLI00003,Private,38,1,17.37,4.0,28.297,0,ADV0030,0,0.1175,3.325,1.3,0.124,21.0,5,0,0
CLI00004,Alta Renda,139,8,7.91,3.0,4.652,0,ADV0007,0,0.068,0.316,5.5,-0.291,2.0,3,0,0
CLI00005,Alta Renda,116,4,7.62,3.0,10.69,0,ADV0007,0,0.068,0.727,21.1,-0.02,21.1,4,0,0
CLI00006,Alta Renda,84,3,9.99,3.0,10.462,1,ADV0002,0,0.1022,1.069,9.5,-0.082,55.0,1,0,0
CLI00007,Wealth,63,4,8.04,2.963855421686747,89.44,0,ADV0045,0,0.0857,7.665,23.3,-0.258,17.6,6,0,0
CLI00008,Private,31,8,14.46,5.0,16.227,0,ADV0030,0,0.1175,1.907,20.3,-0.023,29.9,3,0,0
CLI00009,Private,34,8,8.35,2.0,23.536,0,ADV0035,0,0.0652,1.535,12.1,-0.064,24.5,1,0,0
CLI00010,Alta Renda,9,5,6.58,1.0,23.714,1,ADV0000,1,0.1134,2.689,7.8,-0.053,39.0,2,0,0
CLI00011,Family Office,104,5,12.1,3.0,2102.366,0,ADV0048,0,0.1202,252.704,10.9,-0.09,25.1,5,0,0
CLI00012,Wealth,44,5,6.08,4.0,111.253,0,ADV0043,0,0.0608,6.764,16.7,0.324,27.8,4,0,0
CLI00013,Alta Renda,20,4,3.94,2.816326530612245,4.314,0,ADV0010,0,0.1446,0.624,4.4,-0.08,28.5,9,0,0
CLI00014,Alta Renda,124,5,12.06,2.0,15.619,0,ADV0009,0,0.1144,1.787,32.3,0.011,5.0,8,0,0
CLI00015,Alta Renda,34,8,4.15,2.6315789473684212,4.234,0,ADV0009,0,0.1144,0.484,16.6,-0.013,26.1,0,0,0
CLI00016,Alta Renda,80,1,14.76,3.0,9.217,0,ADV0015,0,0.1504,1.386,17.9,-0.111,11.2,5,0,0
CLI00017,Private,121,5,5.64,1.0,13.886,0,ADV0026,0,0.1872,2.599,20.2,0.017,29.1,3,0,0
CLI00018,Alta Renda,37,2,2.09,2.0,11.435,1,ADV0021,0,0.1223,1.399,44.4,-0.181,26.1,7,0,0
CLI00019,Alta Renda,135,7,10.27,0.0,3.0,1,ADV0014,1,0.1786,0.536,17.9,0.12,25.2,1,0,0
CLI00020,Private,89,4,12.11,2.0,34.439,0,ADV0030,0,0.1175,4.047,21.1,-0.189,31.6,6,0,0
CLI00021,Alta Renda,27,2,13.56,2.0,11.554,0,ADV0006,0,0.1377,1.591,7.6,-0.045,7.5,8,0,0
CLI00022,Alta Renda,32,5,12.22,1.0,14.991,0,ADV0015,0,0.1504,2.255,39.0,0.167,10.8,4,0,0
CLI00023,Alta Renda,86,8,7.05,2.6315789473684212,12.79,0,ADV0018,0,0.1071,1.37,14.3,-0.04,36.3,4,0,0
CLI00024,Private,131,1,14.49,2.0,8.612,0,ADV0022,1,0.1452,1.25,7.6,0.036,14.8,6,0,0
CLI00025,Private,97,3,15.53,1.0,40.552,0,ADV0040,0,0.1452,5.888,9.2,0.037,10.4,5,0,0
CLI00026,Alta Renda,26,6,6.44,4.0,21.655,0,ADV0010,0,0.1446,3.131,2.0,0.092,12.7,3,0,0
CLI00027,Private,52,7,10.74,1.0,28.259,0,ADV0025,0,0.1058,2.99,9.2,0.123,10.3,4,0,0
CLI00028,Private,106,6,10.35,4.0,87.663,0,ADV0029,0,0.1427,12.51,0.9,-0.038,22.5,7,0,0
CLI00029,Alta Renda,89,5,12.43,0.0,11.903,0,ADV0002,0,0.1022,1.216,22.1,-0.2,10.5,6,0,0
CLI00030,Private,11,7,,4.0,24.765,0,ADV0030,0,0.1175,2.91,17.6,-0.268,13.1,5,1,0
CLI00031,Alta Renda,136,7,11.21,2.0,5.209,0,ADV0008,0,0.1289,0.671,5.8,0.224,19.6,5,0,0
CLI00032,Alta Renda,6,1,14.2,2.6315789473684212,13.837,0,ADV0003,0,0.1,1.384,12.6,0.169,18.2,3,0,0
CLI00033,Wealth,63,7,6.82,2.0,83.926,0,ADV0048,0,0.1202,10.088,13.0,0.143,8.0,3,0,0
CLI00034,Family Office,129,4,14.6,2.0,287.906,0,ADV0048,0,0.1202,34.606,4.8,0.178,22.6,4,0,0
CLI00035,Private,20,2,16.29,1.0,24.761,0,ADV0041,1,0.1061,2.627,11.1,-0.036,9.2,4,0,0
CLI00036,Alta Renda,69,2,18.36,1.0,5.049,0,ADV0015,0,0.1504,0.759,13.3,-0.137,6.0,3,0,0
CLI00037,Alta Renda,30,2,2.5,2.0,7.325,0,ADV0005,0,0.154,1.128,10.8,-0.216,2.8,11,0,0
CLI00038,Private,29,4,10.73,2.8461538461538463,42.171,0,ADV0034,0,0.056,2.362,7.6,-0.24,11.8,3,0,0
CLI00039,Alta Renda,17,6,3.25,5.0,11.061,0,ADV0021,0,0.1223,1.353,5.6,0.267,3.4,4,0,0
CLI00040,Alta Renda,23,1,1.27,3.0,8.956,0,ADV0006,0,0.1377,1.233,10.6,-0.108,7.1,10,0,0
CLI00041,Private,20,7,12.11,1.0,25.644,0,ADV0024,0,0.102,2.616,8.3,0.232,13.3,5,0,0
CLI00042,Alta Renda,32,4,9.82,0.0,14.717,0,ADV0001,0,0.0542,0.798,19.3,-0.041,27.4,3,0,0
CLI00043,Wealth,77,2,12.76,3.0,75.209,0,ADV0045,0,0.0857,6.445,31.5,-0.149,11.0,3,0,0
CLI00044,Alta Renda,65,5,13.54,2.0,27.514,0,ADV0012,0,0.0662,1.821,24.1,-0.241,4.1,3,0,0
CLI00045,Private,98,3,16.74,2.0,33.02,0,ADV0033,0,0.0642,2.12,13.6,-0.129,12.4,4,0,0
CLI00046,Alta Renda,58,7,11.73,1.0,3.745,0,ADV0016,0,0.1544,0.578,7.8,0.312,26.7,2,0,0
CLI00047,Private,13,4,23.78,7.0,50.848,0,ADV0025,0,0.1058,5.38,23.6,-0.239,10.8,2,0,0
CLI00048,Private,84,8,12.79,2.7857142857142856,23.848,0,ADV0027,0,0.1397,3.332,20.1,0.466,30.3,7,0,0
CLI00049,Alta Renda,32,4,19.24,2.6315789473684212,5.843,1,ADV0009,0,0.1144,0.668,32.8,0.077,26.7,4,0,0
CLI00050,Family Office,55,1,1.7,6.0,1510.04,0,ADV0048,0,0.1202,181.507,15.0,0.165,21.2,4,0,0
CLI00051,Private,136,1,17.17,3.0,57.361,0,ADV0039,0,0.1042,5.977,37.7,-0.032,15.6,4,0,0
CLI00052,Wealth,98,4,10.74,0.0,129.758,0,ADV0047,0,0.1208,15.675,15.1,-0.071,29.4,4,0,0
CLI00053,Wealth,29,2,3.32,2.0,323.501,0,ADV0045,0,0.0857,27.724,7.8,-0.28,45.1,4,0,0
CLI00054,Private,65,3,13.27,1.0,10.224,0,ADV0029,0,0.1427,1.459,9.0,-0.022,9.5,7,0,0
CLI00055,Wealth,127,7,10.23,1.0,92.522,0,ADV0046,1,0.1543,14.276,18.7,-0.255,15.0,4,0,0
CLI00056,Alta Renda,136,1,13.94,1.0,8.33,0,ADV0004,0,0.1679,1.399,8.3,-0.37,27.4,6,0,0
CLI00057,Alta Renda,51,7,15.75,4.0,5.426,1,ADV0010,0,0.1446,0.785,43.7,0.037,18.8,3,0,0
CLI00058,Alta Renda,20,2,5.25,4.0,6.715,0,ADV0002,0,0.1022,0.686,17.7,-0.14,2.7,7,0,0
CLI00059,Alta Renda,22,7,15.76,6.0,10.725,0,ADV0016,0,0.1544,1.656,13.4,0.371,10.9,3,0,0
CLI00060,Alta Renda,131,5,11.53,1.0,9.969,0,ADV0019,0,0.1791,1.785,14.2,0.22,15.9,7,0,0
CLI00061,Alta Renda,89,1,17.18,2.816326530612245,8.02,0,ADV0013,0,0.1362,1.092,10.8,0.373,34.5,6,0,0
CLI00062,Private,14,2,10.64,7.0,73.28,0,ADV0043,0,0.0608,4.455,2.7,-0.15,14.4,6,0,0
CLI00063,Alta Renda,68,2,9.52,2.0,7.593,1,ADV0017,0,0.0868,0.659,12.1,-0.412,8.3,3,0,0
CLI00064,Alta Renda,122,3,11.61,2.0,6.189,0,ADV0014,1,0.1786,1.105,34.6,-0.577,16.1,1,0,0
CLI00065,Private,135,3,11.93,1.0,9.576,0,ADV0027,0,0.1397,1.338,15.3,-0.062,32.4,4,0,0
CLI00066,Alta Renda,93,5,8.72,3.0,15.156,0,ADV0007,0,0.068,1.031,25.9,0.022,8.4,7,0,0
CLI00067,Private,77,2,9.42,4.0,63.024,1,ADV0041,1,0.1061,6.687,33.0,0.159,42.0,2,0,0
CLI00068,Alta Renda,69,6,6.35,3.0,17.475,0,ADV0003,0,0.1,1.748,12.7,-0.009,8.5,3,0,0
CLI00069,Family Office,77,2,9.67,2.0,492.525,0,ADV0049,0,0.1398,68.855,20.4,0.015,4.6,9,0,0
CLI00070,Private,26,3,14.34,2.0,9.137,0,ADV0039,0,0.1042,0.952,3.0,-0.597,14.0,5,0,0
CLI00071,Alta Renda,23,6,10.92,1.0,12.259,0,ADV0010,0,0.1446,1.773,32.9,0.056,12.9,11,0,0
CLI00072,Alta Renda,69,1,15.74,2.6315789473684212,3.72,0,ADV0000,1,0.1134,0.422,31.2,0.106,3.0,2,0,0
CLI00073,Private,87,1,10.72,4.0,91.887,1,ADV0041,1,0.1061,9.749,25.1,0.357,9.8,3,0,0
CLI00074,Private,115,7,5.49,5.0,30.837,0,ADV0035,0,0.0652,2.011,15.7,0.081,15.3,3,0,0
CLI00075,Private,100,4,14.01,1.0,15.883,1,ADV0037,0,0.1863,2.959,13.3,-0.062,21.7,2,0,0
CLI00076,Private,37,3,8.67,5.0,85.736,0,ADV0039,0,0.1042,8.934,27.8,0.243,24.6,2,0,0
CLI00077,Alta Renda,16,4,10.52,0.0,6.06,0,ADV0003,0,0.1,0.606,21.9,-0.519,22.0,7,0,0
CLI00078,Alta Renda,50,6,16.7,2.6315789473684212,7.813,0,ADV0017,0,0.0868,0.678,9.9,-0.113,13.4,5,0,0
CLI00079,Alta Renda,38,3,6.62,4.0,4.173,0,ADV0005,0,0.154,0.643,5.0,-0.168,4.0,8,0,0
CLI00080,Wealth,107,5,12.19,5.0,187.443,0,ADV0044,0,0.1616,30.291,4.2,-0.008,11.4,3,0,0
CLI00081,Private,141,2,11.33,1.0,14.569,1,ADV0031,0,0.1595,2.324,34.1,-0.654,1.5,4,0,0
CLI00082,Alta Renda,16,5,14.44,5.0,7.311,0,ADV0016,0,0.1544,1.129,12.6,0.29,15.3,2,0,0
CLI00083,Alta Renda,93,6,15.09,2.0,7.086,0,ADV0003,0,0.1,0.709,18.2,-0.055,8.2,1,0,0
CLI00084,Alta Renda,46,3,12.61,1.0,12.707,1,ADV0016,0,0.1544,1.962,15.9,-0.229,6.2,6,0,0
CLI00085,Alta Renda,81,8,9.99,7.0,5.322,0,ADV0016,0,0.1544,0.822,4.2,0.049,17.2,3,0,0
CLI00086,Private,126,6,13.49,2.7650602409638556,24.43,0,ADV0037,0,0.1863,4.551,3.1,0.278,32.1,2,0,0
CLI00087,Private,51,8,17.11,3.0,133.624,0,ADV0031,0,0.1595,21.313,9.4,-0.41,3.5,2,0,0
CLI00088,Wealth,85,2,11.39,2.963855421686747,58.702,0,ADV0045,0,0.0857,5.031,10.0,0.025,18.2,2,0,0
CLI00089,Private,59,1,10.38,3.0,35.5,0,ADV0023,0,0.1145,4.065,10.0,0.252,10.1,6,0,0
CLI00090,Alta Renda,91,1,13.13,0.0,13.273,1,ADV0005,0,0.154,2.044,15.2,-0.858,13.1,11,0,0
CLI00091,Private,97,6,11.66,3.0,8.303,0,ADV0035,0,0.0652,0.541,44.7,-0.209,7.5,3,0,0
CLI00092,Private,102,4,5.88,2.7857142857142856,23.765,0,ADV0039,0,0.1042,2.476,25.6,-0.133,10.1,4,0,0
CLI00093,Private,7,3,,1.0,22.537,0,ADV0028,0,0.1197,2.698,15.5,-0.086,10.1,5,1,0
CLI00094,Private,38,3,5.84,2.0,31.353,1,ADV0039,0,0.1042,3.267,19.4,-0.208,14.9,4,0,0
CLI00095,Private,82,1,13.07,8.0,27.263,0,ADV0024,0,0.102,2.781,12.7,-0.034,6.9,11,0,0
CLI00096,Private,121,7,8.15,5.0,38.85,0,ADV0026,0,0.1872,7.273,21.4,0.332,8.1,5,0,0
CLI00097,Alta Renda,108,5,11.65,0.0,4.134,0,ADV0021,0,0.1223,0.506,12.3,-0.131,19.3,5,0,0
CLI00098,Alta Renda,108,7,13.14,1.0,4.464,0,ADV0001,0,0.0542,0.242,23.9,-0.107,6.4,4,0,0
CLI00099,Alta Renda,95,2,21.81,2.816326530612245,5.682,0,ADV0005,0,0.154,0.875,16.7,0.101,16.0,3,0,0
CLI00100,Alta Renda,127,5,14.62,2.0,7.187,0,ADV0001,0,0.0542,0.39,44.9,-0.038,10.5,5,0,0
CLI00101,Private,111,5,17.23,2.0,11.194,1,ADV0031,0,0.1595,1.785,25.0,-0.538,9.1,2,0,0
CLI00102,Alta Renda,124,6,19.36,2.0,3.0,1,ADV0016,0,0.1544,0.463,55.7,-0.192,39.8,5,0,0
CLI00103,Private,54,1,13.55,2.7857142857142856,20.155,0,ADV0025,0,0.1058,2.132,5.4,-0.022,4.7,3,0,0
CLI00104,Wealth,109,7,12.7,8.0,46.216,0,ADV0045,0,0.0857,3.961,8.0,0.215,33.5,6,0,0
CLI00105,Alta Renda,66,7,7.02,3.0,9.012,0,ADV0012,0,0.0662,0.597,41.3,-0.214,22.8,4,0,0
CLI00106,Alta Renda,128,1,11.01,3.0,17.922,0,ADV0020,0,0.1143,2.048,23.3,0.216,8.4,6,0,0
CLI00107,Private,139,7,8.46,3.0,33.761,0,ADV0038,0,0.1127,3.805,18.4,-0.022,23.2,1,0,0
CLI00108,Alta Renda,14,8,9.82,2.0,10.015,0,ADV0011,0,0.0656,0.657,52.2,-0.244,0.7,4,0,0
CLI00109,Alta Renda,11,1,,4.0,6.234,0,ADV0003,0,0.1,0.623,12.5,-0.288,7.8,4,1,0
CLI00110,Alta Renda,78,6,11.98,5.0,3.855,0,ADV0014,1,0.1786,0.689,26.7,0.426,6.5,6,0,0
CLI00111,Alta Renda,108,4,7.82,5.0,3.0,0,ADV0008,0,0.1289,0.387,28.0,-0.035,17.4,2,0,0
CLI00112,Wealth,46,5,17.27,9.0,147.693,0,ADV0047,0,0.1208,17.841,35.7,0.206,21.1,6,0,0
CLI00113,Private,119,6,15.51,2.7857142857142856,17.724,0,ADV0041,1,0.1061,1.881,4.9,-0.376,17.2,3,0,0
CLI00114,Private,13,3,15.73,7.0,54.042,1,ADV0031,0,0.1595,8.62,19.2,0.317,16.1,2,0,0
CLI00115,Wealth,77,2,3.07,2.0,94.508,0,ADV0045,0,0.0857,8.099,16.5,0.197,24.2,8,0,0
CLI00116,Private,97,4,19.68,3.0,17.938,0,ADV0041,1,0.1061,1.903,35.4,-0.056,22.1,4,0,0
CLI00117,Alta Renda,67,3,9.15,1.0,3.0,0,ADV0009,0,0.1144,0.343,17.9,-0.067,8.2,4,0,0
CLI00118,Wealth,89,5,14.77,2.963855421686747,229.213,0,ADV0045,0,0.0857,19.644,28.1,0.162,8.9,1,0,0
CLI00119,Private,67,7,22.1,2.0,30.514,0,ADV0027,0,0.1397,4.263,4.5,0.149,21.3,5,0,0
CLI00120,Private,116,1,20.55,3.0,26.291,0,ADV0041,1,0.1061,2.789,10.4,0.04,13.0,4,0,0
CLI00121,Wealth,132,5,7.39,3.0,260.344,0,ADV0045,0,0.0857,22.311,31.1,0.002,13.6,0,0,0
CLI00122,Alta Renda,12,6,5.43,3.0,6.514,0,ADV0016,0,0.1544,1.006,11.5,0.123,14.8,1,0,0
CLI00123,Alta Renda,89,2,17.51,2.0,22.303,0,ADV0005,0,0.154,3.435,13.2,-0.383,2.8,8,0,0
CLI00124,Alta Renda,137,6,12.1,2.606741573033708,3.0,0,ADV0011,0,0.0656,0.197,35.0,-0.082,7.9,6,0,0
CLI00125,Alta Renda,139,4,9.4,2.0,10.289,0,ADV0021,0,0.1223,1.258,6.5,-0.362,18.4,6,0,0
CLI00126,Private,63,4,14.11,3.0,15.232,0,ADV0042,0,0.2352,3.583,7.9,0.133,7.9,5,0,0
CLI00127,Wealth,27,2,10.82,2.888888888888889,189.784,0,ADV0044,0,0.1616,30.669,4.1,-0.149,11.3,7,0,0
CLI00128,Alta Renda,132,8,14.45,2.0,4.822,0,ADV0000,1,0.1134,0.547,35.9,-0.346,18.3,4,0,0
CLI00129,Private,8,3,,4.0,29.035,0,ADV0025,0,0.1058,3.072,25.3,-0.175,25.1,3,1,0
CLI00130,Alta Renda,132,3,14.53,4.0,5.821,0,ADV0021,0,0.1223,0.712,24.9,0.033,27.0,9,0,0
CLI00131,Alta Renda,46,4,7.74,7.0,4.179,1,ADV0011,0,0.0656,0.274,21.6,-0.245,29.5,4,0,0
CLI00132,Alta Renda,111,4,17.48,0.0,3.3,1,ADV0006,0,0.1377,0.454,4.0,-0.584,17.1,2,0,0
CLI00133,Alta Renda,19,7,14.43,2.0,7.501,0,ADV0017,0,0.0868,0.651,2.8,-0.375,11.2,2,0,0
CLI00134,Wealth,17,1,14.21,1.0,187.122,0,ADV0047,0,0.1208,22.604,31.3,0.016,5.2,4,0,0
CLI00135,Alta Renda,92,7,6.81,4.0,8.089,0,ADV0016,0,0.1544,1.249,19.2,-0.128,32.3,3,0,0
CLI00136,Private,17,7,18.64,1.0,12.744,0,ADV0025,0,0.1058,1.348,21.8,-0.057,10.9,2,0,0
CLI00137,Private,30,8,11.44,2.0,21.457,0,ADV0035,0,0.0652,1.399,15.9,-0.035,31.8,6,0,0
CLI00138,Alta Renda,50,3,14.56,2.6315789473684212,10.11,0,ADV0017,0,0.0868,0.878,7.1,0.095,16.3,2,0,0
CLI00139,Family Office,127,8,10.14,3.272727272727273,442.801,0,ADV0048,0,0.1202,53.225,10.6,0.186,25.8,1,0,0
CLI00140,Family Office,60,8,12.6,6.0,688.026,0,ADV0048,0,0.1202,82.701,5.7,0.032,12.7,7,0,0
CLI00141,Alta Renda,105,2,12.75,0.0,3.0,0,ADV0012,0,0.0662,0.199,5.1,-0.071,19.5,2,0,0
CLI00142,Private,141,3,-0.34,0.0,28.513,0,ADV0024,0,0.102,2.908,24.0,0.005,26.4,6,0,0
CLI00143,Alta Renda,124,1,13.95,2.0,11.32,0,ADV0015,0,0.1504,1.703,3.1,-0.075,9.3,2,0,0
CLI00144,Alta Renda,58,6,19.75,4.0,11.432,1,ADV0014,1,0.1786,2.042,9.1,-0.442,28.9,3,0,0
CLI00145,Alta Renda,37,4,13.77,5.0,8.841,0,ADV0001,0,0.0542,0.479,11.0,0.24,5.8,3,0,0
CLI00146,Private,56,4,7.48,2.0,11.891,0,ADV0030,0,0.1175,1.397,14.1,0.199,37.9,3,0,0
CLI00147,Private,49,1,14.23,3.0,40.703,0,ADV0025,0,0.1058,4.306,4.0,0.437,14.9,9,0,0
CLI00148,Alta Renda,87,8,15.95,3.0,5.553,0,ADV0002,0,0.1022,0.568,17.7,0.502,8.0,13,0,0
CLI00149,Alta Renda,42,7,13.65,1.0,8.294,0,ADV0014,1,0.1786,1.481,15.3,-0.259,22.5,3,0,0
CLI00150,Wealth,101,2,11.19,5.0,11.87,0,ADV0045,0,0.0857,1.017,30.9,-0.074,16.8,6,0,0
CLI00151,Alta Renda,61,8,10.48,2.606741573033708,6.409,0,ADV0011,0,0.0656,0.42,14.3,0.553,3.0,0,0,0
CLI00152,Alta Renda,110,4,10.47,6.0,11.924,0,ADV0007,0,0.068,0.811,19.0,-0.009,10.1,6,0,0
CLI00153,Private,64,5,14.43,2.0,32.734,0,ADV0024,0,0.102,3.339,7.4,0.054,6.1,2,0,0
CLI00154,Family Office,136,7,5.59,1.0,767.691,0,ADV0049,0,0.1398,107.323,7.7,-0.335,6.5,4,0,0
CLI00155,Alta Renda,40,4,9.94,3.0,5.722,0,ADV0011,0,0.0656,0.375,4.4,0.033,6.3,3,0,0
CLI00156,Private,98,5,18.2,1.0,38.529,0,ADV0033,0,0.0642,2.474,7.5,0.425,18.9,7,0,0
CLI00157,Private,102,8,18.36,4.0,28.042,0,ADV0039,0,0.1042,2.922,10.4,0.283,23.6,5,0,0
CLI00158,Alta Renda,140,1,5.29,2.606741573033708,7.428,1,ADV0011,0,0.0656,0.487,31.5,-0.311,8.1,3,0,0
CLI00159,Private,81,1,6.75,2.0,14.038,0,ADV0037,0,0.1863,2.615,6.6,-0.087,2.2,4,0,0
CLI00160,Alta Renda,54,7,10.36,1.0,3.0,0,ADV0018,0,0.1071,0.321,46.2,-0.249,1.2,7,0,0
CLI00161,Private,99,4,15.25,2.0,27.999,0,ADV0031,0,0.1595,4.466,20.1,-0.187,43.4,4,0,0
CLI00162,Private,29,3,3.82,3.0,40.693,0,ADV0031,0,0.1595,6.491,17.4,-0.42,15.0,8,0,0
CLI00163,Private,42,5,11.27,6.0,13.709,0,ADV0026,0,0.1872,2.566,13.5,-0.019,22.6,2,0,0
CLI00164,Alta Renda,9,2,9.51,2.0,8.28,0,ADV0004,0,0.1679,1.39,11.7,0.332,11.7,5,0,0
CLI00165,Wealth,113,4,17.07,4.0,146.851,0,ADV0043,0,0.0608,8.929,8.4,0.078,1.8,6,0,0
CLI00166,Alta Renda,131,2,4.46,1.0,4.635,0,ADV0016,0,0.1544,0.716,3.9,0.301,17.7,7,0,0
CLI00167,Alta Renda,25,4,11.89,2.6315789473684212,9.279,0,ADV0009,0,0.1144,1.062,6.8,0.236,35.5,2,0,0
CLI00168,Alta Renda,55,3,9.85,2.606741573033708,10.8,1,ADV0001,0,0.0542,0.585,42.6,-0.32,8.4,1,0,0
CLI00169,Private,101,3,17.67,3.0,14.378,0,ADV0029,0,0.1427,2.052,19.3,-0.167,1.5,2,0,0
CLI00170,Private,110,7,14.01,3.0,24.157,0,ADV0034,0,0.056,1.353,35.6,-0.159,5.2,5,0,0
CLI00171,Alta Renda,122,7,9.04,3.0,5.005,0,ADV0000,1,0.1134,0.568,8.3,-0.378,23.3,4,0,0
CLI00172,Private,103,3,15.08,2.7857142857142856,22.408,0,ADV0025,0,0.1058,2.371,5.6,0.007,16.7,4,0,0
CLI00173,Alta Renda,71,6,9.87,3.0,7.121,0,ADV0011,0,0.0656,0.467,13.4,-0.639,28.1,2,0,0
CLI00174,Private,84,3,15.7,4.0,27.73,0,ADV0032,0,0.1735,4.811,7.0,0.13,13.5,7,0,0
CLI00175,Alta Renda,11,1,,4.0,7.705,0,ADV0009,0,0.1144,0.881,15.4,0.016,20.9,5,1,0
CLI00176,Private,44,1,15.93,3.0,23.504,0,ADV0034,0,0.056,1.316,3.1,0.104,9.9,6,0,0
CLI00177,Alta Renda,120,6,13.33,5.0,8.571,0,ADV0019,0,0.1791,1.535,1.8,0.233,5.6,5,0,0
CLI00178,Wealth,130,8,25.19,4.0,192.742,0,ADV0047,0,0.1208,23.283,17.0,0.044,20.9,4,0,0
CLI00179,Alta Renda,17,5,11.28,1.0,10.808,0,ADV0006,0,0.1377,1.488,36.5,0.359,23.6,4,0,0
CLI00180,Alta Renda,136,8,13.11,2.6315789473684212,10.058,0,ADV0017,0,0.0868,0.873,17.5,0.137,8.5,5,0,0
CLI00181,Alta Renda,23,2,9.49,2.816326530612245,5.68,0,ADV0005,0,0.154,0.875,19.2,-0.167,33.6,5,0,0
CLI00182,Wealth,45,8,11.51,2.0,48.126,0,ADV0046,1,0.1543,7.426,13.8,-0.052,34.1,4,0,0
CLI00183,Wealth,26,4,0.15,2.0,110.629,0,ADV0045,0,0.0857,9.481,14.8,-0.497,6.4,4,0,0
CLI00184,Alta Renda,104,8,13.46,3.0,16.861,0,ADV0012,0,0.0662,1.116,3.7,-0.198,6.6,5,0,0
CLI00185,Private,31,4,17.14,3.0,30.821,0,ADV0033,0,0.0642,1.979,7.2,-0.084,6.9,7,0,0
CLI00186,Private,13,6,13.17,3.0,58.282,0,ADV0042,0,0.2352,13.708,28.8,0.12,12.3,2,0,0
CLI00187,Private,105,1,5.98,3.0,38.677,1,ADV0028,0,0.1197,4.63,25.3,-0.149,15.3,5,0,0
CLI00188,Private,92,7,8.13,2.0,28.959,0,ADV0026,0,0.1872,5.421,28.4,-0.274,4.6,6,0,0
CLI00189,Alta Renda,47,4,1.29,4.0,10.586,0,ADV0011,0,0.0656,0.694,14.5,-0.415,7.0,7,0,0
CLI00190,Alta Renda,19,1,15.61,2.816326530612245,15.161,0,ADV0005,0,0.154,2.335,15.0,-0.131,1.8,8,0,0
CLI00191,Wealth,83,5,7.27,2.0,55.852,0,ADV0045,0,0.0857,4.787,10.3,0.429,2.2,7,0,0
CLI00192,Wealth,7,2,11.38,4.0,214.511,0,ADV0045,0,0.0857,18.384,21.1,0.06,3.8,6,0,0
CLI00193,Private,124,5,10.85,2.7650602409638556,14.414,0,ADV0031,0,0.1595,2.299,24.5,0.207,42.0,5,0,0
CLI00194,Alta Renda,42,6,17.75,2.6315789473684212,8.471,0,ADV0017,0,0.0868,0.735,6.9,-0.198,38.9,4,0,0
CLI00195,Alta Renda,74,8,11.86,2.0,8.75,0,ADV0017,0,0.0868,0.76,4.0,-0.346,21.7,10,0,0
CLI00196,Private,46,8,14.9,4.0,18.156,1,ADV0037,0,0.1863,3.382,4.8,-0.171,11.2,5,0,0
CLI00197,Wealth,67,3,13.8,3.0,59.091,0,ADV0045,0,0.0857,5.064,18.6,-0.021,3.7,8,0,0
CLI00198,Wealth,65,3,17.21,2.0,65.701,0,ADV0045,0,0.0857,5.631,17.1,-0.439,13.3,2,0,0
CLI00199,Private,130,3,10.5,5.0,46.397,0,ADV0040,0,0.1452,6.737,54.4,-0.221,18.0,5,0,0
CLI00200,Private,116,5,19.35,2.0,21.139,0,ADV0031,0,0.1595,3.372,13.9,-0.129,7.6,2,0,0
CLI00201,Alta Renda,19,4,3.16,1.0,6.563,1,ADV0004,0,0.1679,1.102,31.1,-0.413,18.7,5,0,0
CLI00202,Alta Renda,89,2,15.1,2.6315789473684212,5.484,0,ADV0008,0,0.1289,0.707,15.8,-0.467,5.2,3,0,0
CLI00203,Wealth,135,3,7.86,2.963855421686747,81.357,0,ADV0045,0,0.0857,6.972,16.4,0.064,8.7,7,0,0
CLI00204,Private,75,6,9.43,6.0,15.667,0,ADV0030,0,0.1175,1.841,11.5,0.01,11.2,2,0,0
CLI00205,Alta Renda,128,6,13.89,2.0,11.969,0,ADV0000,1,0.1134,1.357,7.1,0.171,39.6,4,0,0
CLI00206,Alta Renda,94,3,13.86,3.0,8.097,1,ADV0005,0,0.154,1.247,16.2,-0.199,12.3,6,0,0
CLI00207,Private,33,8,14.05,3.0,98.595,0,ADV0033,0,0.0642,6.33,13.0,0.167,17.9,2,0,0
CLI00208,Alta Renda,71,3,5.68,4.0,6.511,0,ADV0000,1,0.1134,0.738,12.8,0.336,6.1,5,0,0
CLI00209,Alta Renda,10,2,,2.0,3.989,0,ADV0008,0,0.1289,0.514,22.6,0.058,5.4,3,1,0
CLI00210,Private,50,3,7.72,2.0,69.887,0,ADV0027,0,0.1397,9.763,13.2,-0.134,7.5,9,0,0
CLI00211,Private,52,2,8.28,3.0,25.985,0,ADV0034,0,0.056,1.455,4.1,0.032,13.6,3,0,0
CLI00212,Private,36,6,14.18,4.0,14.623,0,ADV0032,0,0.1735,2.537,8.1,-0.145,36.3,5,0,0
CLI00213,Alta Renda,15,3,10.3,4.0,16.465,1,ADV0011,0,0.0656,1.08,12.5,-0.825,19.6,4,0,0
CLI00214,Private,123,5,12.79,6.0,43.216,0,ADV0035,0,0.0652,2.818,13.6,0.15,23.7,4,0,0
CLI00215,Alta Renda,19,7,2.44,1.0,7.447,0,ADV0011,0,0.0656,0.489,18.8,-0.031,40.8,7,0,0
CLI00216,Alta Renda,85,5,12.69,3.0,3.565,0,ADV0016,0,0.1544,0.55,13.7,0.265,16.0,2,0,0
CLI00217,Private,98,6,12.41,1.0,20.867,1,ADV0038,0,0.1127,2.352,14.2,0.02,26.9,6,0,0
CLI00218,Private,15,2,9.36,3.0,47.719,0,ADV0032,0,0.1735,8.279,4.6,-0.075,7.2,7,0,0
CLI00219,Wealth,81,5,2.79,3.0,474.659,0,ADV0044,0,0.1616,76.705,19.7,-0.125,17.6,10,0,0
CLI00220,Private,99,2,10.61,3.0,20.88,0,ADV0033,0,0.0642,1.34,11.1,-0.246,20.7,7,0,0
CLI00221,Private,110,5,11.34,2.7857142857142856,75.147,0,ADV0028,0,0.1197,8.995,14.5,0.179,4.4,6,0,0
CLI00222,Alta Renda,6,5,9.96,2.816326530612245,7.321,0,ADV0005,0,0.154,1.127,10.1,0.481,6.7,3,0,0
CLI00223,Alta Renda,138,2,3.79,2.0,6.268,0,ADV0018,0,0.1071,0.671,8.0,-0.084,10.8,5,0,0
CLI00224,Alta Renda,25,4,18.2,2.0,6.128,0,ADV0013,0,0.1362,0.835,10.4,-0.15,7.7,4,0,0
CLI00225,Alta Renda,13,5,8.82,2.0,9.61,0,ADV0011,0,0.0656,0.63,14.7,-0.164,11.7,2,0,0
CLI00226,Family Office,6,3,,3.0,560.928,0,ADV0048,0,0.1202,67.424,13.1,-0.15,3.8,3,1,0
CLI00227,Alta Renda,62,7,1.38,0.0,6.272,0,ADV0019,0,0.1791,1.123,24.4,0.363,38.4,8,0,0
CLI00228,Wealth,69,6,18.2,0.0,211.35,0,ADV0045,0,0.0857,18.113,3.4,-0.158,25.3,4,0,0
CLI00229,Private,123,4,9.54,2.7650602409638556,20.511,1,ADV0031,0,0.1595,3.272,4.7,-0.374,91.7,3,0,0
CLI00230,Private,33,2,11.91,2.0,115.705,0,ADV0040,0,0.1452,16.8,11.0,-0.273,4.8,9,0,0
CLI00231,Private,126,4,16.21,5.0,31.476,0,ADV0025,0,0.1058,3.33,19.0,0.065,18.1,8,0,0
CLI00232,Private,112,1,8.66,2.7857142857142856,64.25,0,ADV0028,0,0.1197,7.691,21.8,-0.015,7.8,4,0,0
CLI00233,Private,54,1,15.55,2.7857142857142856,20.25,0,ADV0024,0,0.102,2.065,8.3,-0.25,5.4,2,0,0
CLI00234,Alta Renda,125,5,2.84,2.816326530612245,5.917,0,ADV0010,0,0.1446,0.856,0.7,-0.196,24.4,5,0,0
CLI00235,Private,49,5,13.81,6.0,12.748,0,ADV0036,0,0.2067,2.635,8.5,0.337,14.0,4,0,0
CLI00236,Alta Renda,61,3,18.1,2.816326530612245,14.809,0,ADV0014,1,0.1786,2.645,17.2,0.007,10.3,5,0,0
CLI00237,Alta Renda,116,7,9.06,1.0,3.0,0,ADV0001,0,0.0542,0.163,12.9,0.022,16.3,6,0,0
CLI00238,Private,139,6,16.2,4.0,7.018,0,ADV0032,0,0.1735,1.218,19.4,0.023,6.9,2,0,0
CLI00239,Alta Renda,113,4,19.2,6.0,6.805,0,ADV0009,0,0.1144,0.778,28.2,0.307,6.7,0,0,0
CLI00240,Wealth,119,1,10.43,2.0,313.774,0,ADV0047,0,0.1208,37.904,11.6,-0.23,8.0,2,0,0
CLI00241,Wealth,83,5,10.08,3.0,33.85,0,ADV0048,0,0.1202,4.069,9.3,-0.087,27.5,3,0,0
CLI00242,Wealth,135,8,7.73,4.0,48.204,0,ADV0046,1,0.1543,7.438,6.3,-0.037,26.1,2,0,0
CLI00243,Alta Renda,42,8,9.36,0.0,11.667,0,ADV0018,0,0.1071,1.25,3.8,-0.379,4.6,2,0,0
CLI00244,Alta Renda,25,6,8.08,2.6315789473684212,9.882,0,ADV0000,1,0.1134,1.121,2.9,-0.202,37.3,5,0,0
CLI00245,Wealth,31,4,7.72,1.0,262.58,0,ADV0047,0,0.1208,31.72,7.7,0.23,13.1,9,0,0
CLI00246,Alta Renda,34,5,16.54,1.0,12.267,0,ADV0021,0,0.1223,1.5,25.7,0.167,17.9,2,0,0
CLI00247,Family Office,6,5,,1.0,996.443,0,ADV0048,0,0.1202,119.772,20.7,0.206,7.8,3,1,0
CLI00248,Family Office,124,1,12.59,4.0,689.966,0,ADV0048,0,0.1202,82.934,8.9,-0.13,13.6,7,0,0
CLI00249,Wealth,40,1,11.66,1.0,35.036,0,ADV0044,0,0.1616,5.662,46.5,-0.102,5.4,3,0,0
CLI00250,Alta Renda,64,5,17.79,2.816326530612245,21.28,0,ADV0015,0,0.1504,3.201,8.1,-0.393,7.4,4,0,0
CLI00251,Alta Renda,74,2,9.39,3.0,17.82,0,ADV0019,0,0.1791,3.192,29.9,0.205,23.1,8,0,0
CLI00252,Wealth,17,5,13.1,3.0,71.086,0,ADV0044,0,0.1616,11.487,34.4,0.241,23.4,5,0,0
CLI00253,Alta Renda,25,6,14.82,2.816326530612245,3.708,0,ADV0016,0,0.1544,0.573,18.0,0.238,18.4,5,0,0
CLI00254,Alta Renda,48,5,17.76,3.0,3.0,0,ADV0008,0,0.1289,0.387,7.6,0.353,9.8,1,0,0
CLI00255,Private,131,3,9.33,2.7857142857142856,60.23,0,ADV0028,0,0.1197,7.21,9.9,0.093,4.6,5,0,0
CLI00256,Wealth,55,7,8.9,3.0,418.406,0,ADV0047,0,0.1208,50.543,14.9,0.343,29.6,10,0,0
CLI00257,Private,34,3,7.04,2.8461538461538463,29.166,0,ADV0035,0,0.0652,1.902,4.0,-0.044,24.6,4,0,0
CLI00258,Private,44,3,20.89,5.0,13.246,0,ADV0028,0,0.1197,1.586,5.8,-0.389,2.5,2,0,0
CLI00259,Alta Renda,43,2,17.31,2.0,8.379,0,ADV0005,0,0.154,1.29,5.4,0.189,23.7,4,0,0
CLI00260,Private,89,2,11.32,1.0,61.752,0,ADV0030,0,0.1175,7.256,18.9,-0.397,10.3,4,0,0
CLI00261,Family Office,133,8,19.61,1.0,565.347,0,ADV0049,0,0.1398,79.036,28.0,0.037,21.1,3,0,0
CLI00262,Alta Renda,131,5,11.07,3.0,3.324,0,ADV0006,0,0.1377,0.458,21.2,0.21,3.9,6,0,0
CLI00263,Private,50,3,14.54,2.0,56.025,0,ADV0025,0,0.1058,5.927,25.1,0.071,8.1,3,0,0
CLI00264,Wealth,57,2,11.54,6.0,58.805,0,ADV0045,0,0.0857,5.04,7.1,0.501,14.3,7,0,0
CLI00265,Private,85,1,13.17,0.0,64.176,0,ADV0037,0,0.1863,11.956,10.2,-0.433,38.4,8,0,0
CLI00266,Private,129,5,12.73,3.0,12.533,0,ADV0035,0,0.0652,0.817,10.8,-0.018,14.4,4,0,0
CLI00267,Private,124,6,9.72,3.0,59.149,0,ADV0035,0,0.0652,3.857,17.9,0.004,26.8,5,0,0
CLI00268,Alta Renda,13,7,16.09,5.0,3.0,0,ADV0017,0,0.0868,0.26,7.8,-0.296,15.7,5,0,0
CLI00269,Alta Renda,90,4,14.51,1.0,8.33,1,ADV0015,0,0.1504,1.253,26.8,-0.308,18.8,1,0,0
CLI00270,Private,134,5,15.82,2.0,35.256,0,ADV0041,1,0.1061,3.741,33.8,-0.186,19.1,2,0,0
CLI00271,Private,13,4,12.84,2.0,65.942,0,ADV0041,1,0.1061,6.996,18.6,-0.242,12.9,2,0,0
CLI00272,Wealth,101,3,7.69,2.963855421686747,33.678,0,ADV0045,0,0.0857,2.886,9.9,-0.024,22.7,5,0,0
CLI00273,Wealth,107,7,18.68,3.0,113.447,0,ADV0046,1,0.1543,17.505,6.6,-0.133,5.7,3,0,0
CLI00274,Private,10,4,10.4,2.0,38.778,0,ADV0025,0,0.1058,4.103,5.4,0.07,13.0,2,0,0
CLI00275,Private,91,3,13.03,3.0,31.063,1,ADV0024,0,0.102,3.168,4.5,0.017,50.6,4,0,0
CLI00276,Private,39,1,14.17,2.0,59.632,1,ADV0040,0,0.1452,8.659,25.6,0.032,28.8,2,0,0
CLI00277,Private,60,4,13.0,2.0,46.681,0,ADV0032,0,0.1735,8.099,10.6,-0.09,16.7,5,0,0
CLI00278,Private,124,7,15.34,4.0,53.585,0,ADV0035,0,0.0652,3.494,23.1,0.063,25.1,5,0,0
CLI00279,Private,119,8,16.01,2.0,20.892,1,ADV0040,0,0.1452,3.034,8.6,0.237,34.1,2,0,0
CLI00280,Wealth,31,5,10.56,5.0,34.593,0,ADV0045,0,0.0857,2.965,11.5,0.098,2.2,5,0,0
CLI00281,Alta Renda,141,3,18.33,1.0,9.562,0,ADV0017,0,0.0868,0.83,16.0,0.409,11.0,4,0,0
CLI00282,Alta Renda,52,5,10.38,3.0,17.94,0,ADV0018,0,0.1071,1.921,18.3,0.216,8.1,4,0,0
CLI00283,Alta Renda,118,7,12.91,1.0,10.682,0,ADV0005,0,0.154,1.645,21.4,0.378,4.1,3,0,0
CLI00284,Private,81,2,9.87,3.0,25.248,0,ADV0029,0,0.1427,3.603,14.9,-0.548,44.0,4,0,0
CLI00285,Alta Renda,77,3,8.67,3.0,20.119,0,ADV0001,0,0.0542,1.09,4.2,0.021,19.7,5,0,0
CLI00286,Private,94,4,15.89,3.0,9.894,0,ADV0022,1,0.1452,1.437,17.3,-0.071,24.6,2,0,0
CLI00287,Private,51,3,24.61,1.0,20.008,0,ADV0027,0,0.1397,2.795,7.8,-0.027,8.4,7,0,0
CLI00288,Alta Renda,38,5,9.98,3.0,8.512,0,ADV0014,1,0.1786,1.52,28.8,-0.177,10.8,8,0,0
CLI00289,Private,6,1,,1.0,44.99,0,ADV0029,0,0.1427,6.42,13.3,0.087,13.4,5,1,0
CLI00290,Alta Renda,36,3,10.13,4.0,3.747,0,ADV0001,0,0.0542,0.203,15.5,-0.398,17.5,5,0,0
CLI00291,Alta Renda,58,4,11.46,0.0,11.002,0,ADV0001,0,0.0542,0.596,57.1,0.089,22.2,1,0,0
CLI00292,Private,53,2,18.88,4.0,39.28,0,ADV0042,0,0.2352,9.239,21.7,-0.17,21.3,3,0,0
CLI00293,Alta Renda,74,8,6.99,3.0,14.582,0,ADV0017,0,0.0868,1.266,17.1,-0.11,11.4,6,0,0
CLI00294,Alta Renda,110,6,5.88,2.0,8.68,0,ADV0006,0,0.1377,1.195,11.8,0.096,34.8,1,0,0
CLI00295,Private,95,1,11.13,2.0,15.557,1,ADV0025,0,0.1058,1.646,7.0,0.051,30.7,3,0,0
CLI00296,Private,68,8,14.29,4.0,60.438,0,ADV0039,0,0.1042,6.298,11.2,0.232,16.3,6,0,0
CLI00297,Alta Renda,78,2,13.45,2.0,15.545,0,ADV0010,0,0.1446,2.248,6.5,-0.213,13.7,3,0,0
CLI00298,Private,94,3,13.01,2.7650602409638556,166.676,0,ADV0031,0,0.1595,26.585,36.4,-0.018,10.7,7,0,0
CLI00299,Alta Renda,18,5,11.64,2.0,6.541,0,ADV0004,0,0.1679,1.098,17.2,0.196,17.6,5,0,0
CLI00300,Alta Renda,78,7,14.8,2.6315789473684212,9.451,1,ADV0002,0,0.1022,0.966,31.8,-0.093,31.7,5,0,0
CLI00301,Private,82,5,-0.74,3.0,16.29,0,ADV0026,0,0.1872,3.049,8.1,0.094,14.0,3,0,0
CLI00302,Private,73,8,8.35,5.0,24.746,0,ADV0027,0,0.1397,3.457,6.9,0.244,8.9,4,0,0
CLI00303,Private,103,4,11.11,2.0,19.283,0,ADV0031,0,0.1595,3.076,20.3,-0.089,13.7,1,0,0
CLI00304,Private,130,5,14.46,0.0,26.45,0,ADV0037,0,0.1863,4.928,6.3,-0.136,16.5,7,0,0
CLI00305,Family Office,107,1,17.76,2.0,485.691,0,ADV0048,0,0.1202,58.38,9.3,0.127,5.4,4,0,0
CLI00306,Private,137,5,7.78,3.0,33.001,0,ADV0025,0,0.1058,3.492,37.5,-0.033,4.3,5,0,0
CLI00307,Alta Renda,107,4,17.62,3.0,6.36,0,ADV0016,0,0.1544,0.982,9.6,0.247,9.1,4,0,0
CLI00308,Private,24,6,9.6,1.0,18.427,0,ADV0040,0,0.1452,2.676,3.7,0.081,34.7,6,0,0
CLI00309,Alta Renda,87,3,10.95,6.0,25.904,0,ADV0013,0,0.1362,3.528,2.4,-0.137,28.4,8,0,0
CLI00310,Alta Renda,28,7,13.94,8.0,11.118,0,ADV0021,0,0.1223,1.36,3.2,0.074,3.4,3,0,0
CLI00311,Alta Renda,88,8,10.65,0.0,3.788,1,ADV0004,0,0.1679,0.636,39.3,-0.414,16.1,6,0,0
CLI00312,Alta Renda,114,3,16.16,2.0,19.392,0,ADV0001,0,0.0542,1.051,8.5,0.208,21.9,12,0,0
CLI00313,Family Office,80,5,9.8,3.272727272727273,768.019,0,ADV0048,0,0.1202,92.316,56.0,-0.307,9.9,8,0,0
CLI00314,Wealth,134,2,9.86,4.0,245.843,0,ADV0043,0,0.0608,14.947,34.1,0.269,18.2,5,0,0
CLI00315,Private,93,3,15.92,4.0,23.714,0,ADV0035,0,0.0652,1.546,43.2,0.071,3.6,6,0,0
CLI00316,Alta Renda,59,6,8.29,4.0,4.677,0,ADV0020,0,0.1143,0.535,25.5,-0.036,13.5,1,0,0
CLI00317,Alta Renda,94,5,12.55,2.0,7.053,0,ADV0009,0,0.1144,0.807,19.6,0.168,12.6,2,0,0
CLI00318,Alta Renda,70,7,4.53,5.0,9.056,0,ADV0008,0,0.1289,1.167,6.7,0.112,24.7,6,0,0
CLI00319,Alta Renda,81,4,19.14,5.0,9.473,0,ADV0012,0,0.0662,0.627,13.0,0.293,17.5,5,0,0
CLI00320,Private,65,6,16.57,2.0,29.505,0,ADV0027,0,0.1397,4.122,20.9,0.291,14.8,5,0,0
CLI00321,Private,98,5,23.05,1.0,37.158,0,ADV0036,0,0.2067,7.681,24.5,0.078,2.9,2,0,0
CLI00322,Private,54,6,17.12,3.0,67.498,0,ADV0033,0,0.0642,4.333,4.9,-0.192,41.2,3,0,0
CLI00323,Alta Renda,40,3,6.76,6.0,9.134,0,ADV0014,1,0.1786,1.631,11.3,-0.119,20.9,6,0,0
CLI00324,Wealth,107,7,14.31,4.0,61.487,0,ADV0048,0,0.1202,7.391,12.3,-0.016,7.8,8,0,0
CLI00325,Private,16,4,7.64,2.0,27.758,0,ADV0037,0,0.1863,5.171,11.9,0.238,14.6,2,0,0
CLI00326,Private,104,5,18.13,2.7857142857142856,19.987,0,ADV0028,0,0.1197,2.392,5.5,-0.1,10.2,2,0,0
CLI00327,Private,115,1,6.88,2.7857142857142856,42.521,0,ADV0030,0,0.1175,4.996,40.0,-0.082,11.6,2,0,0
CLI00328,Alta Renda,79,8,6.67,5.0,3.754,0,ADV0021,0,0.1223,0.459,11.0,0.407,28.1,5,0,0
CLI00329,Alta Renda,14,4,4.74,0.0,9.15,0,ADV0012,0,0.0662,0.606,5.9,-0.023,6.4,7,0,0
CLI00330,Alta Renda,8,1,,1.0,12.823,1,ADV0017,0,0.0868,1.113,45.8,-0.159,23.5,7,1,0
CLI00331,Private,90,6,8.6,4.0,35.599,1,ADV0038,0,0.1127,4.012,36.6,-0.017,34.4,8,0,0
CLI00332,Alta Renda,31,2,6.2,1.0,12.622,0,ADV0000,1,0.1134,1.431,14.5,-0.012,19.4,5,0,0
CLI00333,Alta Renda,77,4,19.86,1.0,3.421,0,ADV0005,0,0.154,0.527,9.1,-0.306,12.0,5,0,0
CLI00334,Alta Renda,53,6,13.73,3.0,4.881,0,ADV0002,0,0.1022,0.499,3.0,0.229,7.4,5,0,0
CLI00335,Alta Renda,122,1,13.23,4.0,3.941,0,ADV0001,0,0.0542,0.214,18.6,-0.164,8.2,4,0,0
CLI00336,Wealth,17,3,18.17,4.0,53.978,0,ADV0044,0,0.1616,8.723,8.6,0.01,14.8,6,0,0
CLI00337,Private,138,3,12.58,0.0,24.941,0,ADV0035,0,0.0652,1.626,12.8,-0.015,13.9,5,0,0
CLI00338,Private,53,2,8.36,2.0,37.458,0,ADV0023,0,0.1145,4.289,38.4,0.051,23.2,3,0,0
CLI00339,Alta Renda,42,8,4.36,2.816326530612245,8.439,0,ADV0005,0,0.154,1.3,8.1,-0.482,3.9,5,0,0
CLI00340,Private,49,4,8.12,3.0,22.249,0,ADV0024,0,0.102,2.269,18.1,-0.074,27.9,5,0,0
CLI00341,Private,20,4,17.82,3.0,20.368,0,ADV0023,0,0.1145,2.332,21.8,0.247,58.0,5,0,0
CLI00342,Alta Renda,48,4,6.23,1.0,3.0,0,ADV0009,0,0.1144,0.343,28.7,0.278,12.8,5,0,0
CLI00343,Alta Renda,92,8,12.98,4.0,3.775,0,ADV0021,0,0.1223,0.462,12.1,-0.218,11.5,6,0,0
CLI00344,Alta Renda,75,6,15.84,1.0,4.855,0,ADV0019,0,0.1791,0.87,11.2,0.203,12.3,4,0,0
CLI00345,Private,51,7,12.7,4.0,8.959,0,ADV0030,0,0.1175,1.053,11.0,-0.168,14.4,5,0,0
CLI00346,Private,113,7,13.18,1.0,22.999,0,ADV0031,0,0.1595,3.668,16.9,-0.082,10.8,6,0,0
CLI00347,Alta Renda,128,2,14.25,1.0,3.0,0,ADV0002,0,0.1022,0.307,33.2,-0.071,2.3,5,0,0
CLI00348,Alta Renda,26,4,13.09,1.0,6.894,0,ADV0018,0,0.1071,0.738,10.6,0.024,12.1,2,0,0
CLI00349,Private,112,6,18.26,0.0,9.725,0,ADV0031,0,0.1595,1.551,0.9,0.22,15.0,6,0,0
CLI00350,Private,85,3,7.13,0.0,19.079,0,ADV0025,0,0.1058,2.019,23.5,0.058,29.8,5,0,0
CLI00351,Wealth,52,1,12.51,1.0,112.121,0,ADV0044,0,0.1616,18.119,13.7,-0.028,6.4,5,0,0
CLI00352,Private,122,6,3.86,2.0,39.642,0,ADV0033,0,0.0642,2.545,18.6,0.213,37.4,3,0,0
CLI00353,Alta Renda,129,8,2.79,2.0,3.0,0,ADV0008,0,0.1289,0.387,3.1,-0.177,10.3,7,0,0
CLI00354,Alta Renda,30,7,11.16,0.0,9.142,0,ADV0003,0,0.1,0.914,8.6,-0.017,7.0,4,0,0
CLI00355,Private,41,7,13.78,2.7650602409638556,11.349,0,ADV0031,0,0.1595,1.81,22.2,0.219,20.9,6,0,0
CLI00356,Alta Renda,56,3,18.35,2.0,5.627,1,ADV0001,0,0.0542,0.305,16.9,-0.24,13.1,2,0,0
CLI00357,Private,20,3,21.66,4.0,24.986,0,ADV0029,0,0.1427,3.566,18.1,-0.103,13.0,4,0,0
CLI00358,Wealth,73,8,17.04,2.963855421686747,84.571,0,ADV0047,0,0.1208,10.216,12.7,-0.333,13.7,4,0,0
CLI00359,Private,26,1,14.55,1.0,29.122,0,ADV0028,0,0.1197,3.486,7.2,0.068,20.2,9,0,0
CLI00360,Alta Renda,24,3,12.17,5.0,4.967,1,ADV0019,0,0.1791,0.89,7.0,-0.558,13.2,3,0,0
CLI00361,Private,39,2,5.07,1.0,24.265,0,ADV0032,0,0.1735,4.21,5.6,-0.047,11.8,5,0,0
CLI00362,Private,83,1,10.89,1.0,20.977,0,ADV0022,1,0.1452,3.046,13.7,0.259,10.1,7,0,0
CLI00363,Private,130,3,16.92,3.0,34.037,0,ADV0027,0,0.1397,4.755,14.8,0.131,18.9,3,0,0
CLI00364,Wealth,122,5,15.27,1.0,129.607,0,ADV0047,0,0.1208,15.657,9.9,-0.445,9.1,2,0,0
CLI00365,Alta Renda,57,6,6.1,5.0,5.433,0,ADV0019,0,0.1791,0.973,5.3,0.044,30.5,3,0,0
CLI00366,Family Office,32,3,14.08,3.0,251.467,0,ADV0048,0,0.1202,30.226,17.7,-0.07,13.8,3,0,0
CLI00367,Wealth,40,2,13.72,2.963855421686747,154.386,0,ADV0045,0,0.0857,13.231,23.8,-0.28,3.1,7,0,0
CLI00368,Alta Renda,141,4,12.97,2.0,6.771,1,ADV0010,0,0.1446,0.979,38.0,-0.14,21.1,7,0,0
CLI00369,Alta Renda,111,3,11.38,4.0,9.699,0,ADV0003,0,0.1,0.97,44.3,-0.108,18.4,7,0,0
CLI00370,Alta Renda,7,7,,4.0,14.444,0,ADV0005,0,0.154,2.224,11.4,-0.107,30.7,8,1,0
CLI00371,Alta Renda,82,7,14.43,1.0,12.226,0,ADV0000,1,0.1134,1.386,31.1,0.027,7.7,5,0,0
CLI00372,Alta Renda,137,7,8.81,2.816326530612245,23.887,1,ADV0005,0,0.154,3.679,17.9,-0.092,20.0,5,0,0
CLI00373,Private,95,4,13.41,1.0,36.991,0,ADV0034,0,0.056,2.071,6.8,0.021,20.6,6,0,0
CLI00374,Alta Renda,94,7,10.7,0.0,10.148,0,ADV0003,0,0.1,1.015,14.3,-0.131,27.6,1,0,0
CLI00375,Alta Renda,99,5,5.25,3.0,7.562,0,ADV0016,0,0.1544,1.168,35.6,-0.118,7.4,4,0,0
CLI00376,Wealth,12,3,9.14,3.0,95.511,0,ADV0043,0,0.0608,5.807,10.5,0.218,16.1,4,0,0
CLI00377,Alta Renda,100,8,4.93,1.0,5.444,0,ADV0000,1,0.1134,0.617,3.1,0.241,12.9,5,0,0
CLI00378,Private,113,7,15.62,2.7857142857142856,28.026,0,ADV0041,1,0.1061,2.974,23.5,-0.376,7.6,2,0,0
CLI00379,Alta Renda,79,1,12.99,2.0,5.545,0,ADV0014,1,0.1786,0.99,12.3,0.164,12.4,7,0,0
CLI00380,Alta Renda,44,8,10.01,2.816326530612245,9.416,0,ADV0005,0,0.154,1.45,16.1,0.308,26.3,3,0,0
CLI00381,Private,76,4,17.47,3.0,21.688,0,ADV0035,0,0.0652,1.414,7.1,0.343,13.8,0,0,0
CLI00382,Private,61,5,11.79,1.0,47.042,0,ADV0031,0,0.1595,7.503,14.2,0.114,11.9,6,0,0
CLI00383,Wealth,47,1,5.49,3.0,51.704,0,ADV0045,0,0.0857,4.431,3.6,-0.233,19.9,3,0,0
CLI00384,Private,41,1,9.65,4.0,12.753,1,ADV0037,0,0.1863,2.376,40.7,0.131,29.5,6,0,0
CLI00385,Private,89,1,18.36,2.7857142857142856,42.293,0,ADV0041,1,0.1061,4.487,26.4,-0.191,6.3,2,0,0
CLI00386,Alta Renda,123,1,8.69,2.816326530612245,4.04,0,ADV0014,1,0.1786,0.722,13.7,-0.075,16.6,3,0,0
CLI00387,Alta Renda,12,8,12.66,2.6315789473684212,7.939,0,ADV0009,0,0.1144,0.908,23.0,0.084,10.4,4,0,0
CLI00388,Private,59,8,14.62,3.0,36.018,0,ADV0038,0,0.1127,4.059,7.8,-0.177,13.8,1,0,0
CLI00389,Private,134,3,13.98,1.0,31.551,0,ADV0041,1,0.1061,3.348,25.6,-0.252,20.9,3,0,0
CLI00390,Family Office,125,7,21.79,3.0,306.387,0,ADV0049,0,0.1398,42.833,10.1,0.102,11.0,4,0,0
CLI00391,Alta Renda,111,6,6.56,1.0,6.928,0,ADV0020,0,0.1143,0.792,9.6,0.411,12.7,4,0,0
CLI00392,Alta Renda,52,3,6.98,2.6315789473684212,4.69,0,ADV0018,0,0.1071,0.502,5.9,0.274,25.0,6,0,0
CLI00393,Private,128,3,6.63,4.0,27.834,1,ADV0039,0,0.1042,2.9,26.8,-0.019,22.9,5,0,0
CLI00394,Alta Renda,124,5,10.26,3.0,3.927,0,ADV0017,0,0.0868,0.341,13.3,0.215,12.5,5,0,0
CLI00395,Wealth,123,5,16.12,3.0,176.852,0,ADV0047,0,0.1208,21.364,31.8,0.14,14.8,1,0,0
CLI00396,Wealth,26,7,7.17,1.0,70.089,0,ADV0044,0,0.1616,11.326,5.3,0.099,14.1,7,0,0
CLI00397,Alta Renda,142,6,16.18,6.0,28.064,0,ADV0021,0,0.1223,3.432,17.6,0.198,2.8,1,0,0
CLI00398,Private,31,5,11.65,2.7857142857142856,9.009,0,ADV0038,0,0.1127,1.015,28.0,-0.301,15.0,3,0,0
CLI00399,Private,14,7,6.84,1.0,64.368,0,ADV0038,0,0.1127,7.254,15.0,0.044,4.7,3,0,0
CLI00400,Alta Renda,20,7,4.14,2.816326530612245,3.247,1,ADV0005,0,0.154,0.5,15.9,-0.006,29.4,3,0,0
CLI00401,Wealth,15,8,5.08,1.0,62.525,0,ADV0045,0,0.0857,5.358,14.7,0.017,4.6,6,0,0
CLI00402,Private,127,2,8.7,4.0,46.312,0,ADV0025,0,0.1058,4.9,30.2,-0.102,10.0,4,0,0
CLI00403,Private,126,8,10.79,4.0,15.727,0,ADV0042,0,0.2352,3.699,30.1,0.115,8.6,4,0,0
CLI00404,Alta Renda,130,6,17.15,1.0,6.744,0,ADV0016,0,0.1544,1.041,12.0,-0.18,33.8,5,0,0
CLI00405,Wealth,77,5,14.86,2.963855421686747,120.688,0,ADV0045,0,0.0857,10.343,29.8,-0.117,26.7,3,0,0
CLI00406,Alta Renda,54,6,7.98,1.0,13.713,0,ADV0019,0,0.1791,2.456,12.8,-0.144,1.4,3,0,0
CLI00407,Alta Renda,96,3,13.22,2.0,9.364,0,ADV0000,1,0.1134,1.062,22.9,0.19,13.3,3,0,0
CLI00408,Wealth,42,3,18.44,2.963855421686747,31.401,0,ADV0045,0,0.0857,2.691,19.0,-0.003,5.4,4,0,0
CLI00409,Alta Renda,73,6,19.37,3.0,5.395,0,ADV0004,0,0.1679,0.906,9.7,-0.101,15.0,6,0,0
CLI00410,Alta Renda,55,2,10.18,2.0,3.634,0,ADV0016,0,0.1544,0.561,6.1,-0.082,20.6,3,0,0
CLI00411,Wealth,24,2,15.52,6.0,141.819,0,ADV0048,0,0.1202,17.047,28.5,0.001,15.9,3,0,0
CLI00412,Wealth,105,8,17.34,2.963855421686747,124.927,0,ADV0048,0,0.1202,15.016,33.7,0.357,21.4,2,0,0
CLI00413,Private,65,6,5.17,1.0,44.145,0,ADV0028,0,0.1197,5.284,17.3,-0.272,11.2,4,0,0
CLI00414,Private,94,5,9.35,2.7650602409638556,31.359,0,ADV0031,0,0.1595,5.002,12.8,0.149,16.2,9,0,0
CLI00415,Alta Renda,74,8,20.82,1.0,7.518,0,ADV0021,0,0.1223,0.919,4.7,0.104,20.9,5,0,0
CLI00416,Alta Renda,54,4,10.24,2.0,3.0,0,ADV0015,0,0.1504,0.451,28.0,-0.194,9.7,4,0,0
CLI00417,Alta Renda,113,2,-0.8,4.0,7.686,0,ADV0016,0,0.1544,1.187,16.0,0.323,6.9,2,0,0
CLI00418,Private,124,1,10.99,3.0,19.735,0,ADV0033,0,0.0642,1.267,10.7,0.119,8.3,4,0,0
CLI00419,Private,42,8,16.22,4.0,57.242,0,ADV0038,0,0.1127,6.451,23.3,-0.112,12.4,5,0,0
CLI00420,Private,16,3,11.53,3.0,21.622,0,ADV0040,0,0.1452,3.14,4.0,-0.409,13.6,2,0,0
CLI00421,Private,143,8,14.5,0.0,63.173,1,ADV0040,0,0.1452,9.173,6.6,-0.058,19.4,4,0,0
CLI00422,Alta Renda,83,6,15.44,7.0,7.135,0,ADV0004,0,0.1679,1.198,7.6,-0.01,7.7,2,0,0
CLI00423,Private,82,1,10.01,2.0,38.581,0,ADV0024,0,0.102,3.935,18.6,-0.227,21.3,4,0,0
CLI00424,Alta Renda,7,6,,4.0,12.61,0,ADV0002,0,0.1022,1.289,14.9,-0.23,38.6,4,1,0
CLI00425,Private,69,7,12.14,1.0,49.707,0,ADV0027,0,0.1397,6.944,20.1,0.191,8.7,7,0,0
CLI00426,Alta Renda,40,3,12.25,3.0,3.732,0,ADV0021,0,0.1223,0.456,26.8,-0.43,51.8,2,0,0
CLI00427,Wealth,12,3,11.73,2.963855421686747,228.072,0,ADV0045,0,0.0857,19.546,20.6,0.069,41.8,3,0,0
CLI00428,Alta Renda,90,2,11.9,5.0,5.859,0,ADV0017,0,0.0868,0.509,41.0,-0.041,13.5,3,0,0
CLI00429,Alta Renda,72,8,8.36,1.0,8.901,0,ADV0005,0,0.154,1.371,26.8,0.109,12.1,6,0,0
CLI00430,Alta Renda,47,2,14.65,3.0,7.838,0,ADV0007,0,0.068,0.533,11.9,-0.065,8.2,7,0,0
CLI00431,Private,123,1,14.02,1.0,39.633,0,ADV0039,0,0.1042,4.13,8.6,0.065,23.4,5,0,0
CLI00432,Private,130,8,5.89,2.7650602409638556,38.546,0,ADV0031,0,0.1595,6.148,12.2,-0.163,14.2,2,0,0
CLI00433,Alta Renda,29,7,9.87,4.0,3.345,0,ADV0005,0,0.154,0.515,21.1,-0.011,15.2,2,0,0
CLI00434,Alta Renda,51,6,11.89,3.0,4.903,0,ADV0004,0,0.1679,0.823,9.3,0.108,7.0,4,0,0
CLI00435,Private,24,7,9.26,2.0,31.86,1,ADV0035,0,0.0652,2.077,27.7,-0.03,27.1,4,0,0
CLI00436,Alta Renda,73,3,14.18,2.0,15.118,0,ADV0003,0,0.1,1.512,19.9,0.084,11.4,5,0,0
CLI00437,Private,107,1,11.22,3.0,18.104,0,ADV0042,0,0.2352,4.258,6.0,-0.204,5.8,5,0,0
CLI00438,Private,47,4,12.21,2.0,29.07,0,ADV0035,0,0.0652,1.895,26.4,-0.13,12.8,4,0,0
CLI00439,Alta Renda,37,1,9.82,4.0,8.073,0,ADV0004,0,0.1679,1.355,16.9,-0.126,7.4,7,0,0
CLI00440,Alta Renda,114,5,3.13,2.0,3.0,0,ADV0004,0,0.1679,0.504,39.7,-0.061,30.7,7,0,0
CLI00441,Family Office,41,1,2.89,7.0,502.581,0,ADV0049,0,0.1398,70.261,12.9,0.299,41.5,9,0,0
CLI00442,Alta Renda,102,7,13.98,3.0,11.378,0,ADV0018,0,0.1071,1.219,10.4,-0.078,13.1,5,0,0
CLI00443,Alta Renda,136,5,12.62,2.0,3.0,0,ADV0018,0,0.1071,0.321,5.4,-0.252,26.2,4,0,0
CLI00444,Private,78,5,13.34,3.0,48.523,0,ADV0041,1,0.1061,5.148,5.3,0.119,25.8,0,0,0
CLI00445,Wealth,141,8,12.06,1.0,79.458,0,ADV0047,0,0.1208,9.599,24.4,0.296,0.4,3,0,0
CLI00446,Family Office,102,8,12.4,3.0,951.829,0,ADV0049,0,0.1398,133.066,37.2,-0.277,8.3,3,0,0
CLI00447,Private,128,5,15.57,3.0,43.11,0,ADV0038,0,0.1127,4.858,12.1,0.434,14.6,2,0,0
CLI00448,Alta Renda,75,4,13.37,2.6315789473684212,5.912,0,ADV0018,0,0.1071,0.633,11.5,0.091,9.9,9,0,0
CLI00449,Alta Renda,18,8,15.87,7.0,9.542,0,ADV0004,0,0.1679,1.602,13.7,0.227,7.8,7,0,0
CLI00450,Private,54,1,12.22,3.0,37.824,1,ADV0039,0,0.1042,3.941,28.5,0.373,28.6,6,0,0
CLI00451,Private,65,7,10.24,2.0,7.963,0,ADV0028,0,0.1197,0.953,6.1,0.214,9.6,4,0,0
CLI00452,Alta Renda,135,1,12.32,1.0,13.646,0,ADV0021,0,0.1223,1.669,15.5,-0.024,16.9,7,0,0
CLI00453,Wealth,10,4,,3.0,260.244,0,ADV0045,0,0.0857,22.303,24.8,0.268,25.4,8,1,0
CLI00454,Alta Renda,32,3,9.9,2.0,3.0,0,ADV0005,0,0.154,0.462,18.5,0.056,31.8,2,0,0
CLI00455,Private,13,2,12.25,1.0,24.638,0,ADV0024,0,0.102,2.513,0.5,0.24,5.8,2,0,0
CLI00456,Alta Renda,55,7,12.19,3.0,10.353,0,ADV0000,1,0.1134,1.174,20.7,0.264,6.2,2,0,0
CLI00457,Private,72,8,11.05,5.0,23.132,0,ADV0022,1,0.1452,3.359,18.6,-0.24,15.6,2,0,0
CLI00458,Alta Renda,49,7,5.67,4.0,11.244,0,ADV0002,0,0.1022,1.149,31.1,0.175,2.2,5,0,0
CLI00459,Alta Renda,130,1,14.17,4.0,5.153,1,ADV0005,0,0.154,0.794,38.6,-0.088,7.2,3,0,0
CLI00460,Alta Renda,63,2,15.0,5.0,7.359,0,ADV0005,0,0.154,1.133,30.1,0.03,28.7,9,0,0
CLI00461,Private,8,6,,2.0,14.444,0,ADV0032,0,0.1735,2.506,13.8,0.028,20.3,9,1,0
CLI00462,Private,91,6,13.36,3.0,48.157,0,ADV0038,0,0.1127,5.427,3.0,0.019,12.4,1,0,0
CLI00463,Private,75,8,11.51,3.0,8.306,0,ADV0029,0,0.1427,1.185,11.5,0.335,18.4,4,0,0
CLI00464,Family Office,135,4,7.25,4.0,2913.084,0,ADV0048,0,0.1202,350.153,13.5,-0.301,21.2,3,0,0
CLI00465,Alta Renda,7,6,,1.0,3.0,0,ADV0018,0,0.1071,0.321,36.9,-0.379,4.2,8,1,0
CLI00466,Alta Renda,107,7,12.54,2.0,3.0,0,ADV0014,1,0.1786,0.536,7.2,-0.425,9.5,5,0,0
CLI00467,Wealth,40,6,12.31,2.0,155.205,0,ADV0045,0,0.0857,13.301,4.1,0.235,31.1,6,0,0
CLI00468,Alta Renda,103,3,10.43,3.0,12.879,0,ADV0011,0,0.0656,0.845,9.4,-0.17,15.8,5,0,0
CLI00469,Family Office,35,3,10.16,1.0,581.403,0,ADV0048,0,0.1202,69.885,7.5,0.029,16.5,4,0,0
CLI00470,Alta Renda,121,8,14.39,1.0,5.204,1,ADV0000,1,0.1134,0.59,4.3,-0.352,25.0,8,0,0
CLI00471,Family Office,13,3,7.21,5.0,187.731,0,ADV0048,0,0.1202,22.565,12.3,-0.195,2.9,2,0,0
CLI00472,Alta Renda,49,6,18.33,1.0,5.786,0,ADV0001,0,0.0542,0.314,13.9,0.187,8.6,4,0,0
CLI00473,Wealth,41,4,17.41,2.963855421686747,108.101,0,ADV0045,0,0.0857,9.264,3.5,-0.028,17.7,7,0,0
CLI00474,Private,82,5,10.01,1.0,46.256,0,ADV0026,0,0.1872,8.659,10.3,-0.052,9.6,8,0,0
CLI00475,Family Office,36,5,7.87,1.0,373.829,0,ADV0049,0,0.1398,52.261,7.1,0.051,6.0,5,0,0
CLI00476,Alta Renda,52,8,3.04,2.6315789473684212,7.964,0,ADV0003,0,0.1,0.796,14.2,0.159,6.7,5,0,0
CLI00477,Private,60,2,6.24,1.0,62.162,0,ADV0028,0,0.1197,7.441,15.2,-0.211,31.5,6,0,0
CLI00478,Family Office,111,5,14.57,3.0,1030.909,0,ADV0048,0,0.1202,123.915,7.1,0.192,9.3,6,0,0
CLI00479,Private,126,5,12.82,2.0,24.688,0,ADV0026,0,0.1872,4.622,26.3,0.319,27.7,5,0,0
CLI00480,Private,60,3,13.57,5.0,26.779,0,ADV0031,0,0.1595,4.271,13.3,-0.314,16.5,4,0,0
CLI00481,Private,17,3,3.75,5.0,50.036,0,ADV0035,0,0.0652,3.262,7.4,0.061,11.4,7,0,0
CLI00482,Private,141,6,9.84,2.7650602409638556,17.708,0,ADV0022,1,0.1452,2.571,3.3,-0.067,7.5,3,0,0
CLI00483,Private,8,8,17.24,2.0,41.624,0,ADV0031,0,0.1595,6.639,15.8,0.154,20.6,2,0,0
CLI00484,Private,35,2,11.1,4.0,16.143,0,ADV0029,0,0.1427,2.304,18.6,-0.268,25.7,4,0,0
CLI00485,Wealth,28,8,6.16,0.0,358.286,1,ADV0045,0,0.0857,30.705,10.5,-0.011,24.9,6,0,0
CLI00486,Alta Renda,97,1,11.03,2.0,5.724,0,ADV0002,0,0.1022,0.585,14.5,-0.354,4.6,5,0,0
CLI00487,Alta Renda,120,7,8.26,3.0,5.439,0,ADV0014,1,0.1786,0.971,35.3,-0.054,9.2,3,0,0
CLI00488,Wealth,109,2,12.9,2.963855421686747,117.023,0,ADV0048,0,0.1202,14.066,23.7,0.096,10.1,3,0,0
CLI00489,Wealth,123,2,11.59,2.0,78.535,0,ADV0045,0,0.0857,6.73,1.4,-0.151,2.3,2,0,0
CLI00490,Private,10,4,,2.0,13.487,0,ADV0022,1,0.1452,1.958,7.3,-0.186,18.3,8,1,0
CLI00491,Private,109,8,6.38,3.0,33.442,0,ADV0031,0,0.1595,5.334,11.9,0.049,20.0,6,0,0
CLI00492,Alta Renda,113,6,9.62,1.0,8.696,0,ADV0014,1,0.1786,1.553,13.8,0.017,19.5,6,0,0
CLI00493,Alta Renda,70,4,16.08,1.0,3.075,0,ADV0009,0,0.1144,0.352,14.7,0.001,17.5,4,0,0
CLI00494,Private,126,2,5.81,3.0,27.555,0,ADV0022,1,0.1452,4.001,17.8,0.189,10.7,1,0,0
CLI00495,Alta Renda,35,2,7.29,1.0,13.248,0,ADV0017,0,0.0868,1.15,12.1,-0.087,7.3,5,0,0
CLI00496,Private,89,2,12.34,6.0,9.97,0,ADV0029,0,0.1427,1.423,13.2,0.07,10.7,6,0,0
CLI00497,Alta Renda,37,5,12.7,2.0,6.167,1,ADV0004,0,0.1679,1.035,36.5,-0.412,44.8,4,0,0
CLI00498,Family Office,21,8,9.45,3.272727272727273,329.565,0,ADV0048,0,0.1202,39.614,16.0,-0.187,29.3,3,0,0
CLI00499,Family Office,43,7,10.33,8.0,260.591,0,ADV0049,0,0.1398,36.431,4.9,-0.063,14.2,3,0,0
CLI00500,Private,41,7,13.74,1.0,65.457,0,ADV0035,0,0.0652,4.268,14.1,-0.11,13.8,9,0,0
CLI00501,Private,119,4,15.07,2.0,21.832,0,ADV0026,0,0.1872,4.087,11.9,-0.099,2.5,0,0,0
CLI00502,Alta Renda,71,2,7.01,1.0,4.026,0,ADV0016,0,0.1544,0.622,2.1,0.256,17.3,9,0,0
CLI00503,Private,110,7,13.03,6.0,38.039,0,ADV0041,1,0.1061,4.036,14.7,-0.056,30.7,2,0,0
CLI00504,Private,90,3,17.85,3.0,73.355,0,ADV0034,0,0.056,4.108,5.5,-0.146,12.4,6,0,0
CLI00505,Alta Renda,7,8,,1.0,3.739,1,ADV0008,0,0.1289,0.482,58.7,-0.231,13.3,2,1,0
CLI00506,Wealth,80,7,6.96,2.0,119.221,0,ADV0046,1,0.1543,18.396,17.6,0.023,10.2,1,0,0
CLI00507,Private,72,6,6.77,1.0,32.485,0,ADV0042,0,0.2352,7.64,4.7,-0.261,21.1,5,0,0
CLI00508,Wealth,60,8,10.82,2.963855421686747,77.49,0,ADV0048,0,0.1202,9.314,24.0,-0.066,2.4,5,0,0
CLI00509,Private,11,6,,2.0,60.11,0,ADV0037,0,0.1863,11.198,31.4,-0.075,27.8,4,1,0
CLI00510,Private,91,7,11.33,2.0,16.683,1,ADV0030,0,0.1175,1.96,11.9,0.409,12.3,4,0,0
CLI00511,Alta Renda,65,3,12.29,2.816326530612245,7.166,0,ADV0021,0,0.1223,0.876,11.8,0.16,17.5,3,0,0
CLI00512,Wealth,106,6,7.32,3.0,140.239,1,ADV0047,0,0.1208,16.941,35.2,-0.053,28.1,5,0,0
CLI00513,Wealth,17,5,15.63,4.0,259.544,0,ADV0045,0,0.0857,22.243,29.9,0.27,6.6,1,0,0
CLI00514,Alta Renda,54,7,6.69,2.0,5.915,1,ADV0002,0,0.1022,0.605,31.4,-0.246,22.9,2,0,0
CLI00515,Alta Renda,47,5,9.38,1.0,3.0,0,ADV0001,0,0.0542,0.163,5.2,0.391,11.2,3,0,0
CLI00516,Alta Renda,87,7,14.15,3.0,5.027,0,ADV0018,0,0.1071,0.538,9.5,-0.101,5.4,4,0,0
CLI00517,Private,40,1,2.93,7.0,65.68,0,ADV0041,1,0.1061,6.969,10.3,-0.169,25.5,8,0,0
CLI00518,Family Office,139,1,12.23,3.380952380952381,1027.147,0,ADV0049,0,0.1398,143.595,22.0,0.12,10.6,9,0,0
CLI00519,Alta Renda,72,1,7.14,2.0,4.486,0,ADV0007,0,0.068,0.305,30.0,0.3,5.2,4,0,0
CLI00520,Private,85,6,11.57,4.0,17.059,0,ADV0029,0,0.1427,2.434,31.5,-0.303,13.8,6,0,0
CLI00521,Alta Renda,12,5,10.02,5.0,14.012,0,ADV0018,0,0.1071,1.501,2.7,-0.043,4.0,5,0,0
CLI00522,Family Office,19,5,20.34,2.0,899.994,0,ADV0048,0,0.1202,108.179,6.8,-0.134,9.6,6,0,0
CLI00523,Wealth,78,5,9.85,4.0,109.429,0,ADV0043,0,0.0608,6.653,8.2,0.031,16.4,8,0,0
CLI00524,Wealth,71,3,19.24,3.0,116.638,0,ADV0043,0,0.0608,7.092,6.8,0.002,3.7,2,0,0
CLI00525,Private,96,5,13.97,1.0,19.876,0,ADV0022,1,0.1452,2.886,17.6,0.296,20.2,5,0,0
CLI00526,Alta Renda,135,3,8.13,6.0,7.521,0,ADV0020,0,0.1143,0.86,19.0,-0.024,14.3,4,0,0
CLI00527,Alta Renda,25,1,12.89,5.0,16.594,1,ADV0013,0,0.1362,2.26,14.5,0.746,22.7,4,0,0
CLI00528,Alta Renda,15,1,10.22,5.0,4.737,1,ADV0002,0,0.1022,0.484,20.4,-0.667,24.0,4,0,0
CLI00529,Wealth,30,6,12.52,6.0,184.762,0,ADV0045,0,0.0857,15.834,9.8,0.204,9.4,3,0,0
CLI00530,Private,30,7,8.5,3.0,11.698,0,ADV0041,1,0.1061,1.241,10.7,0.05,9.6,3,0,0
CLI00531,Family Office,59,1,18.6,3.380952380952381,231.874,1,ADV0049,0,0.1398,32.416,44.2,0.631,41.6,6,0,0
CLI00532,Family Office,38,7,15.39,1.0,347.4,0,ADV0049,0,0.1398,48.567,20.9,-0.325,5.8,3,0,0
CLI00533,Private,100,7,11.63,6.0,32.893,0,ADV0028,0,0.1197,3.937,10.1,-0.256,5.8,3,0,0
CLI00534,Private,19,8,18.76,2.0,40.885,0,ADV0039,0,0.1042,4.26,12.1,0.403,8.5,6,0,0
CLI00535,Wealth,70,6,11.81,4.0,237.98,0,ADV0047,0,0.1208,28.748,17.8,-0.161,4.4,3,0,0
CLI00536,Wealth,115,2,16.11,3.0,81.963,0,ADV0044,0,0.1616,13.245,4.7,-0.147,5.1,9,0,0
CLI00537,Alta Renda,85,2,11.66,7.0,5.964,0,ADV0012,0,0.0662,0.395,14.5,-0.193,5.3,6,0,0
CLI00538,Private,59,4,13.15,2.0,44.358,0,ADV0022,1,0.1452,6.441,20.2,0.253,10.6,5,0,0
CLI00539,Alta Renda,130,8,11.16,4.0,8.658,0,ADV0006,0,0.1377,1.192,18.5,-0.276,10.3,4,0,0
CLI00540,Wealth,136,6,11.9,0.0,123.039,0,ADV0048,0,0.1202,14.789,6.9,0.005,24.4,3,0,0
CLI00541,Private,139,4,12.22,1.0,11.861,0,ADV0030,0,0.1175,1.394,8.0,-0.058,10.8,5,0,0
CLI00542,Alta Renda,30,4,8.69,2.0,9.759,0,ADV0011,0,0.0656,0.64,1.8,0.228,12.6,2,0,0
CLI00543,Private,122,8,9.82,7.0,35.065,0,ADV0033,0,0.0642,2.251,21.6,-0.124,37.0,6,0,0
CLI00544,Private,141,2,10.59,3.0,35.852,0,ADV0031,0,0.1595,5.718,44.6,0.091,1.5,2,0,0
CLI00545,Alta Renda,30,6,12.46,4.0,10.407,1,ADV0017,0,0.0868,0.903,8.1,-0.403,49.6,9,0,0
CLI00546,Alta Renda,84,2,11.37,2.816326530612245,4.296,1,ADV0005,0,0.154,0.662,26.7,-0.087,17.9,5,0,0
CLI00547,Private,73,4,16.43,4.0,40.491,0,ADV0033,0,0.0642,2.6,42.2,-0.053,16.4,4,0,0
CLI00548,Private,17,6,15.06,3.0,17.612,1,ADV0025,0,0.1058,1.863,11.1,-0.052,9.3,5,0,0
CLI00549,Private,37,4,10.68,1.0,6.228,0,ADV0039,0,0.1042,0.649,12.1,0.364,10.7,2,0,0
CLI00550,Private,133,5,17.3,3.0,42.781,0,ADV0025,0,0.1058,4.526,15.6,-0.129,28.5,4,0,0
CLI00551,Wealth,101,8,19.37,2.0,185.295,0,ADV0044,0,0.1616,29.944,18.1,0.367,18.2,7,0,0
CLI00552,Private,97,7,2.92,5.0,25.654,0,ADV0028,0,0.1197,3.071,16.2,-0.091,11.1,5,0,0
CLI00553,Private,36,6,15.42,2.7857142857142856,33.127,0,ADV0028,0,0.1197,3.965,9.7,0.148,7.4,3,0,0
CLI00554,Wealth,83,6,8.59,3.0,136.312,0,ADV0045,0,0.0857,11.682,20.0,-0.126,5.8,4,0,0
CLI00555,Alta Renda,25,7,14.86,0.0,4.363,0,ADV0020,0,0.1143,0.499,9.8,-0.298,9.3,9,0,0
CLI00556,Alta Renda,65,4,16.7,2.0,5.757,0,ADV0006,0,0.1377,0.793,17.0,0.091,11.8,4,0,0
CLI00557,Alta Renda,139,5,7.82,4.0,15.806,1,ADV0001,0,0.0542,0.857,17.6,0.332,37.6,4,0,0
CLI00558,Private,98,3,3.72,2.7857142857142856,26.455,0,ADV0038,0,0.1127,2.981,2.4,-0.289,14.6,8,0,0
CLI00559,Private,48,7,15.01,3.0,32.23,0,ADV0031,0,0.1595,5.141,29.2,-0.068,8.1,2,0,0
CLI00560,Private,135,8,12.07,3.0,43.575,1,ADV0035,0,0.0652,2.841,21.8,-0.024,10.0,1,0,0
CLI00561,Alta Renda,65,2,4.49,1.0,4.037,1,ADV0010,0,0.1446,0.584,32.4,0.379,7.3,4,0,0
CLI00562,Alta Renda,36,4,22.12,5.0,5.239,1,ADV0006,0,0.1377,0.721,26.1,-0.087,13.9,1,0,0
CLI00563,Alta Renda,10,7,,6.0,10.458,0,ADV0000,1,0.1134,1.186,15.3,-0.131,15.6,5,1,0
CLI00564,Alta Renda,15,7,14.31,2.0,10.154,1,ADV0017,0,0.0868,0.881,23.9,0.253,13.2,9,0,0
CLI00565,Private,94,6,17.24,0.0,9.189,0,ADV0029,0,0.1427,1.311,20.3,-0.318,37.9,2,0,0
CLI00566,Alta Renda,135,2,9.06,2.0,9.501,0,ADV0019,0,0.1791,1.702,11.3,-0.013,11.3,5,0,0
CLI00567,Alta Renda,131,2,12.05,4.0,7.318,0,ADV0021,0,0.1223,0.895,11.7,-0.322,24.9,5,0,0
CLI00568,Wealth,16,8,5.96,3.0,32.79,0,ADV0045,0,0.0857,2.81,19.6,0.289,3.4,6,0,0
CLI00569,Alta Renda,61,2,8.95,4.0,3.897,0,ADV0017,0,0.0868,0.338,12.9,-0.002,12.8,3,0,0
CLI00570,Private,88,7,13.12,4.0,55.524,0,ADV0025,0,0.1058,5.874,9.7,0.039,7.3,3,0,0
CLI00571,Private,142,3,4.51,2.7650602409638556,25.101,0,ADV0040,0,0.1452,3.645,7.0,0.609,25.3,10,0,0
CLI00572,Alta Renda,104,1,8.83,3.0,4.787,0,ADV0019,0,0.1791,0.857,17.4,-0.131,10.0,3,0,0
CLI00573,Private,78,4,7.6,2.0,74.325,1,ADV0031,0,0.1595,11.855,9.8,-0.079,30.0,5,0,0
CLI00574,Wealth,120,1,12.1,5.0,208.357,0,ADV0044,0,0.1616,33.67,23.2,-0.086,20.1,4,0,0
CLI00575,Wealth,12,7,13.91,5.0,154.525,0,ADV0048,0,0.1202,18.574,24.5,-0.051,9.1,8,0,0
CLI00576,Alta Renda,85,1,14.62,3.0,13.007,1,ADV0007,0,0.068,0.884,20.8,0.239,5.9,6,0,0
CLI00577,Wealth,102,7,15.7,3.0,161.83,0,ADV0046,1,0.1543,24.97,21.3,-0.035,7.7,5,0,0
CLI00578,Private,9,1,17.26,1.0,21.254,1,ADV0024,0,0.102,2.168,24.0,-0.049,36.4,6,0,0
CLI00579,Alta Renda,9,2,14.05,4.0,10.712,0,ADV0012,0,0.0662,0.709,22.3,0.062,20.0,5,0,0
CLI00580,Private,108,5,19.43,2.0,18.602,0,ADV0022,1,0.1452,2.701,21.7,-0.038,13.1,8,0,0
CLI00581,Family Office,45,2,12.0,5.0,1553.462,0,ADV0049,0,0.1398,217.174,16.7,0.081,22.3,6,0,0
CLI00582,Private,22,2,10.77,4.0,25.616,0,ADV0024,0,0.102,2.613,26.2,-0.029,30.4,8,0,0
CLI00583,Alta Renda,106,8,14.05,2.816326530612245,3.359,0,ADV0016,0,0.1544,0.519,11.6,0.487,13.5,4,0,0
CLI00584,Private,108,6,10.59,3.0,37.796,0,ADV0031,0,0.1595,6.028,7.2,0.122,6.2,1,0,0
CLI00585,Alta Renda,129,6,19.28,3.0,11.292,0,ADV0011,0,0.0656,0.741,6.9,-0.236,16.9,10,0,0
CLI00586,Alta Renda,57,1,16.25,3.0,14.379,0,ADV0003,0,0.1,1.438,10.3,0.027,40.5,5,0,0
CLI00587,Alta Renda,57,7,14.65,3.0,7.21,0,ADV0006,0,0.1377,0.993,2.0,-0.176,23.1,2,0,0
CLI00588,Alta Renda,129,8,12.05,3.0,8.85,0,ADV0006,0,0.1377,1.219,15.2,-0.054,16.1,4,0,0
CLI00589,Alta Renda,68,2,9.79,1.0,12.21,0,ADV0007,0,0.068,0.83,20.4,-0.2,6.8,3,0,0
CLI00590,Alta Renda,121,8,14.45,4.0,4.774,0,ADV0006,0,0.1377,0.657,24.2,0.464,11.5,3,0,0
CLI00591,Private,67,1,6.77,2.7650602409638556,23.75,0,ADV0031,0,0.1595,3.788,2.9,-0.152,3.6,6,0,0
CLI00592,Alta Renda,12,6,17.94,4.0,25.209,0,ADV0009,0,0.1144,2.884,7.0,0.151,5.4,11,0,0
CLI00593,Alta Renda,97,5,10.75,1.0,13.717,0,ADV0017,0,0.0868,1.191,22.7,-0.071,17.1,3,0,0
CLI00594,Wealth,19,4,12.78,5.0,50.683,0,ADV0045,0,0.0857,4.344,11.3,-0.255,2.9,4,0,0
CLI00595,Private,91,1,7.68,3.0,39.477,1,ADV0023,0,0.1145,4.52,21.1,-0.324,10.4,4,0,0
CLI00596,Private,138,8,14.54,2.8461538461538463,22.196,0,ADV0033,0,0.0642,1.425,4.4,0.088,4.9,7,0,0
CLI00597,Alta Renda,135,5,9.59,4.0,9.338,0,ADV0009,0,0.1144,1.068,30.9,0.123,5.6,4,0,0
CLI00598,Alta Renda,67,4,14.23,2.6315789473684212,6.868,0,ADV0009,0,0.1144,0.786,4.1,-0.577,13.7,5,0,0
CLI00599,Alta Renda,84,3,14.68,2.606741573033708,9.189,1,ADV0001,0,0.0542,0.498,21.4,-0.423,12.6,5,0,0
CLI00600,Alta Renda,143,1,8.78,1.0,3.0,0,ADV0008,0,0.1289,0.387,15.2,0.211,4.1,2,0,0
CLI00601,Alta Renda,63,1,6.78,0.0,22.0,1,ADV0014,1,0.1786,3.929,25.0,-0.473,13.6,4,0,0
CLI00602,Alta Renda,125,3,17.93,4.0,13.024,0,ADV0009,0,0.1144,1.49,18.2,0.045,4.0,5,0,0
CLI00603,Alta Renda,138,3,10.69,1.0,15.66,0,ADV0004,0,0.1679,2.629,18.5,-0.277,27.9,5,0,0
CLI00604,Alta Renda,70,1,12.44,3.0,7.119,0,ADV0006,0,0.1377,0.98,17.2,0.161,20.7,4,0,0
CLI00605,Private,18,3,13.54,1.0,28.592,0,ADV0022,1,0.1452,4.152,8.8,0.205,20.6,6,0,0
CLI00606,Alta Renda,87,2,6.23,2.816326530612245,5.742,0,ADV0010,0,0.1446,0.83,7.5,0.161,7.1,5,0,0
CLI00607,Alta Renda,57,4,13.44,5.0,4.831,0,ADV0018,0,0.1071,0.517,9.5,0.227,17.5,3,0,0
CLI00608,Private,122,4,11.92,2.0,107.14,0,ADV0025,0,0.1058,11.335,6.7,0.344,15.1,1,0,0
CLI00609,Private,31,4,8.8,3.0,34.694,0,ADV0034,0,0.056,1.943,27.0,-0.258,7.5,3,0,0
CLI00610,Alta Renda,39,2,6.64,2.606741573033708,10.95,0,ADV0001,0,0.0542,0.593,10.2,-0.174,12.5,4,0,0
CLI00611,Private,57,7,14.04,2.0,36.405,0,ADV0040,0,0.1452,5.286,14.6,0.197,3.4,2,0,0
CLI00612,Private,117,3,16.24,3.0,11.573,1,ADV0031,0,0.1595,1.846,34.4,-0.074,6.7,5,0,0
CLI00613,Alta Renda,87,5,12.25,2.816326530612245,5.28,1,ADV0004,0,0.1679,0.887,10.6,-0.599,44.8,5,0,0
CLI00614,Wealth,47,3,5.48,7.0,121.454,0,ADV0045,0,0.0857,10.409,4.0,-0.164,9.2,10,0,0
CLI00615,Wealth,26,1,7.06,2.0,190.31,0,ADV0046,1,0.1543,29.365,6.7,-0.143,16.5,6,0,0
CLI00616,Alta Renda,47,6,9.69,2.0,6.315,0,ADV0003,0,0.1,0.632,15.7,-0.353,7.7,5,0,0
CLI00617,Alta Renda,118,8,18.07,2.0,9.454,0,ADV0014,1,0.1786,1.688,15.0,-0.28,10.2,3,0,0
CLI00618,Private,110,8,10.46,2.0,63.104,0,ADV0041,1,0.1061,6.695,17.2,-0.274,13.0,4,0,0
CLI00619,Private,22,4,9.53,5.0,53.095,0,ADV0038,0,0.1127,5.984,12.1,-0.065,7.2,3,0,0
CLI00620,Alta Renda,125,3,4.47,3.0,4.871,0,ADV0009,0,0.1144,0.557,0.9,0.06,10.1,4,0,0
CLI00621,Alta Renda,142,5,8.74,3.0,12.43,0,ADV0010,0,0.1446,1.797,11.8,0.095,15.0,12,0,0
CLI00622,Alta Renda,134,1,6.32,2.0,6.932,0,ADV0018,0,0.1071,0.742,24.6,-0.112,32.8,3,0,0
CLI00623,Private,135,2,7.29,3.0,18.239,0,ADV0023,0,0.1145,2.088,28.8,-0.106,7.2,4,0,0
CLI00624,Private,65,7,12.0,5.0,52.47,0,ADV0031,0,0.1595,8.369,13.9,0.027,9.2,1,0,0
CLI00625,Alta Renda,53,2,9.82,1.0,3.054,0,ADV0018,0,0.1071,0.327,15.0,-0.329,23.0,7,0,0
CLI00626,Private,34,5,18.64,2.0,34.127,0,ADV0022,1,0.1452,4.955,19.9,0.211,26.6,5,0,0
CLI00627,Private,102,1,16.03,2.7857142857142856,28.791,0,ADV0038,0,0.1127,3.245,28.3,0.283,18.6,6,0,0
CLI00628,Alta Renda,15,4,8.94,1.0,4.842,0,ADV0001,0,0.0542,0.262,13.1,-0.138,26.2,6,0,0
CLI00629,Alta Renda,63,3,7.65,4.0,14.374,0,ADV0012,0,0.0662,0.952,19.7,-0.088,6.9,1,0,0
CLI00630,Private,26,1,17.31,5.0,60.751,1,ADV0035,0,0.0652,3.961,9.3,0.047,25.3,5,0,0
CLI00631,Wealth,33,8,18.47,0.0,62.06,0,ADV0045,0,0.0857,5.319,4.5,-0.027,21.1,3,0,0
CLI00632,Private,39,7,2.28,3.0,20.59,0,ADV0025,0,0.1058,2.178,9.2,0.129,5.6,9,0,0
CLI00633,Private,13,2,11.89,8.0,18.152,0,ADV0026,0,0.1872,3.398,32.5,-0.02,10.3,3,0,0
CLI00634,Alta Renda,84,7,10.44,2.816326530612245,4.181,0,ADV0005,0,0.154,0.644,20.0,0.342,1.9,6,0,0
CLI00635,Alta Renda,92,7,14.23,3.0,11.446,0,ADV0021,0,0.1223,1.4,4.9,0.108,14.3,5,0,0
CLI00636,Private,93,5,19.66,4.0,31.714,0,ADV0026,0,0.1872,5.937,20.6,0.12,24.3,7,0,0
CLI00637,Alta Renda,74,5,9.47,1.0,7.484,1,ADV0011,0,0.0656,0.491,8.6,-0.032,24.2,4,0,0
CLI00638,Alta Renda,92,3,2.85,4.0,6.369,0,ADV0013,0,0.1362,0.867,17.0,-0.122,6.1,7,0,0
CLI00639,Alta Renda,106,5,13.93,4.0,27.878,1,ADV0018,0,0.1071,2.986,14.4,-0.735,9.2,4,0,0
CLI00640,Alta Renda,13,5,17.34,4.0,3.454,0,ADV0000,1,0.1134,0.392,4.7,0.169,12.8,3,0,0
CLI00641,Alta Renda,82,1,10.22,2.0,4.659,1,ADV0016,0,0.1544,0.719,39.0,-0.249,21.4,5,0,0
CLI00642,Alta Renda,92,8,8.54,2.816326530612245,6.91,0,ADV0010,0,0.1446,0.999,10.2,-0.259,33.2,6,0,0
CLI00643,Alta Renda,48,4,9.66,3.0,26.432,0,ADV0016,0,0.1544,4.081,19.7,0.412,1.7,13,0,0
CLI00644,Alta Renda,134,3,15.07,2.816326530612245,6.919,0,ADV0006,0,0.1377,0.953,13.5,0.215,30.8,5,0,0
CLI00645,Wealth,114,1,9.59,2.963855421686747,73.488,0,ADV0045,0,0.0857,6.298,5.6,0.008,14.8,7,0,0
CLI00646,Private,22,4,12.88,2.7650602409638556,38.442,0,ADV0029,0,0.1427,5.486,11.0,-0.06,23.6,9,0,0
CLI00647,Private,138,7,11.62,3.0,49.999,1,ADV0034,0,0.056,2.8,14.0,-0.407,21.5,0,0,0
CLI00648,Private,26,1,11.18,0.0,25.575,0,ADV0040,0,0.1452,3.713,52.4,0.114,13.4,1,0,0
CLI00649,Private,63,6,14.45,1.0,16.816,0,ADV0024,0,0.102,1.715,22.1,-0.447,13.1,8,0,0
CLI00650,Alta Renda,115,1,9.49,1.0,8.14,0,ADV0004,0,0.1679,1.367,13.3,0.465,16.8,4,0,0
CLI00651,Private,140,5,9.69,3.0,127.657,0,ADV0027,0,0.1397,17.834,19.0,-0.174,10.9,3,0,0
CLI00652,Private,33,4,14.85,5.0,14.589,0,ADV0029,0,0.1427,2.082,21.2,-0.0,11.5,3,0,0
CLI00653,Private,56,3,7.35,1.0,28.941,0,ADV0038,0,0.1127,3.262,21.2,0.008,19.1,5,0,0
CLI00654,Alta Renda,10,3,7.8,6.0,5.819,0,ADV0021,0,0.1223,0.712,20.6,0.439,7.2,3,0,0
CLI00655,Alta Renda,10,4,,3.0,8.526,0,ADV0006,0,0.1377,1.174,19.6,-0.019,25.0,6,1,0
CLI00656,Alta Renda,99,5,15.07,2.0,6.021,0,ADV0014,1,0.1786,1.075,14.1,0.349,23.8,5,0,0
CLI00657,Alta Renda,101,2,11.06,0.0,10.261,0,ADV0017,0,0.0868,0.891,34.2,0.089,9.3,3,0,0
CLI00658,Private,13,1,5.98,6.0,44.702,0,ADV0032,0,0.1735,7.756,14.7,-0.212,19.2,5,0,0
CLI00659,Private,69,5,15.09,5.0,55.862,0,ADV0028,0,0.1197,6.687,13.6,0.03,17.6,7,0,0
CLI00660,Alta Renda,143,6,9.17,3.0,10.716,0,ADV0017,0,0.0868,0.93,14.8,-0.026,8.6,4,0,0
CLI00661,Family Office,43,8,7.84,3.0,1180.819,0,ADV0049,0,0.1398,165.078,15.5,-0.238,20.1,3,0,0
CLI00662,Private,116,7,10.68,0.0,19.924,0,ADV0030,0,0.1175,2.341,3.0,0.079,32.1,6,0,0
CLI00663,Alta Renda,117,4,17.71,1.0,6.154,1,ADV0011,0,0.0656,0.404,18.3,-0.228,29.9,2,0,0
CLI00664,Alta Renda,86,8,9.84,3.0,3.769,0,ADV0005,0,0.154,0.58,12.1,0.122,4.1,8,0,0
CLI00665,Alta Renda,141,1,13.92,2.0,7.37,0,ADV0007,0,0.068,0.501,2.8,0.043,18.0,4,0,0
CLI00666,Alta Renda,109,3,14.55,2.606741573033708,15.136,1,ADV0011,0,0.0656,0.993,20.3,-0.399,24.3,5,0,0
CLI00667,Alta Renda,78,7,13.36,5.0,4.443,0,ADV0008,0,0.1289,0.573,15.4,0.169,8.2,3,0,0
CLI00668,Alta Renda,54,8,16.84,2.0,8.411,0,ADV0009,0,0.1144,0.962,4.3,-0.137,25.0,6,0,0
CLI00669,Alta Renda,41,2,8.53,4.0,3.607,0,ADV0014,1,0.1786,0.644,8.0,-0.682,7.5,7,0,0
CLI00670,Alta Renda,131,8,7.12,5.0,3.951,0,ADV0009,0,0.1144,0.452,29.6,0.028,10.8,6,0,0
CLI00671,Wealth,73,6,7.04,4.0,192.441,0,ADV0045,0,0.0857,16.492,19.2,-0.122,7.7,2,0,0
CLI00672,Alta Renda,83,3,10.89,1.0,14.312,0,ADV0004,0,0.1679,2.403,18.4,0.084,6.8,2,0,0
CLI00673,Private,110,4,7.52,3.0,9.091,0,ADV0026,0,0.1872,1.702,27.3,0.44,16.8,7,0,0
CLI00674,Alta Renda,127,1,12.12,2.0,10.24,0,ADV0020,0,0.1143,1.17,6.7,0.446,4.4,4,0,0
CLI00675,Family Office,124,4,11.82,4.0,281.129,0,ADV0049,0,0.1398,39.302,4.4,-0.036,11.3,2,0,0
CLI00676,Alta Renda,119,7,15.78,2.0,8.481,0,ADV0005,0,0.154,1.306,25.0,-0.182,16.8,7,0,0
CLI00677,Alta Renda,15,1,12.72,5.0,3.0,1,ADV0019,0,0.1791,0.537,13.2,-0.061,16.8,3,0,0
CLI00678,Family Office,96,5,9.75,2.0,161.54,0,ADV0048,0,0.1202,19.417,6.6,-0.081,27.7,2,0,0
CLI00679,Wealth,7,2,,2.963855421686747,71.298,0,ADV0045,0,0.0857,6.11,2.9,0.086,11.9,7,1,0
CLI00680,Private,123,5,7.17,3.0,19.649,0,ADV0041,1,0.1061,2.085,14.9,-0.145,35.3,5,0,0
CLI00681,Alta Renda,18,5,11.34,2.0,5.165,0,ADV0012,0,0.0662,0.342,11.3,0.055,4.0,3,0,0
CLI00682,Alta Renda,100,4,12.84,2.0,9.773,0,ADV0009,0,0.1144,1.118,9.9,-0.179,17.2,6,0,0
CLI00683,Private,37,7,12.04,3.0,46.946,0,ADV0033,0,0.0642,3.014,1.3,0.261,15.0,6,0,0
CLI00684,Wealth,37,2,13.24,0.0,96.058,0,ADV0047,0,0.1208,11.604,33.9,-0.13,10.0,0,0,0
CLI00685,Private,129,8,8.8,2.0,41.046,0,ADV0028,0,0.1197,4.913,3.6,0.145,13.5,6,0,0
CLI00686,Private,16,1,16.34,2.7857142857142856,41.858,0,ADV0028,0,0.1197,5.01,10.7,-0.278,18.9,6,0,0
CLI00687,Alta Renda,15,1,19.15,3.0,3.155,0,ADV0014,1,0.1786,0.563,9.4,0.172,21.2,9,0,0
CLI00688,Private,20,6,4.77,2.7857142857142856,42.914,1,ADV0039,0,0.1042,4.472,27.7,-0.418,13.2,5,0,0
CLI00689,Alta Renda,22,3,6.39,2.6315789473684212,5.762,0,ADV0009,0,0.1144,0.659,3.0,0.057,17.4,5,0,0
CLI00690,Alta Renda,64,6,11.68,3.0,10.671,0,ADV0016,0,0.1544,1.648,18.0,0.225,7.2,3,0,0
CLI00691,Alta Renda,83,8,10.42,2.816326530612245,3.049,1,ADV0021,0,0.1223,0.373,27.3,-0.023,22.5,3,0,0
CLI00692,Private,129,6,19.46,2.0,62.568,0,ADV0025,0,0.1058,6.62,7.7,-0.226,31.1,5,0,0
CLI00693,Alta Renda,119,1,12.42,2.0,3.0,0,ADV0011,0,0.0656,0.197,17.6,0.109,22.5,2,0,0
CLI00694,Alta Renda,27,4,17.35,3.0,3.078,0,ADV0005,0,0.154,0.474,13.3,-0.185,7.7,1,0,0
CLI00695,Private,37,5,2.89,2.7857142857142856,17.578,0,ADV0030,0,0.1175,2.065,39.0,-0.089,6.3,5,0,0
CLI00696,Alta Renda,118,7,14.92,4.0,8.414,0,ADV0014,1,0.1786,1.503,11.3,0.058,48.8,3,0,0
CLI00697,Private,125,5,8.49,1.0,13.646,0,ADV0029,0,0.1427,1.947,5.9,0.299,29.8,6,0,0
CLI00698,Alta Renda,127,5,8.43,2.606741573033708,5.153,0,ADV0007,0,0.068,0.35,18.1,0.006,21.3,2,0,0
CLI00699,Private,37,2,10.46,2.0,34.97,0,ADV0023,0,0.1145,4.004,10.3,0.005,32.3,5,0,0
CLI00700,Private,124,1,5.52,2.0,14.926,0,ADV0026,0,0.1872,2.794,13.1,0.162,13.2,4,0,0
CLI00701,Alta Renda,44,8,13.36,0.0,11.346,1,ADV0002,0,0.1022,1.16,5.6,0.539,26.0,3,0,0
CLI00702,Alta Renda,17,8,12.3,3.0,7.482,0,ADV0017,0,0.0868,0.649,19.7,0.14,27.5,3,0,0
CLI00703,Alta Renda,23,7,12.62,3.0,19.692,0,ADV0006,0,0.1377,2.712,9.1,0.237,10.9,2,0,0
CLI00704,Alta Renda,131,4,15.23,2.6315789473684212,3.544,0,ADV0003,0,0.1,0.354,15.8,-0.072,18.0,5,0,0
CLI00705,Family Office,141,2,17.86,3.380952380952381,784.412,0,ADV0049,0,0.1398,109.661,45.2,-0.721,25.7,7,0,0
CLI00706,Alta Renda,51,3,9.97,3.0,8.401,0,ADV0016,0,0.1544,1.297,10.8,-0.18,6.0,7,0,0
CLI00707,Private,109,4,13.5,2.7857142857142856,13.14,1,ADV0041,1,0.1061,1.394,32.2,0.146,11.8,3,0,0
CLI00708,Alta Renda,140,6,12.73,3.0,4.52,0,ADV0012,0,0.0662,0.299,11.4,-0.007,25.3,5,0,0
CLI00709,Private,91,4,13.09,5.0,58.357,0,ADV0034,0,0.056,3.268,7.8,-0.075,15.3,5,0,0
CLI00710,Private,94,4,13.15,3.0,32.538,0,ADV0039,0,0.1042,3.39,30.2,0.257,14.0,3,0,0
CLI00711,Private,27,5,18.18,3.0,28.483,0,ADV0029,0,0.1427,4.065,2.1,-0.022,12.9,5,0,0
CLI00712,Private,97,4,9.57,3.0,28.84,0,ADV0023,0,0.1145,3.302,25.3,-0.46,27.0,6,0,0
CLI00713,Alta Renda,34,8,5.09,1.0,9.738,0,ADV0020,0,0.1143,1.113,1.8,-0.331,6.5,11,0,0
CLI00714,Alta Renda,18,6,8.57,3.0,7.477,0,ADV0017,0,0.0868,0.649,23.6,0.092,9.7,10,0,0
CLI00715,Wealth,7,6,,2.0,56.147,0,ADV0047,0,0.1208,6.783,13.2,-0.015,4.4,4,1,0
CLI00716,Wealth,34,1,11.6,1.0,359.042,0,ADV0043,0,0.0608,21.83,5.9,0.32,10.7,4,0,0
CLI00717,Family Office,32,4,9.54,3.0,528.332,0,ADV0048,0,0.1202,63.506,9.5,-0.161,14.8,6,0,0
CLI00718,Alta Renda,55,5,6.98,3.0,4.054,0,ADV0006,0,0.1377,0.558,20.8,-0.068,2.6,9,0,0
CLI00719,Private,100,4,12.43,6.0,26.272,0,ADV0037,0,0.1863,4.894,42.5,-0.195,7.3,2,0,0
CLI00720,Wealth,93,3,14.21,1.0,154.298,0,ADV0047,0,0.1208,18.639,3.1,-0.115,15.3,3,0,0
CLI00721,Alta Renda,49,3,12.78,4.0,6.42,0,ADV0009,0,0.1144,0.734,6.2,-0.416,17.8,3,0,0
CLI00722,Alta Renda,27,5,10.44,2.6315789473684212,7.287,0,ADV0003,0,0.1,0.729,4.0,-0.085,36.8,6,0,0
CLI00723,Private,102,1,12.12,4.0,58.122,0,ADV0037,0,0.1863,10.828,11.3,-0.011,19.6,4,0,0
CLI00724,Private,8,1,,3.0,11.285,0,ADV0028,0,0.1197,1.351,24.0,-0.03,11.8,5,1,0
CLI00725,Wealth,123,6,12.3,5.0,93.174,0,ADV0043,0,0.0608,5.665,3.5,0.473,14.6,1,0,0
CLI00726,Alta Renda,24,6,6.53,2.816326530612245,5.034,0,ADV0006,0,0.1377,0.693,13.0,0.403,14.9,3,0,0
CLI00727,Private,28,2,12.33,2.0,11.008,0,ADV0040,0,0.1452,1.598,23.5,-0.165,9.7,3,0,0
CLI00728,Alta Renda,35,5,9.65,4.0,10.442,0,ADV0010,0,0.1446,1.51,9.4,-0.45,15.7,5,0,0
CLI00729,Alta Renda,44,4,15.87,2.6315789473684212,3.97,0,ADV0008,0,0.1289,0.512,15.1,-0.022,9.3,4,0,0
CLI00730,Alta Renda,113,7,12.06,3.0,22.109,0,ADV0008,0,0.1289,2.85,28.8,0.083,16.3,8,0,0
CLI00731,Private,116,5,15.01,2.7857142857142856,15.965,0,ADV0041,1,0.1061,1.694,5.3,-0.189,12.9,2,0,0
CLI00732,Private,30,2,10.23,3.0,33.305,0,ADV0033,0,0.0642,2.138,2.4,-0.178,11.5,4,0,0
CLI00733,Private,133,6,10.38,3.0,82.716,0,ADV0026,0,0.1872,15.484,16.4,0.348,11.7,4,0,0
CLI00734,Alta Renda,116,5,17.78,3.0,11.828,0,ADV0017,0,0.0868,1.027,16.7,-0.057,21.7,5,0,0
CLI00735,Wealth,141,5,13.33,3.0,82.511,0,ADV0045,0,0.0857,7.071,8.9,0.146,20.4,3,0,0
CLI00736,Alta Renda,111,6,8.5,5.0,8.48,0,ADV0019,0,0.1791,1.519,7.6,-0.205,11.1,7,0,0
CLI00737,Private,77,8,15.27,2.0,47.165,0,ADV0041,1,0.1061,5.004,13.4,-0.013,21.1,4,0,0
CLI00738,Alta Renda,134,2,9.26,2.816326530612245,33.476,0,ADV0021,0,0.1223,4.094,5.2,-0.074,12.7,2,0,0
CLI00739,Alta Renda,113,6,12.45,1.0,5.905,0,ADV0018,0,0.1071,0.632,5.2,-0.149,12.9,4,0,0
CLI00740,Private,10,1,,5.0,39.952,0,ADV0022,1,0.1452,5.801,20.7,0.254,9.7,5,1,0
CLI00741,Alta Renda,8,4,5.49,4.0,9.798,0,ADV0015,0,0.1504,1.474,4.9,-0.306,34.5,7,0,0
CLI00742,Private,137,6,10.76,1.0,26.69,0,ADV0038,0,0.1127,3.008,2.5,0.066,32.3,4,0,0
CLI00743,Private,109,2,13.21,3.0,12.587,0,ADV0025,0,0.1058,1.332,7.6,-0.078,8.2,7,0,0
CLI00744,Alta Renda,69,3,14.71,5.0,7.912,1,ADV0011,0,0.0656,0.519,9.6,-0.066,25.1,2,0,0
CLI00745,Wealth,111,1,6.29,3.0,49.503,0,ADV0045,0,0.0857,4.242,18.0,-0.075,17.1,3,0,0
CLI00746,Alta Renda,103,3,5.05,2.0,10.854,0,ADV0018,0,0.1071,1.162,8.1,0.191,19.2,5,0,0
CLI00747,Private,15,7,16.08,5.0,38.138,0,ADV0027,0,0.1397,5.328,31.9,-0.207,6.1,4,0,0
CLI00748,Wealth,133,6,8.47,5.0,102.403,0,ADV0045,0,0.0857,8.776,13.9,0.255,6.9,5,0,0
CLI00749,Private,51,1,8.3,4.0,94.423,1,ADV0031,0,0.1595,15.06,16.0,0.032,6.0,5,0,0
CLI00750,Alta Renda,71,4,18.01,0.0,15.939,0,ADV0005,0,0.154,2.455,17.5,-0.292,19.2,5,0,0
CLI00751,Wealth,117,6,11.79,3.0,169.486,0,ADV0047,0,0.1208,20.474,31.6,0.15,4.1,3,0,0
CLI00752,Private,18,4,11.82,1.0,24.244,0,ADV0031,0,0.1595,3.867,20.3,-0.044,8.3,3,0,0
CLI00753,Alta Renda,142,8,10.74,0.0,9.467,0,ADV0017,0,0.0868,0.822,3.3,-0.376,23.2,5,0,0
CLI00754,Alta Renda,91,5,6.36,1.0,12.415,0,ADV0006,0,0.1377,1.71,9.7,0.073,22.5,4,0,0
CLI00755,Private,95,3,14.34,4.0,20.001,0,ADV0040,0,0.1452,2.904,15.6,0.221,33.3,5,0,0
CLI00756,Private,63,1,13.22,2.0,24.314,1,ADV0031,0,0.1595,3.878,28.1,0.356,44.2,2,0,0
CLI00757,Private,59,4,12.21,8.0,40.127,0,ADV0026,0,0.1872,7.512,11.4,-0.083,60.9,8,0,0
CLI00758,Wealth,17,2,11.01,2.963855421686747,64.981,0,ADV0045,0,0.0857,5.569,10.2,0.032,10.4,4,0,0
CLI00759,Private,19,4,10.27,3.0,29.941,0,ADV0040,0,0.1452,4.347,38.9,0.011,8.7,1,0,0
CLI00760,Alta Renda,126,2,15.33,2.606741573033708,5.172,0,ADV0007,0,0.068,0.352,20.5,0.328,17.5,3,0,0
CLI00761,Alta Renda,126,6,10.91,3.0,6.25,0,ADV0016,0,0.1544,0.965,17.5,-0.178,4.5,6,0,0
CLI00762,Alta Renda,25,1,11.23,3.0,17.235,0,ADV0012,0,0.0662,1.141,8.4,-0.102,11.3,7,0,0
CLI00763,Private,80,4,13.73,3.0,48.338,0,ADV0038,0,0.1127,5.448,5.1,-0.184,14.8,5,0,0
CLI00764,Alta Renda,75,7,12.37,3.0,9.72,1,ADV0001,0,0.0542,0.527,18.1,-0.82,19.2,2,0,0
CLI00765,Private,61,4,18.4,3.0,27.444,0,ADV0028,0,0.1197,3.285,22.0,0.055,19.7,3,0,0
CLI00766,Private,106,8,4.1,2.0,24.23,0,ADV0039,0,0.1042,2.525,13.0,0.352,11.1,6,0,0
CLI00767,Wealth,137,7,12.76,2.0,117.811,0,ADV0045,0,0.0857,10.096,20.6,-0.044,5.1,3,0,0
CLI00768,Alta Renda,116,1,8.54,2.6315789473684212,8.024,1,ADV0017,0,0.0868,0.696,20.9,0.079,15.6,3,0,0
CLI00769,Private,130,8,7.54,3.0,32.124,1,ADV0042,0,0.2352,7.556,37.8,-0.202,7.2,0,0,0
CLI00770,Alta Renda,137,4,9.58,2.0,4.626,0,ADV0005,0,0.154,0.712,3.3,0.13,8.9,3,0,0
CLI00771,Wealth,25,2,11.73,4.0,86.633,0,ADV0044,0,0.1616,14.0,9.9,-0.034,4.4,4,0,0
CLI00772,Alta Renda,143,4,11.92,2.0,11.912,0,ADV0006,0,0.1377,1.64,18.5,0.309,9.4,6,0,0
CLI00773,Alta Renda,29,3,5.13,3.0,4.554,0,ADV0019,0,0.1791,0.816,13.5,-0.179,17.4,7,0,0
CLI00774,Private,42,6,9.23,2.7650602409638556,20.255,0,ADV0040,0,0.1452,2.941,21.0,-0.063,5.2,5,0,0
CLI00775,Alta Renda,59,5,12.68,2.606741573033708,3.873,0,ADV0007,0,0.068,0.263,17.5,0.065,14.2,2,0,0
CLI00776,Alta Renda,108,2,7.82,2.0,7.457,0,ADV0011,0,0.0656,0.489,1.4,0.086,11.0,3,0,0
CLI00777,Private,43,3,6.82,2.0,79.572,1,ADV0036,0,0.2067,16.448,30.0,-0.165,25.4,4,0,0
CLI00778,Private,9,7,,3.0,45.882,0,ADV0036,0,0.2067,9.484,9.0,-0.281,19.4,4,1,0
CLI00779,Private,62,6,8.71,3.0,14.474,0,ADV0031,0,0.1595,2.309,6.4,0.514,10.5,5,0,0
CLI00780,Private,25,1,6.67,2.0,17.899,0,ADV0035,0,0.0652,1.167,26.1,-0.052,13.5,8,0,0
CLI00781,Private,22,2,7.37,3.0,39.307,0,ADV0027,0,0.1397,5.491,19.9,0.024,11.0,5,0,0
CLI00782,Alta Renda,124,5,10.36,5.0,3.0,0,ADV0012,0,0.0662,0.199,28.4,0.136,9.6,2,0,0
CLI00783,Alta Renda,76,6,8.98,1.0,9.796,0,ADV0017,0,0.0868,0.85,15.7,-0.14,8.0,6,0,0
CLI00784,Alta Renda,9,7,,2.6315789473684212,8.613,0,ADV0009,0,0.1144,0.985,9.8,0.013,18.3,2,1,0
CLI00785,Wealth,19,8,2.61,2.0,269.766,0,ADV0045,0,0.0857,23.119,14.5,-0.149,29.8,2,0,0
CLI00786,Private,8,8,,3.0,31.255,0,ADV0029,0,0.1427,4.46,5.5,0.091,27.6,3,1,0
CLI00787,Alta Renda,85,5,14.66,3.0,5.765,0,ADV0020,0,0.1143,0.659,3.9,-0.061,4.8,6,0,0
CLI00788,Private,60,1,9.83,4.0,33.573,0,ADV0022,1,0.1452,4.875,7.9,0.059,29.4,5,0,0
CLI00789,Wealth,137,1,10.38,2.963855421686747,72.721,0,ADV0047,0,0.1208,8.785,33.9,-0.23,6.6,10,0,0
CLI00790,Alta Renda,125,7,11.51,1.0,6.06,0,ADV0007,0,0.068,0.412,8.6,-0.182,14.8,4,0,0
CLI00791,Private,29,2,18.13,2.0,24.951,0,ADV0029,0,0.1427,3.561,2.6,-0.3,16.6,3,0,0
CLI00792,Private,87,7,4.92,3.0,36.793,0,ADV0025,0,0.1058,3.893,11.6,-0.156,3.8,6,0,0
CLI00793,Private,65,4,9.76,2.0,25.306,0,ADV0030,0,0.1175,2.973,8.5,-0.566,11.9,0,0,0
CLI00794,Alta Renda,54,1,4.27,2.0,6.555,0,ADV0000,1,0.1134,0.743,26.9,-0.068,30.6,6,0,0
CLI00795,Wealth,68,6,13.02,3.0,182.296,0,ADV0045,0,0.0857,15.623,32.4,-0.118,1.5,1,0,0
CLI00796,Wealth,115,4,10.9,3.0,272.216,1,ADV0047,0,0.1208,32.884,13.8,0.009,51.5,4,0,0
CLI00797,Private,114,8,12.35,5.0,39.261,0,ADV0028,0,0.1197,4.7,15.7,0.01,2.1,5,0,0
CLI00798,Private,81,8,12.14,0.0,44.524,0,ADV0035,0,0.0652,2.903,16.6,0.277,16.3,7,0,0
CLI00799,Wealth,35,3,15.66,8.0,86.086,0,ADV0046,1,0.1543,13.283,12.6,0.571,4.0,2,0,0
CLI00800,Private,63,5,13.76,4.0,73.424,0,ADV0035,0,0.0652,4.787,11.0,0.25,18.0,9,0,0
CLI00801,Alta Renda,122,4,14.99,1.0,4.535,0,ADV0007,0,0.068,0.308,6.1,-0.1,26.9,6,0,0
CLI00802,Private,105,5,7.02,6.0,20.561,1,ADV0028,0,0.1197,2.461,29.1,-0.063,33.4,9,0,0
CLI00803,Private,24,7,16.51,0.0,27.814,1,ADV0030,0,0.1175,3.268,10.0,-0.154,26.4,10,0,0
CLI00804,Alta Renda,99,4,8.47,2.816326530612245,7.748,0,ADV0021,0,0.1223,0.948,12.3,-0.37,11.1,9,0,0
CLI00805,Private,118,7,8.71,1.0,13.475,0,ADV0037,0,0.1863,2.51,3.5,-0.069,30.4,6,0,0
CLI00806,Wealth,68,3,12.64,3.0,75.031,0,ADV0047,0,0.1208,9.064,15.2,-0.052,44.2,2,0,0
CLI00807,Wealth,121,1,12.77,1.0,200.384,0,ADV0046,1,0.1543,30.919,13.7,0.129,14.3,7,0,0
CLI00808,Private,118,8,7.0,2.7650602409638556,83.76,0,ADV0022,1,0.1452,12.162,8.5,0.135,10.2,7,0,0
CLI00809,Alta Renda,52,3,10.77,1.0,6.103,0,ADV0005,0,0.154,0.94,10.6,-0.164,7.4,9,0,0
CLI00810,Family Office,62,8,17.75,8.0,738.183,0,ADV0049,0,0.1398,103.198,4.2,-0.091,21.5,3,0,0
CLI00811,Wealth,123,1,5.33,1.0,34.56,0,ADV0043,0,0.0608,2.101,22.7,0.098,25.5,6,0,0
CLI00812,Alta Renda,50,7,17.74,3.0,7.447,0,ADV0006,0,0.1377,1.025,22.5,-0.176,10.2,4,0,0
CLI00813,Wealth,9,1,,4.0,145.528,0,ADV0046,1,0.1543,22.455,4.9,0.265,34.6,3,1,0
CLI00814,Wealth,52,8,1.68,2.963855421686747,39.509,0,ADV0045,0,0.0857,3.386,5.0,0.134,20.4,2,0,0
CLI00815,Private,52,8,5.76,3.0,8.558,0,ADV0025,0,0.1058,0.905,6.1,0.038,14.2,2,0,0
CLI00816,Private,83,5,7.45,4.0,76.855,0,ADV0029,0,0.1427,10.967,19.1,0.086,16.7,2,0,0
CLI00817,Alta Renda,129,6,8.88,5.0,6.425,0,ADV0019,0,0.1791,1.151,16.6,-0.103,6.2,3,0,0
CLI00818,Alta Renda,80,3,11.06,6.0,5.766,0,ADV0002,0,0.1022,0.589,25.9,-0.138,21.4,2,0,0
CLI00819,Alta Renda,108,4,0.15,3.0,8.159,0,ADV0017,0,0.0868,0.708,27.7,-0.093,6.5,3,0,0
CLI00820,Private,142,8,12.28,2.0,29.615,0,ADV0041,1,0.1061,3.142,3.2,0.11,9.3,9,0,0
CLI00821,Alta Renda,95,3,7.07,3.0,10.757,0,ADV0000,1,0.1134,1.22,18.6,0.044,12.8,7,0,0
CLI00822,Alta Renda,74,5,17.34,6.0,5.245,0,ADV0017,0,0.0868,0.455,27.0,-0.093,40.0,7,0,0
CLI00823,Alta Renda,66,1,10.37,2.0,8.701,0,ADV0019,0,0.1791,1.558,10.1,0.165,15.8,2,0,0
CLI00824,Private,143,5,15.46,4.0,35.991,0,ADV0027,0,0.1397,5.028,12.8,-0.038,7.0,7,0,0
CLI00825,Wealth,55,2,16.16,3.0,243.483,0,ADV0046,1,0.1543,37.569,11.5,-0.153,16.7,3,0,0
CLI00826,Alta Renda,8,2,,1.0,9.315,1,ADV0017,0,0.0868,0.809,13.9,0.09,22.9,10,1,0
CLI00827,Alta Renda,112,4,9.12,3.0,3.455,0,ADV0017,0,0.0868,0.3,22.7,-0.223,28.2,4,0,0
CLI00828,Private,118,5,9.07,3.0,25.351,0,ADV0037,0,0.1863,4.723,38.0,-0.371,13.2,7,0,0
CLI00829,Private,99,7,10.56,2.0,28.527,0,ADV0022,1,0.1452,4.142,31.2,-0.001,7.8,1,0,0
CLI00830,Alta Renda,123,4,14.17,3.0,11.977,0,ADV0011,0,0.0656,0.786,8.8,-0.145,46.5,2,0,0
CLI00831,Private,86,7,9.36,5.0,39.847,0,ADV0022,1,0.1452,5.786,15.8,-0.056,16.7,5,0,0
CLI00832,Alta Renda,114,4,11.0,4.0,21.692,1,ADV0007,0,0.068,1.475,9.3,-0.357,7.8,8,0,0
CLI00833,Alta Renda,56,2,12.65,4.0,6.669,0,ADV0009,0,0.1144,0.763,7.5,0.266,13.1,4,0,0
CLI00834,Private,40,4,7.7,5.0,10.488,0,ADV0024,0,0.102,1.07,12.4,-0.146,9.3,5,0,0
CLI00835,Alta Renda,51,2,7.43,2.816326530612245,6.371,0,ADV0021,0,0.1223,0.779,7.3,-0.095,29.3,4,0,0
CLI00836,Wealth,74,8,10.84,8.0,93.374,0,ADV0046,1,0.1543,14.408,8.3,0.083,19.5,6,0,0
CLI00837,Alta Renda,98,1,11.39,4.0,6.226,0,ADV0017,0,0.0868,0.54,15.5,-0.303,10.7,5,0,0
CLI00838,Private,69,7,13.32,1.0,18.933,1,ADV0029,0,0.1427,2.702,20.8,-0.659,25.7,4,0,0
CLI00839,Private,54,5,14.32,4.0,16.864,0,ADV0031,0,0.1595,2.69,18.1,0.084,12.4,2,0,0
CLI00840,Alta Renda,79,8,6.88,4.0,9.848,1,ADV0000,1,0.1134,1.117,27.4,-0.364,14.7,3,0,0
CLI00841,Private,10,8,,1.0,36.622,0,ADV0033,0,0.0642,2.351,4.4,-0.198,7.7,3,1,0
CLI00842,Alta Renda,105,4,7.42,1.0,9.271,0,ADV0009,0,0.1144,1.061,7.0,0.133,7.6,3,0,0
CLI00843,Family Office,75,2,17.43,5.0,1013.572,0,ADV0048,0,0.1202,121.831,13.4,-0.179,44.6,4,0,0
CLI00844,Alta Renda,95,3,10.99,4.0,3.0,0,ADV0007,0,0.068,0.204,26.2,-0.06,24.8,3,0,0
CLI00845,Alta Renda,9,7,11.57,2.0,4.347,0,ADV0020,0,0.1143,0.497,51.2,-0.197,2.6,2,0,0
CLI00846,Alta Renda,131,8,11.74,2.0,9.253,1,ADV0004,0,0.1679,1.554,17.5,0.018,10.5,6,0,0
CLI00847,Family Office,44,4,8.49,2.0,332.814,1,ADV0049,0,0.1398,46.527,31.6,-0.001,10.4,6,0,0
CLI00848,Private,134,6,18.07,5.0,28.073,0,ADV0025,0,0.1058,2.97,4.0,-0.409,14.0,2,0,0
CLI00849,Private,29,1,13.23,4.0,40.571,0,ADV0029,0,0.1427,5.789,20.9,0.025,9.9,3,0,0
CLI00850,Alta Renda,62,1,11.67,3.0,6.463,0,ADV0003,0,0.1,0.646,42.9,0.188,32.9,5,0,0
CLI00851,Private,105,3,6.86,4.0,30.91,0,ADV0038,0,0.1127,3.484,7.0,-0.093,10.6,6,0,0
CLI00852,Alta Renda,75,2,6.62,2.816326530612245,3.686,0,ADV0010,0,0.1446,0.533,8.5,-0.249,41.8,5,0,0
CLI00853,Wealth,46,4,10.2,2.0,103.697,0,ADV0045,0,0.0857,8.887,23.1,0.093,12.7,7,0,0
CLI00854,Alta Renda,65,7,8.56,4.0,15.975,0,ADV0010,0,0.1446,2.31,13.3,0.22,47.4,5,0,0
CLI00855,Alta Renda,113,2,7.02,3.0,4.509,0,ADV0009,0,0.1144,0.516,2.0,0.196,11.6,6,0,0
CLI00856,Alta Renda,62,1,9.94,3.0,7.139,1,ADV0001,0,0.0542,0.387,13.2,0.137,16.3,3,0,0
CLI00857,Private,36,2,10.59,1.0,52.845,0,ADV0023,0,0.1145,6.051,32.3,0.022,24.5,4,0,0
CLI00858,Private,89,1,12.1,4.0,17.958,0,ADV0028,0,0.1197,2.15,10.6,-0.198,22.2,5,0,0
CLI00859,Alta Renda,41,2,9.38,0.0,6.37,1,ADV0003,0,0.1,0.637,25.0,0.03,18.7,10,0,0
CLI00860,Private,113,3,7.27,4.0,28.994,0,ADV0039,0,0.1042,3.021,22.2,0.178,14.2,4,0,0
CLI00861,Private,111,5,7.41,1.0,54.479,1,ADV0022,1,0.1452,7.91,29.7,-0.18,12.4,3,0,0
CLI00862,Private,91,3,16.59,1.0,48.318,0,ADV0026,0,0.1872,9.045,10.1,0.08,9.4,1,0,0
CLI00863,Alta Renda,140,3,6.24,3.0,3.868,0,ADV0021,0,0.1223,0.473,8.0,0.144,14.2,3,0,0
CLI00864,Alta Renda,19,5,13.03,2.0,7.75,0,ADV0020,0,0.1143,0.886,66.4,0.194,10.9,5,0,0
CLI00865,Private,125,5,13.68,1.0,11.524,1,ADV0028,0,0.1197,1.379,31.8,-0.301,16.3,9,0,0
CLI00866,Alta Renda,143,8,10.99,2.606741573033708,8.685,0,ADV0007,0,0.068,0.591,18.2,-0.189,6.1,6,0,0
CLI00867,Alta Renda,85,8,18.92,2.0,5.412,0,ADV0009,0,0.1144,0.619,19.0,-0.11,3.7,5,0,0
CLI00868,Wealth,111,4,13.61,4.0,68.698,0,ADV0044,0,0.1616,11.102,11.9,-0.222,25.1,3,0,0
CLI00869,Wealth,75,7,19.24,5.0,39.32,0,ADV0047,0,0.1208,4.75,16.5,-0.011,27.5,1,0,0
CLI00870,Alta Renda,49,7,8.77,3.0,5.818,0,ADV0018,0,0.1071,0.623,11.0,-0.054,24.1,5,0,0
CLI00871,Alta Renda,78,4,8.84,3.0,9.739,0,ADV0013,0,0.1362,1.326,6.5,0.472,13.8,11,0,0
CLI00872,Private,50,3,13.72,1.0,15.173,0,ADV0032,0,0.1735,2.633,16.9,0.197,10.3,6,0,0
CLI00873,Alta Renda,112,3,10.4,0.0,3.0,1,ADV0020,0,0.1143,0.343,19.8,0.099,11.2,4,0,0
CLI00874,Alta Renda,89,1,18.58,2.0,4.398,0,ADV0001,0,0.0542,0.238,17.5,0.104,7.3,2,0,0
CLI00875,Alta Renda,87,1,12.94,7.0,7.872,0,ADV0007,0,0.068,0.535,19.8,-0.081,12.7,2,0,0
CLI00876,Private,112,7,7.11,0.0,26.659,0,ADV0036,0,0.2067,5.51,18.1,-0.061,27.1,5,0,0
CLI00877,Private,26,4,4.21,1.0,24.32,0,ADV0033,0,0.0642,1.561,6.1,-0.04,7.9,4,0,0
CLI00878,Alta Renda,12,6,11.17,8.0,5.239,1,ADV0001,0,0.0542,0.284,10.0,-0.108,27.4,3,0,0
CLI00879,Alta Renda,75,8,11.13,3.0,5.198,0,ADV0011,0,0.0656,0.341,10.4,0.086,3.9,4,0,0
CLI00880,Alta Renda,132,6,12.82,2.606741573033708,11.494,0,ADV0011,0,0.0656,0.754,24.8,0.0,15.8,4,0,0
CLI00881,Private,125,4,16.58,2.0,26.922,0,ADV0033,0,0.0642,1.728,24.0,-0.064,18.0,6,0,0
CLI00882,Alta Renda,133,1,16.03,4.0,4.941,0,ADV0000,1,0.1134,0.56,7.4,-0.131,9.1,5,0,0
CLI00883,Alta Renda,62,7,9.07,4.0,20.79,0,ADV0005,0,0.154,3.202,4.3,-0.306,5.8,6,0,0
CLI00884,Private,63,7,6.07,2.7857142857142856,45.147,1,ADV0041,1,0.1061,4.79,71.2,0.335,23.0,6,0,0
CLI00885,Alta Renda,26,1,6.32,4.0,3.0,0,ADV0009,0,0.1144,0.343,17.7,0.485,13.8,6,0,0
CLI00886,Private,87,6,8.41,3.0,33.309,0,ADV0032,0,0.1735,5.779,3.8,0.264,56.2,4,0,0
CLI00887,Alta Renda,74,2,9.96,3.0,3.0,1,ADV0011,0,0.0656,0.197,9.6,-0.54,37.7,7,0,0
CLI00888,Alta Renda,136,2,12.78,2.816326530612245,11.351,0,ADV0005,0,0.154,1.748,25.5,0.173,27.5,3,0,0
CLI00889,Alta Renda,92,1,8.14,2.0,4.074,0,ADV0011,0,0.0656,0.267,44.9,0.225,1.2,7,0,0
CLI00890,Private,54,2,12.68,7.0,34.495,0,ADV0036,0,0.2067,7.13,40.4,-0.089,8.0,2,0,0
CLI00891,Wealth,120,5,13.02,3.0,250.458,0,ADV0044,0,0.1616,40.474,17.2,0.108,5.3,5,0,0
CLI00892,Wealth,94,4,12.1,1.0,98.425,0,ADV0043,0,0.0608,5.984,13.1,-0.1,2.1,2,0,0
CLI00893,Alta Renda,90,4,6.76,4.0,4.112,0,ADV0019,0,0.1791,0.736,5.6,0.336,13.1,4,0,0
CLI00894,Private,133,1,13.46,2.0,41.87,0,ADV0033,0,0.0642,2.688,13.9,0.08,22.6,8,0,0
CLI00895,Alta Renda,122,3,20.24,3.0,12.031,0,ADV0010,0,0.1446,1.74,6.2,-0.202,6.3,3,0,0
CLI00896,Alta Renda,132,8,12.53,2.0,5.325,0,ADV0015,0,0.1504,0.801,9.5,0.147,2.3,6,0,0
CLI00897,Wealth,76,6,-0.9,3.0,885.524,0,ADV0045,0,0.0857,75.889,23.1,0.233,6.7,6,0,0
CLI00898,Alta Renda,91,1,16.71,2.0,11.549,0,ADV0000,1,0.1134,1.31,10.9,0.044,12.0,6,0,0
CLI00899,Alta Renda,38,2,8.55,4.0,5.004,0,ADV0004,0,0.1679,0.84,10.4,0.105,11.4,3,0,0
CLI00900,Alta Renda,86,6,21.02,1.0,8.545,0,ADV0010,0,0.1446,1.236,12.6,-0.015,13.5,4,0,0
CLI00901,Alta Renda,66,3,11.99,3.0,5.284,0,ADV0001,0,0.0542,0.286,57.6,-0.25,17.7,5,0,0
CLI00902,Alta Renda,66,2,4.42,4.0,4.221,0,ADV0009,0,0.1144,0.483,5.1,-0.033,13.3,4,0,0
CLI00903,Private,103,7,2.83,2.7650602409638556,53.341,0,ADV0029,0,0.1427,7.612,15.9,0.115,23.4,5,0,0
CLI00904,Alta Renda,33,8,17.97,2.0,18.133,0,ADV0021,0,0.1223,2.218,38.1,-0.028,6.4,1,0,0
CLI00905,Wealth,48,5,16.14,2.0,64.966,0,ADV0045,0,0.0857,5.568,12.6,0.176,11.0,3,0,0
CLI00906,Private,91,2,20.85,4.0,4.475,0,ADV0042,0,0.2352,1.053,28.6,-0.086,19.7,6,0,0
CLI00907,Alta Renda,22,5,11.55,4.0,12.935,0,ADV0017,0,0.0868,1.123,4.1,-0.072,16.2,6,0,0
CLI00908,Alta Renda,103,6,11.26,1.0,4.694,0,ADV0012,0,0.0662,0.311,11.2,0.183,38.9,6,0,0
CLI00909,Alta Renda,103,5,9.89,5.0,6.346,0,ADV0018,0,0.1071,0.68,6.8,0.049,6.6,6,0,0
CLI00910,Private,70,6,8.74,4.0,22.203,0,ADV0029,0,0.1427,3.168,12.5,-0.091,19.9,6,0,0
CLI00911,Alta Renda,79,6,9.85,3.0,15.766,0,ADV0013,0,0.1362,2.147,12.7,0.227,8.4,8,0,0
CLI00912,Private,90,6,12.41,6.0,16.485,0,ADV0031,0,0.1595,2.629,13.6,-0.152,7.7,4,0,0
CLI00913,Alta Renda,10,6,,3.0,4.065,0,ADV0020,0,0.1143,0.465,23.0,-0.16,26.3,10,1,0
CLI00914,Private,7,6,,2.0,37.24,0,ADV0028,0,0.1197,4.458,1.2,-0.622,13.2,7,1,0
CLI00915,Alta Renda,27,2,12.17,3.0,4.188,0,ADV0021,0,0.1223,0.512,8.1,-0.122,16.1,9,0,0
CLI00916,Alta Renda,117,6,7.86,1.0,9.065,1,ADV0015,0,0.1504,1.363,16.8,0.139,10.0,3,0,0
CLI00917,Wealth,62,2,-2.11,2.963855421686747,72.25,1,ADV0048,0,0.1202,8.684,4.2,-0.351,27.0,3,0,0
CLI00918,Private,71,6,13.82,1.0,21.22,0,ADV0039,0,0.1042,2.211,19.9,-0.209,3.6,6,0,0
CLI00919,Alta Renda,79,5,6.85,1.0,24.402,0,ADV0006,0,0.1377,3.36,8.0,0.097,15.2,6,0,0
CLI00920,Wealth,103,7,14.28,3.0,61.392,1,ADV0045,0,0.0857,5.261,18.5,-0.617,6.0,3,0,0
CLI00921,Private,117,6,14.18,3.0,29.304,0,ADV0024,0,0.102,2.989,23.7,-0.112,12.2,8,0,0
CLI00922,Wealth,130,3,12.69,6.0,98.099,0,ADV0045,0,0.0857,8.407,29.4,0.251,23.4,1,0,0
CLI00923,Private,91,6,21.99,1.0,46.688,0,ADV0041,1,0.1061,4.954,20.3,0.449,2.8,6,0,0
CLI00924,Alta Renda,81,6,10.92,7.0,7.21,0,ADV0021,0,0.1223,0.882,4.9,0.064,65.3,1,0,0
CLI00925,Alta Renda,93,5,10.3,3.0,12.47,0,ADV0000,1,0.1134,1.414,19.7,-0.204,7.6,2,0,0
CLI00926,Alta Renda,43,8,14.37,0.0,4.0,1,ADV0013,0,0.1362,0.545,21.7,-0.648,12.5,9,0,0
CLI00927,Private,64,4,11.27,4.0,19.5,0,ADV0027,0,0.1397,2.724,17.9,0.032,16.0,4,0,0
CLI00928,Private,143,5,16.37,1.0,34.81,0,ADV0031,0,0.1595,5.552,32.5,0.062,7.4,1,0,0
CLI00929,Alta Renda,104,3,6.17,0.0,8.538,0,ADV0012,0,0.0662,0.565,13.9,0.409,9.5,3,0,0
CLI00930,Alta Renda,68,4,6.24,3.0,5.744,0,ADV0006,0,0.1377,0.791,31.7,0.214,26.9,4,0,0
CLI00931,Wealth,54,1,14.72,4.0,306.241,0,ADV0043,0,0.0608,18.619,31.6,0.019,21.8,4,0,0
CLI00932,Family Office,37,1,6.61,2.0,480.329,0,ADV0049,0,0.1398,67.15,20.9,-0.074,11.2,6,0,0
CLI00933,Private,140,8,14.06,3.0,71.129,0,ADV0026,0,0.1872,13.315,16.1,0.663,13.4,8,0,0
CLI00934,Alta Renda,26,3,13.05,6.0,19.542,0,ADV0009,0,0.1144,2.236,18.0,0.138,14.8,5,0,0
CLI00935,Alta Renda,25,5,8.58,2.816326530612245,16.864,0,ADV0013,0,0.1362,2.297,37.0,-0.147,19.3,9,0,0
CLI00936,Alta Renda,132,2,13.04,2.6315789473684212,24.522,0,ADV0000,1,0.1134,2.781,26.2,-0.049,20.2,9,0,0
CLI00937,Wealth,73,3,6.31,1.0,212.102,0,ADV0046,1,0.1543,32.727,5.5,-0.193,19.9,5,0,0
CLI00938,Alta Renda,115,7,7.3,2.0,4.775,0,ADV0005,0,0.154,0.735,17.3,-0.529,10.0,4,0,0
CLI00939,Private,121,4,10.5,0.0,46.117,0,ADV0028,0,0.1197,5.52,6.5,0.069,14.5,2,0,0
CLI00940,Alta Renda,125,4,11.83,4.0,7.138,0,ADV0013,0,0.1362,0.972,7.8,0.392,25.1,2,0,0
CLI00941,Private,84,6,10.22,3.0,10.813,0,ADV0028,0,0.1197,1.294,9.8,-0.359,46.4,11,0,0
CLI00942,Private,121,1,13.32,1.0,23.504,0,ADV0032,0,0.1735,4.078,3.7,0.012,14.2,4,0,0
CLI00943,Private,97,8,13.13,4.0,34.664,0,ADV0043,0,0.0608,2.108,6.2,-0.156,9.0,12,0,0
CLI00944,Alta Renda,19,4,17.92,0.0,8.604,0,ADV0010,0,0.1446,1.244,33.6,0.115,7.2,2,0,0
CLI00945,Alta Renda,130,3,11.1,2.0,4.879,0,ADV0000,1,0.1134,0.553,7.7,-0.038,20.0,5,0,0
CLI00946,Alta Renda,63,4,16.52,6.0,7.523,0,ADV0006,0,0.1377,1.036,23.1,-0.299,3.5,3,0,0
CLI00947,Wealth,33,8,15.37,2.0,41.369,0,ADV0045,0,0.0857,3.545,14.8,-0.216,20.1,3,0,0
CLI00948,Wealth,31,8,21.13,2.963855421686747,240.605,0,ADV0045,0,0.0857,20.62,19.1,-0.183,20.4,3,0,0
CLI00949,Private,118,8,10.97,4.0,39.012,0,ADV0029,0,0.1427,5.567,19.7,0.296,9.2,5,0,0
CLI00950,Private,71,3,9.73,1.0,24.066,0,ADV0030,0,0.1175,2.828,5.9,0.285,15.8,3,0,0
CLI00951,Private,136,2,16.78,2.8461538461538463,19.074,0,ADV0033,0,0.0642,1.225,23.0,-0.068,11.5,8,0,0
CLI00952,Alta Renda,49,6,13.12,3.0,11.54,0,ADV0009,0,0.1144,1.32,4.5,0.27,4.4,5,0,0
CLI00953,Wealth,102,1,16.88,3.0,171.451,0,ADV0046,1,0.1543,26.455,7.5,-0.038,19.2,4,0,0
CLI00954,Alta Renda,47,4,14.51,0.0,5.172,0,ADV0021,0,0.1223,0.633,19.5,-0.072,18.1,3,0,0
CLI00955,Alta Renda,11,3,,2.0,4.754,0,ADV0018,0,0.1071,0.509,5.6,0.013,9.8,6,1,0
CLI00956,Private,28,5,13.08,1.0,29.162,0,ADV0025,0,0.1058,3.085,1.8,0.063,46.0,9,0,0
CLI00957,Alta Renda,94,1,12.81,1.0,4.584,1,ADV0002,0,0.1022,0.468,17.8,-0.387,13.6,2,0,0
CLI00958,Alta Renda,128,2,12.06,2.0,3.343,0,ADV0008,0,0.1289,0.431,3.1,0.005,2.5,3,0,0
CLI00959,Private,56,3,10.94,8.0,14.586,0,ADV0037,0,0.1863,2.717,20.7,0.173,25.9,7,0,0
CLI00960,Alta Renda,16,7,4.81,3.0,11.197,0,ADV0004,0,0.1679,1.88,10.4,0.028,22.2,3,0,0
CLI00961,Private,17,7,15.17,2.7857142857142856,54.166,0,ADV0030,0,0.1175,6.365,16.5,0.009,23.9,5,0,0
CLI00962,Alta Renda,79,6,13.07,2.0,4.748,0,ADV0011,0,0.0656,0.311,16.3,0.109,6.2,7,0,0
CLI00963,Alta Renda,13,6,16.13,3.0,4.481,0,ADV0019,0,0.1791,0.803,21.7,0.147,15.5,6,0,0
CLI00964,Alta Renda,46,2,5.04,2.816326530612245,9.364,0,ADV0014,1,0.1786,1.672,19.8,-0.014,13.3,3,0,0
CLI00965,Alta Renda,90,2,13.63,5.0,6.959,0,ADV0017,0,0.0868,0.604,5.6,-0.104,11.9,1,0,0
CLI00966,Private,77,6,10.51,3.0,85.92,0,ADV0036,0,0.2067,17.76,10.9,0.042,30.2,6,0,0
CLI00967,Alta Renda,60,4,12.1,3.0,5.243,0,ADV0015,0,0.1504,0.789,16.5,-0.351,13.6,4,0,0
CLI00968,Private,142,4,10.56,6.0,35.482,1,ADV0028,0,0.1197,4.247,33.9,-0.379,30.2,7,0,0
CLI00969,Private,52,3,13.78,1.0,24.355,0,ADV0023,0,0.1145,2.789,20.0,-0.544,10.0,3,0,0
CLI00970,Private,109,5,10.82,2.0,49.242,0,ADV0033,0,0.0642,3.161,30.3,-0.369,5.8,4,0,0
CLI00971,Wealth,47,3,7.08,5.0,150.413,0,ADV0047,0,0.1208,18.17,17.1,-0.402,14.5,4,0,0
CLI00972,Private,65,5,11.86,3.0,44.494,0,ADV0037,0,0.1863,8.289,26.5,0.23,31.7,1,0,0
CLI00973,Alta Renda,17,2,10.6,3.0,10.933,0,ADV0010,0,0.1446,1.581,15.6,0.003,10.6,5,0,0
CLI00974,Alta Renda,135,1,11.15,2.0,5.129,0,ADV0001,0,0.0542,0.278,25.8,-0.278,16.1,4,0,0
CLI00975,Alta Renda,12,3,-1.89,3.0,3.0,0,ADV0013,0,0.1362,0.409,10.0,0.108,11.7,1,0,0
CLI00976,Private,85,3,14.37,3.0,23.733,0,ADV0029,0,0.1427,3.387,34.4,0.218,12.6,3,0,0
CLI00977,Alta Renda,136,5,10.18,3.0,14.573,0,ADV0002,0,0.1022,1.489,18.5,0.112,22.9,7,0,0
CLI00978,Private,114,8,5.84,6.0,27.208,1,ADV0024,0,0.102,2.775,6.3,0.12,7.3,0,0,0
CLI00979,Private,8,2,15.37,0.0,19.424,0,ADV0029,0,0.1427,2.772,16.9,0.051,3.8,7,0,0
CLI00980,Alta Renda,32,2,14.17,3.0,4.439,0,ADV0017,0,0.0868,0.385,20.0,0.198,25.9,3,0,0
CLI00981,Private,119,7,10.13,2.0,30.908,1,ADV0039,0,0.1042,3.221,32.1,-0.218,25.1,3,0,0
CLI00982,Alta Renda,112,8,6.66,2.816326530612245,4.714,0,ADV0005,0,0.154,0.726,42.1,0.007,10.1,3,0,0
CLI00983,Alta Renda,45,5,12.25,0.0,4.725,0,ADV0003,0,0.1,0.472,8.8,-0.057,52.0,1,0,0
CLI00984,Private,134,2,12.02,2.0,33.5,0,ADV0037,0,0.1863,6.241,42.3,-0.355,22.1,6,0,0
CLI00985,Private,13,8,15.38,3.0,17.534,0,ADV0024,0,0.102,1.788,13.1,0.202,6.9,5,0,0
CLI00986,Private,106,6,9.64,2.0,14.693,0,ADV0034,0,0.056,0.823,7.2,0.453,27.1,2,0,0
CLI00987,Alta Renda,129,8,16.52,0.0,7.233,0,ADV0021,0,0.1223,0.885,9.0,-0.192,22.5,2,0,0
CLI00988,Alta Renda,112,4,9.23,2.0,6.02,0,ADV0012,0,0.0662,0.399,19.2,0.212,0.4,6,0,0
CLI00989,Private,106,7,5.85,3.0,12.637,1,ADV0042,0,0.2352,2.972,12.2,-0.383,19.1,4,0,0
CLI00990,Private,9,6,,3.0,35.95,0,ADV0040,0,0.1452,5.22,10.1,0.029,6.0,7,1,0
CLI00991,Private,115,1,11.24,2.0,27.808,0,ADV0035,0,0.0652,1.813,16.6,0.332,12.6,4,0,0
CLI00992,Alta Renda,24,3,11.22,10.0,12.053,0,ADV0013,0,0.1362,1.642,34.3,-0.114,46.5,5,0,0
CLI00993,Private,37,7,12.88,3.0,26.631,0,ADV0029,0,0.1427,3.8,23.1,-0.003,23.5,4,0,0
CLI00994,Alta Renda,142,1,11.12,3.0,17.3,0,ADV0017,0,0.0868,1.502,13.5,-0.396,25.5,3,0,0
CLI00995,Alta Renda,17,3,15.6,1.0,4.818,1,ADV0004,0,0.1679,0.809,22.2,-0.236,54.7,5,0,0
CLI00996,Wealth,51,4,10.4,4.0,70.508,0,ADV0046,1,0.1543,10.879,15.5,-0.419,25.6,4,0,0
CLI00997,Alta Renda,124,8,3.12,2.0,4.179,1,ADV0006,0,0.1377,0.575,8.5,0.381,8.0,8,0,0
CLI00998,Wealth,21,2,10.99,1.0,73.998,0,ADV0048,0,0.1202,8.895,38.1,0.183,14.8,5,0,0
CLI00999,Alta Renda,134,6,3.07,2.0,5.253,0,ADV0021,0,0.1223,0.642,34.6,-0.049,22.8,6,0,0
CLI01000,Alta Renda,68,5,12.64,0.0,8.912,0,ADV0009,0,0.1144,1.02,12.4,0.063,22.4,2,0,0
CLI01001,Private,114,6,15.94,0.0,37.0,0,ADV0027,0,0.1397,5.169,9.2,-0.072,4.0,5,0,0
CLI01002,Wealth,124,4,7.36,4.0,120.25,1,ADV0045,0,0.0857,10.305,13.3,-0.034,48.9,4,0,0
CLI01003,Private,26,1,17.46,2.0,16.308,0,ADV0037,0,0.1863,3.038,20.0,0.028,6.6,3,0,0
CLI01004,Private,18,5,15.04,2.7857142857142856,14.732,1,ADV0041,1,0.1061,1.563,21.4,-0.71,57.9,4,0,0
CLI01005,Private,9,2,16.57,2.0,32.358,0,ADV0033,0,0.0642,2.077,6.8,0.207,23.2,5,0,0
CLI01006,Private,107,4,12.3,1.0,9.924,0,ADV0034,0,0.056,0.556,15.6,-0.086,22.0,4,0,0
CLI01007,Wealth,64,5,7.33,2.0,76.778,0,ADV0044,0,0.1616,12.407,22.6,-0.279,7.1,10,0,0
CLI01008,Alta Renda,133,4,14.78,2.606741573033708,6.566,0,ADV0012,0,0.0662,0.435,8.7,-0.097,9.3,7,0,0
CLI01009,Private,32,8,8.88,3.0,23.97,0,ADV0024,0,0.102,2.445,11.3,-0.418,38.4,3,0,0
CLI01010,Alta Renda,74,4,12.0,1.0,5.316,0,ADV0011,0,0.0656,0.349,11.2,-0.275,35.3,3,0,0
CLI01011,Family Office,30,2,10.78,2.0,346.413,0,ADV0049,0,0.1398,48.429,7.1,0.031,12.0,5,0,0
CLI01012,Wealth,136,7,16.22,3.0,258.189,0,ADV0047,0,0.1208,31.189,11.4,0.05,11.3,4,0,0
CLI01013,Alta Renda,102,3,14.57,2.0,3.43,1,ADV0001,0,0.0542,0.186,7.0,-0.236,23.1,4,0,0
CLI01014,Private,30,5,11.16,1.0,122.986,0,ADV0035,0,0.0652,8.019,10.8,0.001,27.2,6,0,0
CLI01015,Wealth,131,8,3.3,3.0,74.672,0,ADV0046,1,0.1543,11.522,10.9,-0.152,25.6,3,0,0
CLI01016,Alta Renda,138,2,8.83,6.0,3.0,0,ADV0009,0,0.1144,0.343,12.5,-0.012,17.4,5,0,0
CLI01017,Private,14,4,14.46,2.7857142857142856,12.467,0,ADV0028,0,0.1197,1.492,18.2,-0.096,14.9,3,0,0
CLI01018,Wealth,121,8,12.68,0.0,31.034,0,ADV0046,1,0.1543,4.789,4.6,-0.358,11.9,7,0,0
CLI01019,Alta Renda,139,2,5.19,2.0,4.028,0,ADV0001,0,0.0542,0.218,5.4,-0.17,54.9,4,0,0
CLI01020,Private,65,7,3.91,2.0,21.636,0,ADV0035,0,0.0652,1.411,7.0,0.196,4.4,3,0,0
CLI01021,Alta Renda,126,8,12.32,10.0,14.032,0,ADV0015,0,0.1504,2.11,4.2,0.349,10.2,3,0,0
CLI01022,Wealth,113,8,7.06,1.0,47.207,0,ADV0046,1,0.1543,7.284,19.6,0.143,16.6,3,0,0
CLI01023,Family Office,113,3,7.46,1.0,355.21,0,ADV0048,0,0.1202,42.696,8.4,0.34,3.7,5,0,0
CLI01024,Wealth,136,6,14.32,3.0,49.196,0,ADV0047,0,0.1208,5.943,12.8,0.019,8.9,5,0,0
CLI01025,Private,81,5,16.55,4.0,7.834,0,ADV0023,0,0.1145,0.897,6.5,0.383,46.1,8,0,0
CLI01026,Wealth,35,3,8.35,2.0,92.694,0,ADV0044,0,0.1616,14.979,9.9,0.452,24.5,10,0,0
CLI01027,Wealth,26,1,11.31,3.0,126.586,1,ADV0043,0,0.0608,7.696,21.0,-0.646,19.6,8,0,0
CLI01028,Alta Renda,39,5,11.19,3.0,8.897,0,ADV0016,0,0.1544,1.374,16.7,0.049,8.6,6,0,0
CLI01029,Private,46,3,10.81,1.0,24.336,0,ADV0043,0,0.0608,1.48,5.6,0.019,4.5,1,0,0
CLI01030,Alta Renda,56,4,11.67,0.0,6.3,0,ADV0001,0,0.0542,0.341,12.3,-0.093,9.8,6,0,0
CLI01031,Private,87,5,14.68,1.0,91.115,0,ADV0029,0,0.1427,13.002,6.6,0.108,19.5,2,0,0
CLI01032,Alta Renda,63,5,8.67,2.606741573033708,10.457,0,ADV0011,0,0.0656,0.686,12.0,0.009,17.3,3,0,0
CLI01033,Alta Renda,80,2,5.09,7.0,3.447,0,ADV0006,0,0.1377,0.475,7.9,-0.162,10.1,12,0,0
CLI01034,Alta Renda,28,4,18.6,4.0,7.222,1,ADV0003,0,0.1,0.722,44.7,-0.236,8.6,4,0,0
CLI01035,Private,133,1,16.08,6.0,37.053,0,ADV0035,0,0.0652,2.416,22.5,0.265,11.8,2,0,0
CLI01036,Alta Renda,22,6,6.86,4.0,3.0,0,ADV0017,0,0.0868,0.26,17.2,0.04,11.6,6,0,0
CLI01037,Private,74,8,12.07,2.0,19.374,1,ADV0036,0,0.2067,4.005,11.0,0.043,23.7,1,0,0
CLI01038,Alta Renda,113,7,15.74,1.0,8.467,0,ADV0003,0,0.1,0.847,22.9,-0.061,15.7,6,0,0
CLI01039,Alta Renda,99,3,14.65,2.0,8.074,0,ADV0016,0,0.1544,1.247,12.6,0.099,14.3,2,0,0
CLI01040,Private,20,2,13.44,5.0,103.653,0,ADV0027,0,0.1397,14.48,37.1,-0.266,28.7,7,0,0
CLI01041,Private,96,3,10.79,5.0,9.843,0,ADV0040,0,0.1452,1.429,24.4,-0.11,35.1,2,0,0
CLI01042,Alta Renda,38,1,18.75,2.0,8.18,0,ADV0016,0,0.1544,1.263,9.9,-0.023,17.2,10,0,0
CLI01043,Private,130,8,12.43,5.0,36.766,0,ADV0031,0,0.1595,5.864,34.4,-0.281,17.5,8,0,0
CLI01044,Wealth,21,1,9.34,2.963855421686747,113.915,0,ADV0045,0,0.0857,9.763,10.6,-0.183,12.4,5,0,0
CLI01045,Private,71,5,15.16,0.0,29.112,0,ADV0030,0,0.1175,3.421,41.0,0.069,7.0,3,0,0
CLI01046,Alta Renda,52,7,11.9,7.0,13.304,1,ADV0011,0,0.0656,0.873,38.1,-0.309,24.4,5,0,0
CLI01047,Alta Renda,129,1,12.97,2.0,10.726,0,ADV0001,0,0.0542,0.581,16.1,0.177,20.8,5,0,0
CLI01048,Wealth,6,3,12.35,5.0,148.424,0,ADV0045,0,0.0857,12.72,3.3,-0.132,13.1,2,0,0
CLI01049,Alta Renda,92,4,13.59,1.0,3.6,0,ADV0000,1,0.1134,0.408,15.3,0.013,15.7,4,0,0
CLI01050,Wealth,133,4,7.39,1.0,93.363,0,ADV0045,0,0.0857,8.001,5.1,-0.148,27.5,5,0,0
CLI01051,Private,72,5,5.41,1.0,24.143,0,ADV0026,0,0.1872,4.52,8.1,0.155,30.4,5,0,0
CLI01052,Wealth,9,6,,2.0,95.535,0,ADV0047,0,0.1208,11.541,8.6,0.262,1.2,4,1,0
CLI01053,Private,52,3,12.55,2.0,45.443,0,ADV0040,0,0.1452,6.598,5.1,0.106,8.4,4,0,0
CLI01054,Family Office,43,3,14.74,1.0,965.17,0,ADV0049,0,0.1398,134.931,15.3,0.233,13.1,2,0,0
CLI01055,Alta Renda,26,1,4.11,1.0,13.415,0,ADV0017,0,0.0868,1.164,7.3,0.007,5.8,1,0,0
CLI01056,Private,62,7,15.98,3.0,13.777,0,ADV0039,0,0.1042,1.436,11.0,0.177,16.0,4,0,0
CLI01057,Alta Renda,122,3,9.31,3.0,6.238,1,ADV0020,0,0.1143,0.713,9.9,0.136,10.5,6,0,0
CLI01058,Private,51,2,8.11,6.0,33.777,0,ADV0023,0,0.1145,3.867,18.3,-0.225,16.4,4,0,0
CLI01059,Private,44,6,11.23,5.0,31.299,0,ADV0031,0,0.1595,4.992,17.4,0.054,8.9,1,0,0
CLI01060,Wealth,142,1,7.39,2.963855421686747,343.501,0,ADV0045,0,0.0857,29.438,10.3,-0.219,9.2,3,0,0
CLI01061,Family Office,104,2,11.49,2.0,718.971,0,ADV0049,0,0.1398,100.512,18.9,0.515,16.3,5,0,0
CLI01062,Private,82,5,10.93,0.0,16.603,0,ADV0039,0,0.1042,1.73,28.7,-0.073,24.3,7,0,0
CLI01063,Alta Renda,120,4,15.95,2.816326530612245,3.0,0,ADV0021,0,0.1223,0.367,1.5,0.142,20.0,6,0,0
CLI01064,Alta Renda,139,5,17.86,2.816326530612245,6.594,0,ADV0021,0,0.1223,0.806,8.2,-0.003,13.1,2,0,0
CLI01065,Private,96,4,17.72,5.0,90.216,0,ADV0037,0,0.1863,16.807,6.0,-0.271,2.7,11,0,0
CLI01066,Alta Renda,103,5,1.99,2.0,9.992,0,ADV0011,0,0.0656,0.655,7.7,-0.418,9.0,6,0,0
CLI01067,Alta Renda,125,3,7.57,2.0,4.008,0,ADV0005,0,0.154,0.617,1.2,0.165,8.3,7,0,0
CLI01068,Alta Renda,51,2,1.95,2.6315789473684212,14.57,0,ADV0017,0,0.0868,1.265,1.5,0.341,21.6,3,0,0
CLI01069,Alta Renda,43,4,6.49,3.0,4.213,0,ADV0014,1,0.1786,0.752,8.8,-0.162,15.0,5,0,0
CLI01070,Alta Renda,105,1,8.77,4.0,5.373,0,ADV0015,0,0.1504,0.808,8.7,-0.364,15.3,4,0,0
CLI01071,Alta Renda,77,2,13.22,1.0,4.856,0,ADV0011,0,0.0656,0.319,31.3,-0.072,7.3,3,0,0
CLI01072,Alta Renda,40,1,9.32,7.0,3.0,0,ADV0001,0,0.0542,0.163,14.5,-0.206,31.2,5,0,0
CLI01073,Alta Renda,35,2,9.43,6.0,4.054,0,ADV0000,1,0.1134,0.46,18.6,-0.143,15.3,3,0,0
CLI01074,Family Office,83,2,12.26,3.380952380952381,217.655,0,ADV0049,0,0.1398,30.428,98.1,0.134,6.9,2,0,0
CLI01075,Alta Renda,89,5,4.32,2.0,4.732,0,ADV0021,0,0.1223,0.579,1.6,-0.011,7.3,5,0,0
CLI01076,Alta Renda,118,4,7.98,3.0,6.517,0,ADV0018,0,0.1071,0.698,37.5,-0.182,16.8,6,0,0
CLI01077,Private,30,4,9.39,4.0,25.106,0,ADV0034,0,0.056,1.406,12.6,0.129,6.7,5,0,0
CLI01078,Alta Renda,93,7,10.65,2.0,3.0,0,ADV0010,0,0.1446,0.434,9.4,0.147,8.4,7,0,0
CLI01079,Wealth,19,2,11.82,2.963855421686747,240.799,0,ADV0048,0,0.1202,28.944,8.3,-0.074,5.5,2,0,0
CLI01080,Private,107,3,17.8,1.0,25.765,0,ADV0040,0,0.1452,3.741,16.5,0.03,21.5,6,0,0
CLI01081,Alta Renda,88,3,15.32,4.0,10.381,1,ADV0004,0,0.1679,1.743,17.3,0.413,9.8,8,0,0
CLI01082,Alta Renda,115,1,8.27,6.0,10.325,0,ADV0021,0,0.1223,1.263,5.0,0.094,34.4,1,0,0
CLI01083,Wealth,136,1,10.4,3.0,143.434,0,ADV0045,0,0.0857,12.292,8.6,0.009,18.2,4,0,0
CLI01084,Wealth,24,5,10.12,3.0,199.6,0,ADV0047,0,0.1208,24.112,16.8,0.315,5.5,6,0,0
CLI01085,Private,33,2,9.34,2.7650602409638556,15.114,0,ADV0022,1,0.1452,2.195,20.8,0.128,19.9,5,0,0
CLI01086,Private,76,1,12.64,5.0,25.386,0,ADV0030,0,0.1175,2.983,39.9,-0.099,31.2,4,0,0
CLI01087,Alta Renda,68,1,3.69,2.0,13.406,0,ADV0008,0,0.1289,1.728,14.0,-0.098,12.7,2,0,0
CLI01088,Family Office,78,6,15.2,3.0,1079.815,0,ADV0049,0,0.1398,150.958,29.8,-0.123,33.5,5,0,0
CLI01089,Alta Renda,129,2,18.61,3.0,3.082,0,ADV0011,0,0.0656,0.202,11.3,0.139,18.4,4,0,0
CLI01090,Wealth,124,8,10.37,2.0,31.451,0,ADV0047,0,0.1208,3.799,12.5,-0.137,8.7,5,0,0
CLI01091,Private,126,5,10.28,1.0,113.642,0,ADV0032,0,0.1735,19.717,12.0,-0.093,46.6,6,0,0
CLI01092,Private,24,1,12.16,1.0,24.061,0,ADV0030,0,0.1175,2.827,15.2,0.233,4.4,4,0,0
CLI01093,Private,125,5,15.78,4.0,38.223,0,ADV0025,0,0.1058,4.044,23.3,0.042,10.6,6,0,0
CLI01094,Alta Renda,66,4,10.14,1.0,5.959,0,ADV0011,0,0.0656,0.391,9.2,0.264,13.1,3,0,0
CLI01095,Alta Renda,35,5,15.42,3.0,11.748,0,ADV0009,0,0.1144,1.344,6.3,0.176,41.8,6,0,0
CLI01096,Alta Renda,14,8,13.55,2.606741573033708,12.318,0,ADV0011,0,0.0656,0.808,24.5,-0.259,21.8,4,0,0
CLI01097,Alta Renda,69,3,21.42,1.0,15.789,0,ADV0009,0,0.1144,1.806,23.4,-0.022,19.5,1,0,0
CLI01098,Private,125,8,10.12,6.0,49.528,0,ADV0040,0,0.1452,7.191,32.8,0.218,7.7,5,0,0
CLI01099,Alta Renda,57,3,3.2,2.0,7.407,0,ADV0017,0,0.0868,0.643,8.1,-0.269,12.4,7,0,0
CLI01100,Alta Renda,94,5,5.48,4.0,6.788,0,ADV0002,0,0.1022,0.694,11.0,0.092,8.9,3,0,0
CLI01101,Family Office,58,3,11.55,4.0,508.733,0,ADV0048,0,0.1202,61.15,25.1,-0.009,19.1,2,0,0
CLI01102,Wealth,83,4,15.82,2.963855421686747,64.446,0,ADV0045,0,0.0857,5.523,9.1,-0.386,28.2,2,0,0
CLI01103,Wealth,46,2,8.76,2.0,83.059,0,ADV0047,0,0.1208,10.034,20.2,0.026,53.1,6,0,0
CLI01104,Family Office,73,3,10.53,8.0,1115.199,0,ADV0049,0,0.1398,155.905,11.3,-0.184,9.6,3,0,0
CLI01105,Alta Renda,13,3,14.38,3.0,3.0,0,ADV0009,0,0.1144,0.343,16.4,-0.257,4.3,6,0,0
CLI01106,Alta Renda,7,5,7.45,4.0,12.574,0,ADV0019,0,0.1791,2.252,4.9,0.002,10.8,6,0,0
CLI01107,Private,110,4,8.93,4.0,25.112,0,ADV0038,0,0.1127,2.83,13.9,-0.425,25.8,9,0,0
CLI01108,Private,130,7,6.6,5.0,21.899,1,ADV0035,0,0.0652,1.428,28.6,-0.182,7.7,4,0,0
CLI01109,Alta Renda,115,7,16.45,1.0,5.434,0,ADV0007,0,0.068,0.37,22.0,0.561,13.5,7,0,0
CLI01110,Private,91,7,17.98,3.0,37.172,0,ADV0041,1,0.1061,3.944,5.9,0.143,19.7,4,0,0
CLI01111,Alta Renda,125,7,4.87,2.0,7.132,0,ADV0011,0,0.0656,0.468,37.9,-0.194,9.8,5,0,0
CLI01112,Alta Renda,132,2,10.9,1.0,6.875,1,ADV0011,0,0.0656,0.451,27.3,0.256,17.5,4,0,0
CLI01113,Private,21,8,17.41,2.0,24.227,0,ADV0027,0,0.1397,3.385,5.1,-0.218,6.5,2,0,0
CLI01114,Private,67,5,13.17,2.0,22.945,0,ADV0029,0,0.1427,3.274,8.6,-0.122,29.4,3,0,0
CLI01115,Private,118,5,9.45,1.0,49.212,0,ADV0029,0,0.1427,7.023,5.3,-0.253,11.4,5,0,0
CLI01116,Alta Renda,17,6,5.01,7.0,3.0,0,ADV0004,0,0.1679,0.504,16.7,0.056,15.4,7,0,0
CLI01117,Wealth,40,4,16.34,2.963855421686747,64.941,0,ADV0045,0,0.0857,5.565,8.3,0.301,2.8,5,0,0
CLI01118,Alta Renda,16,7,13.01,1.0,4.48,0,ADV0013,0,0.1362,0.61,2.0,-0.22,5.8,6,0,0
CLI01119,Alta Renda,69,2,5.31,2.816326530612245,8.985,0,ADV0006,0,0.1377,1.237,12.4,-0.453,25.3,8,0,0
CLI01120,Wealth,55,4,16.5,2.963855421686747,40.276,0,ADV0045,0,0.0857,3.452,23.9,0.24,9.7,7,0,0
CLI01121,Wealth,74,7,4.78,2.963855421686747,144.58,0,ADV0048,0,0.1202,17.379,14.1,0.342,6.8,5,0,0
CLI01122,Wealth,53,2,10.57,6.0,270.756,0,ADV0044,0,0.1616,43.754,19.0,-0.439,4.0,7,0,0
CLI01123,Private,25,4,10.39,6.0,26.858,0,ADV0041,1,0.1061,2.85,15.1,0.101,29.1,2,0,0
CLI01124,Private,106,5,18.3,2.7650602409638556,57.983,0,ADV0032,0,0.1735,10.06,21.4,0.05,21.2,3,0,0
CLI01125,Private,142,5,10.4,7.0,26.497,0,ADV0027,0,0.1397,3.702,16.0,-0.173,20.3,3,0,0
CLI01126,Alta Renda,73,8,10.39,3.0,6.815,0,ADV0004,0,0.1679,1.144,11.9,-0.307,36.4,10,0,0
CLI01127,Alta Renda,40,1,5.78,2.0,9.024,1,ADV0020,0,0.1143,1.031,15.3,-0.078,20.3,4,0,0
CLI01128,Alta Renda,70,8,8.81,4.0,10.773,0,ADV0018,0,0.1071,1.154,33.6,0.039,4.3,3,0,0
CLI01129,Alta Renda,13,3,8.07,1.0,4.451,1,ADV0012,0,0.0662,0.295,28.5,-0.322,15.8,3,0,0
CLI01130,Private,50,8,8.29,1.0,12.704,0,ADV0036,0,0.2067,2.626,5.9,-0.137,40.7,9,0,0
CLI01131,Private,92,7,11.53,2.0,3.585,0,ADV0024,0,0.102,0.366,13.8,-0.176,14.2,1,0,0
CLI01132,Alta Renda,81,6,1.28,0.0,5.273,0,ADV0004,0,0.1679,0.885,16.5,-0.54,27.7,2,0,0
CLI01133,Alta Renda,81,4,5.16,2.816326530612245,6.477,0,ADV0010,0,0.1446,0.937,11.6,-0.05,4.4,4,0,0
CLI01134,Private,52,6,11.03,3.0,9.294,0,ADV0034,0,0.056,0.52,2.0,0.317,7.6,2,0,0
CLI01135,Alta Renda,20,1,12.01,4.0,10.712,0,ADV0003,0,0.1,1.071,6.4,-0.196,24.3,3,0,0
CLI01136,Wealth,110,3,10.52,2.0,109.088,0,ADV0044,0,0.1616,17.629,9.5,-0.335,15.2,5,0,0
CLI01137,Private,31,4,11.33,1.0,10.305,1,ADV0024,0,0.102,1.051,41.0,-0.055,26.9,3,0,0
CLI01138,Private,57,2,9.78,0.0,32.856,0,ADV0023,0,0.1145,3.762,18.3,0.136,27.5,6,0,0
CLI01139,Private,98,7,11.42,4.0,15.633,0,ADV0029,0,0.1427,2.231,3.2,-0.129,24.1,7,0,0
CLI01140,Private,26,3,13.32,0.0,8.565,0,ADV0042,0,0.2352,2.014,12.2,-0.077,15.5,6,0,0
CLI01141,Alta Renda,56,5,13.29,3.0,6.154,0,ADV0017,0,0.0868,0.534,30.3,0.058,1.3,5,0,0
CLI01142,Private,43,1,8.61,4.0,25.885,0,ADV0034,0,0.056,1.45,8.2,-0.034,13.6,3,0,0
CLI01143,Private,25,3,15.34,2.0,14.63,0,ADV0028,0,0.1197,1.751,25.7,0.22,18.0,8,0,0
CLI01144,Alta Renda,137,7,12.16,0.0,3.0,0,ADV0013,0,0.1362,0.409,3.3,0.536,2.9,5,0,0
CLI01145,Wealth,60,8,16.68,2.963855421686747,167.637,0,ADV0045,0,0.0857,14.366,0.4,-0.376,17.6,3,0,0
CLI01146,Private,97,3,17.52,2.7650602409638556,36.968,0,ADV0040,0,0.1452,5.368,28.2,0.271,28.3,7,0,0
CLI01147,Private,33,8,5.44,4.0,36.422,0,ADV0033,0,0.0642,2.338,9.1,0.023,13.6,2,0,0
CLI01148,Wealth,9,7,,0.0,107.0,0,ADV0044,0,0.1616,17.291,9.7,0.305,6.2,8,1,0
CLI01149,Wealth,81,5,14.92,2.0,82.551,0,ADV0045,0,0.0857,7.075,15.0,0.159,1.5,7,0,0
CLI01150,Private,72,4,4.51,3.0,38.809,0,ADV0035,0,0.0652,2.53,17.9,0.013,17.9,4,0,0
CLI01151,Wealth,91,2,17.46,3.0,199.928,0,ADV0043,0,0.0608,12.156,0.8,0.167,3.3,5,0,0
CLI01152,Private,96,5,10.06,2.0,6.033,0,ADV0035,0,0.0652,0.393,7.7,-0.087,20.2,3,0,0
CLI01153,Private,110,8,13.92,1.0,28.773,0,ADV0034,0,0.056,1.611,13.6,-0.17,39.5,4,0,0
CLI01154,Private,6,8,11.01,0.0,26.033,0,ADV0031,0,0.1595,4.152,17.8,0.178,7.9,5,0,0
CLI01155,Private,77,2,5.65,2.0,13.453,0,ADV0038,0,0.1127,1.516,5.9,-0.186,11.6,4,0,0
CLI01156,Alta Renda,92,4,15.93,3.0,6.277,0,ADV0008,0,0.1289,0.809,11.2,0.141,40.9,3,0,0
CLI01157,Wealth,11,3,,4.0,43.474,1,ADV0045,0,0.0857,3.726,10.2,-0.579,17.6,4,1,0
CLI01158,Wealth,66,2,9.34,4.0,32.762,0,ADV0045,0,0.0857,2.808,15.3,-0.512,9.8,2,0,0
CLI01159,Alta Renda,17,1,10.15,1.0,10.477,0,ADV0001,0,0.0542,0.568,27.6,-0.126,25.8,4,0,0
CLI01160,Private,11,1,0.37,0.0,7.766,0,ADV0042,0,0.2352,1.827,10.1,0.074,10.2,5,0,0
CLI01161,Alta Renda,32,7,17.18,3.0,14.765,0,ADV0006,0,0.1377,2.033,3.8,-0.089,7.5,6,0,0
CLI01162,Alta Renda,141,5,15.33,4.0,8.168,0,ADV0017,0,0.0868,0.709,7.4,-0.56,20.0,8,0,0
CLI01163,Private,129,8,4.22,0.0,26.232,0,ADV0038,0,0.1127,2.956,37.7,0.291,27.1,4,0,0
CLI01164,Alta Renda,111,4,2.83,1.0,3.091,0,ADV0008,0,0.1289,0.398,6.5,0.037,7.5,5,0,0
CLI01165,Private,98,7,3.31,4.0,53.02,0,ADV0042,0,0.2352,12.47,4.6,0.098,15.6,6,0,0
CLI01166,Wealth,114,5,14.21,2.0,43.077,0,ADV0043,0,0.0608,2.619,9.6,-0.104,11.9,2,0,0
CLI01167,Private,104,5,14.63,5.0,5.949,0,ADV0025,0,0.1058,0.629,12.2,0.117,13.3,8,0,0
CLI01168,Alta Renda,40,7,7.62,2.6315789473684212,5.598,0,ADV0000,1,0.1134,0.635,8.6,0.404,6.2,4,0,0
CLI01169,Alta Renda,89,6,13.6,2.816326530612245,9.09,0,ADV0014,1,0.1786,1.623,3.3,-0.162,21.0,3,0,0
CLI01170,Private,61,5,12.17,4.0,16.991,0,ADV0031,0,0.1595,2.71,16.4,0.367,34.3,10,0,0
CLI01171,Family Office,54,6,9.96,4.0,319.468,0,ADV0049,0,0.1398,44.662,15.3,0.088,7.3,3,0,0
CLI01172,Private,51,1,15.57,5.0,30.299,0,ADV0031,0,0.1595,4.833,20.9,-0.191,21.0,6,0,0
CLI01173,Alta Renda,118,1,6.44,1.0,11.272,0,ADV0012,0,0.0662,0.746,15.1,0.487,25.4,3,0,0
CLI01174,Private,141,5,16.32,1.0,54.99,0,ADV0031,0,0.1595,8.771,35.7,0.086,15.5,3,0,0
CLI01175,Private,48,1,8.44,2.0,23.215,0,ADV0027,0,0.1397,3.243,22.0,0.149,20.4,4,0,0
CLI01176,Private,129,4,18.98,2.0,89.193,0,ADV0040,0,0.1452,12.951,19.1,-0.059,8.0,6,0,0
CLI01177,Alta Renda,102,6,7.28,2.0,9.252,0,ADV0005,0,0.154,1.425,28.2,-0.175,33.2,3,0,0
CLI01178,Private,95,6,10.02,3.0,9.535,0,ADV0039,0,0.1042,0.994,14.5,0.037,27.2,3,0,0
CLI01179,Private,44,5,11.75,1.0,8.348,0,ADV0027,0,0.1397,1.166,11.4,0.348,29.2,6,0,0
CLI01180,Family Office,90,1,11.72,4.0,340.015,1,ADV0048,0,0.1202,40.87,16.8,-0.437,6.6,6,0,0
CLI01181,Alta Renda,67,2,13.56,2.0,6.095,0,ADV0017,0,0.0868,0.529,1.9,-0.006,18.8,2,0,0
CLI01182,Private,111,8,6.1,0.0,51.565,0,ADV0031,0,0.1595,8.225,14.5,0.32,8.5,2,0,0
CLI01183,Wealth,112,7,11.34,2.963855421686747,191.581,0,ADV0047,0,0.1208,23.143,12.2,-0.066,34.9,2,0,0
CLI01184,Alta Renda,59,7,12.08,2.816326530612245,11.224,1,ADV0005,0,0.154,1.728,18.3,-0.344,13.8,7,0,0
CLI01185,Wealth,131,6,9.28,3.0,116.416,0,ADV0047,0,0.1208,14.063,25.8,0.193,15.9,2,0,0
CLI01186,Private,14,5,13.2,2.0,6.838,0,ADV0034,0,0.056,0.383,19.5,-0.043,2.2,4,0,0
CLI01187,Alta Renda,93,5,5.85,3.0,4.921,0,ADV0003,0,0.1,0.492,7.4,0.068,15.9,5,0,0
CLI01188,Alta Renda,42,4,10.13,2.0,7.748,0,ADV0015,0,0.1504,1.165,23.1,0.145,5.4,4,0,0
CLI01189,Private,54,3,8.34,1.0,36.934,0,ADV0035,0,0.0652,2.408,36.0,-0.088,19.4,5,0,0
CLI01190,Alta Renda,46,8,10.14,1.0,10.573,0,ADV0003,0,0.1,1.057,26.2,0.179,12.2,5,0,0
CLI01191,Private,22,3,17.58,4.0,23.464,0,ADV0029,0,0.1427,3.348,4.2,-0.12,10.4,8,0,0
CLI01192,Alta Renda,93,6,17.66,3.0,9.612,0,ADV0017,0,0.0868,0.834,19.3,-0.149,35.5,4,0,0
CLI01193,Private,26,7,16.84,2.7650602409638556,16.307,0,ADV0031,0,0.1595,2.601,4.8,-0.336,48.6,3,0,0
CLI01194,Alta Renda,56,4,9.56,4.0,9.732,0,ADV0002,0,0.1022,0.995,10.5,-0.111,4.1,4,0,0
CLI01195,Wealth,64,4,15.31,2.0,140.503,0,ADV0045,0,0.0857,12.041,17.2,-0.179,10.6,6,0,0
CLI01196,Family Office,46,4,11.97,4.0,775.239,0,ADV0048,0,0.1202,93.184,15.6,-0.088,23.2,7,0,0
CLI01197,Family Office,44,6,11.69,4.0,301.705,0,ADV0048,0,0.1202,36.265,25.9,0.135,17.4,6,0,0
CLI01198,Private,16,3,11.18,4.0,21.676,0,ADV0038,0,0.1127,2.443,36.2,-0.38,22.4,2,0,0
CLI01199,Alta Renda,82,7,18.89,2.816326530612245,9.598,0,ADV0006,0,0.1377,1.322,18.3,-0.434,12.8,5,0,0
