modelo,acuracia,f1_macro,f1_churn,roc_auc
Dummy (baseline),0.7166666666666667,0.5502149707860214,0.2765957446808511,0.5494791666666666
Logistic Regression,0.5083333333333333,0.4800235017626322,0.358695652173913,0.5857204861111112
Decision Tree,0.4791666666666667,0.4678492239467849,0.3902439024390244,0.6140407986111112
Random Forest,0.7916666666666666,0.4608195542774982,0.038461538461538464,0.6172417534722222
Gradient Boosting,0.8,0.5673076923076923,0.25,0.6431206597222222
