feature,importance
saldo_bi,0.24307518509369544
intensidade_rel,0.18036125412693896
meses_cliente,0.16337881269908835
segmento_enc,0.09025552756686137
retorno_12m_pct,0.08803998193905768
retorno_relativo,0.08713347151930961
engajamento_score,0.06820357180931783
freq_contato_mes,0.04874362630824282
qtd_produtos,0.030424391605135544
flag_risco,0.0003841773323526346
