feature,mean_abs_shap
segmento_enc,0.6998466226587042
saldo_bi,0.31954444583112573
meses_cliente,0.2737096512843479
intensidade_rel,0.261183249107416
engajamento_score,0.1662445297142144
retorno_12m_pct,0.1392556996644315
retorno_relativo,0.12605064304727706
freq_contato_mes,0.07831540985202322
qtd_produtos,0.049301968634951114
flag_risco,0.00039599061951614626
